{
    "providers": [
        {
            "type": "bitmap",
            "file": "minecraft:font/map.png",
            "ascent": 7,
            "height": 7,
            "chars": [
                    "\u00FF"
                ]
        },
        {
            "type": "bitmap",
            "file": "minecraft:font/discord.png",
            "ascent": 7,
            "height": 7,
            "chars": [
                    "\u00FE"
                ]
        },
        {
            "type": "bitmap",
            "file": "minecraft:font/vk.png",
            "ascent": 7,
            "height": 7,
            "chars": [
                    "\u00EF"
                ]
        },
        {
            "type": "bitmap",
            "file": "minecraft:font/admin.png",
            "ascent": 8,
            "height": 9,
            "chars": [
                    "\u00F9"
                ]
        },
        {
            "type": "bitmap",
            "file": "minecraft:font/texadmin.png",
            "ascent": 8,
            "height": 9,
            "chars": [
                    "\u00F8"
                ]
        },
        {
            "type": "bitmap",
            "file": "minecraft:font/owner.png",
            "ascent": 8,
            "height": 9,
            "chars": [
                    "\u00C1"
                ]
        },
        {
            "type": "bitmap",
            "file": "minecraft:font/leto.png",
            "ascent": 9,
            "height": 10,
            "chars": [
                    "\u0179"
                ]
        },
        {
            "type": "bitmap",
            "file": "minecraft:font/zima.png",
            "ascent": 9,
            "height": 10,
            "chars": [
                    "\u0177"
                ]
        },
        {
            "type": "bitmap",
            "file": "minecraft:font/vecna.png",
            "ascent": 9,
            "height": 10,
            "chars": [
                    "\u0174"
                ]
        },
        {
            "type": "bitmap",
            "file": "minecraft:font/ocehj.png",
            "ascent": 9,
            "height": 10,
            "chars": [
                    "\u015C"
                ]
        },
        {
            "type": "bitmap",
            "file": "minecraft:font/moder.png",
            "ascent": 8,
            "height": 9,
            "chars": [
                    "\u0210"
                ]
        },
        {
            "type": "bitmap",
            "file": "minecraft:font/platinum.png",
            "ascent": 8,
            "height": 9,
            "chars": [
                    "\u0494"
                ]
        },
        {
            "type": "bitmap",
            "file": "minecraft:font/ruby.png",
            "ascent": 8,
            "height": 9,
            "chars": [
                    "\u0492"
                ]
        },
        {
            "type": "bitmap",
            "file": "minecraft:font/gold.png",
            "ascent": 8,
            "height": 9,
            "chars": [
                    "\u0490"
                ]
        },
        {
            "type": "bitmap",
            "file": "minecraft:font/local.png",
            "ascent": 9,
            "height": 10,
            "chars": [
                    "\u023D"
                ]
        },
        {
            "type": "bitmap",
            "file": "minecraft:font/global.png",
            "ascent": 9,
            "height": 10,
            "chars": [
                    "\u00C2"
                ]
        }
    ]
}