{
    "bulletmauser": {
        "replace": false,
        "sounds": [
            "bulletmauser"
        ]
    },
    "bulletbig": {
        "replace": false,
        "sounds": [
            "bulletbig"
        ]
    },
    "reloadbullet": {
        "replace": false,
        "sounds": [
            "reloadbullet"
        ]
    },
    "bulletmedium": {
        "replace": false,
        "sounds": [
            "bulletmedium"
        ]
    },
    "reloadslide": {
        "replace": false,
        "sounds": [
            "reloadslide"
        ]
    },
    "bulletsmall": {
        "replace": false,
        "sounds": [
            "bulletsmall"
        ]
    },
    "reloadmagclick": {
        "replace": false,
        "sounds": [
            "reloadmagclick"
        ]               
    },
    "reloadbolt": {
        "replace": false,
        "sounds": [
            "reloadbolt"
        ]                   
    },
    "reloadshell": {
        "replace": false,
        "sounds": [
            "reloadshell"
        ]               
    },
    "reloadshotgun": {
        "replace": false,
        "sounds": [
            "reloadshotgun"
        ]               
    },
    "reloadmagout": {
        "replace": false,
        "sounds": [
            "reloadmagout"
        ]               
    },
    "bulletshotgun": {
        "replace": false,
        "sounds": [
            "bulletshotgun"
        ]               
    },
    "reloadmagin": {
        "replace": false,
        "sounds": [
            "reloadmagin"
        ]
   },
    "cccp": {
        "replace": false,
        "sounds": [
            "cccp"
        ]
   },
    "ctpawno": {
        "replace": false,
        "sounds": [
            "ctpawno"
        ]
   },
    "cupena": {
        "replace": false,
        "sounds": [
            "cupena"
        ]
   },
    "ekwen": {
        "replace": false,
        "sounds": [
            "ekwen"
        ]
   },
    "hearthzvuk": {
        "replace": false,
        "sounds": [
            "hearthzvuk"
        ]
   },
    "nabor": {
        "replace": false,
        "sounds": [
            "nabor"
        ]
   },
    "pomexu": {
        "replace": false,
        "sounds": [
            "pomexu"
        ]
   },
    "zvukscremer": {
        "replace": false,
        "sounds": [
            "zvukscremer"
        ]
   },
    "vedma": {
        "replace": false,
        "sounds": [
            "vedma"
        ]
   },
    "scremeraa": {
        "replace": false,
        "sounds": [
            "scremeraa"
        ]
   },
    "scary": {
        "replace": false,
        "sounds": [
            "scary"
        ]                                                                             
    }   
}