{
  "sources": [
    {
      "type": "directory",
      "source": "environment",
      "prefix": "environment/"
    },
    {
      "type": "directory",
      "source": "font",
      "prefix": "font/"
    },
    {
      "type": "directory",
      "source": "gui",
      "prefix": "gui/"
    },
    {
      "type": "directory",
      "source": "item",
      "prefix": "item/"
    },
    {
      "type": "directory",
      "source": "items",
      "prefix": "items/"
    },
    {
      "type": "directory",
      "source": "particle",
      "prefix": "particle/"
    }
  ]
}