{
	"credit": "Made with Blockbench",
	"textures": {
		"0": "items/archer"
	},
	"elements": [
		{
			"name": "hull",
			"from": [2.4197, 2.57945, -1.06145],
			"to": [14.2567, 4.27045, 23.28895],
			"rotation": {"angle": 0, "axis": "y", "origin": [8.3382, 5.79235, 9.55145]},
			"faces": {
				"north": {"uv": [2.25, 4.71875, 3.34375, 4.875], "texture": "#0"},
				"east": {"uv": [0, 4.71875, 2.25, 4.875], "texture": "#0"},
				"south": {"uv": [5.59375, 4.71875, 6.6875, 4.875], "texture": "#0"},
				"west": {"uv": [3.34375, 4.71875, 5.59375, 4.875], "texture": "#0"},
				"up": {"uv": [3.34375, 4.71875, 2.25, 2.46875], "texture": "#0"},
				"down": {"uv": [4.4375, 2.46875, 3.34375, 4.71875], "texture": "#0"}
			}
		},
		{
			"name": "hull",
			"from": [2.4197, 10.20143, 17.27218],
			"to": [14.2567, 12.23063, 21.66878],
			"rotation": {"angle": 45, "axis": "x", "origin": [8.3382, 5.79235, 9.55145]},
			"faces": {
				"north": {"uv": [3.9375, 7.5625, 5.03125, 7.75], "texture": "#0"},
				"east": {"uv": [3.53125, 7.5625, 3.9375, 7.75], "texture": "#0"},
				"south": {"uv": [5.4375, 7.5625, 6.53125, 7.75], "texture": "#0"},
				"west": {"uv": [5.03125, 7.5625, 5.4375, 7.75], "texture": "#0"},
				"up": {"uv": [5.03125, 7.5625, 3.9375, 7.15625], "texture": "#0"},
				"down": {"uv": [6.125, 7.15625, 5.03125, 7.5625], "texture": "#0"}
			}
		},
		{
			"name": "hull",
			"from": [2.4197, 4.27045, 9.76095],
			"to": [14.2567, 6.63785, 19.56875],
			"rotation": {"angle": 0, "axis": "y", "origin": [8.3382, 5.79235, 9.55145]},
			"faces": {
				"north": {"uv": [0.90625, 8.15625, 2, 8.375], "texture": "#0"},
				"east": {"uv": [0, 8.15625, 0.90625, 8.375], "texture": "#0"},
				"south": {"uv": [2.90625, 8.15625, 4, 8.375], "texture": "#0"},
				"west": {"uv": [2, 8.15625, 2.90625, 8.375], "texture": "#0"},
				"up": {"uv": [2, 8.15625, 0.90625, 7.25], "texture": "#0"},
				"down": {"uv": [3.09375, 7.25, 2, 8.15625], "texture": "#0"}
			}
		},
		{
			"name": "hull",
			"from": [3.4343, 4.60865, 19.56875],
			"to": [13.2421, 6.63785, 22.27435],
			"rotation": {"angle": 0, "axis": "y", "origin": [8.3382, 5.79235, 9.55145]},
			"faces": {
				"north": {"uv": [7.5, 4.5, 8.40625, 4.6875], "texture": "#0"},
				"east": {"uv": [7.25, 4.5, 7.5, 4.6875], "texture": "#0"},
				"south": {"uv": [8.65625, 4.5, 9.5625, 4.6875], "texture": "#0"},
				"west": {"uv": [8.40625, 4.5, 8.65625, 4.6875], "texture": "#0"},
				"up": {"uv": [8.40625, 4.5, 7.5, 4.25], "texture": "#0"},
				"down": {"uv": [9.3125, 4.25, 8.40625, 4.5], "texture": "#0"}
			}
		},
		{
			"name": "hull",
			"from": [0.0523, 4.27045, 9.08455],
			"to": [2.4197, 5.62325, 15.17215],
			"rotation": {"angle": 0, "axis": "y", "origin": [8.3382, 5.79235, 9.55145]},
			"faces": {
				"north": {"uv": [4.46875, 0.9375, 4.6875, 1.0625], "texture": "#0"},
				"east": {"uv": [5.46875, 0.9375, 6.03125, 1.0625], "texture": "#0"},
				"south": {"uv": [5.25, 0.9375, 5.46875, 1.0625], "texture": "#0"},
				"west": {"uv": [4.6875, 0.9375, 5.25, 1.0625], "texture": "#0"},
				"up": {"uv": [5.25, 0.9375, 4.6875, 0.71875], "rotation": 270, "texture": "#0"},
				"down": {"uv": [5.8125, 0.71875, 5.25, 0.9375], "rotation": 90, "texture": "#0"}
			}
		},
		{
			"name": "hull",
			"from": [14.2567, 4.27045, 9.08455],
			"to": [16.6241, 5.62325, 15.17215],
			"rotation": {"angle": 0, "axis": "y", "origin": [15.4404, 4.94685, 12.12835]},
			"faces": {
				"north": {"uv": [4.4375, 4.5625, 4.65625, 4.6875], "texture": "#0"},
				"east": {"uv": [5.4375, 4.5625, 6, 4.6875], "texture": "#0"},
				"south": {"uv": [5.21875, 4.5625, 5.4375, 4.6875], "texture": "#0"},
				"west": {"uv": [4.65625, 4.5625, 5.21875, 4.6875], "texture": "#0"},
				"up": {"uv": [5.21875, 4.5625, 4.65625, 4.34375], "rotation": 270, "texture": "#0"},
				"down": {"uv": [5.78125, 4.34375, 5.21875, 4.5625], "rotation": 90, "texture": "#0"}
			}
		},
		{
			"name": "hull",
			"from": [1.7433, 4.27045, 2.32055],
			"to": [3.0961, 5.62325, 8.40815],
			"rotation": {"angle": 0, "axis": "y", "origin": [2.4197, 4.94685, 5.36435]},
			"faces": {
				"north": {"uv": [0, 2.09375, 0.125, 2.21875], "texture": "#0"},
				"east": {"uv": [0.8125, 2.09375, 1.375, 2.21875], "texture": "#0"},
				"south": {"uv": [0.6875, 2.09375, 0.8125, 2.21875], "texture": "#0"},
				"west": {"uv": [0.125, 2.09375, 0.6875, 2.21875], "texture": "#0"},
				"up": {"uv": [0.6875, 2.09375, 0.125, 1.96875], "rotation": 270, "texture": "#0"},
				"down": {"uv": [1.25, 1.96875, 0.6875, 2.09375], "rotation": 90, "texture": "#0"}
			}
		},
		{
			"name": "hull",
			"from": [13.2421, 4.27045, 2.32055],
			"to": [16.6241, 5.96145, 9.08455],
			"rotation": {"angle": 0, "axis": "y", "origin": [14.9331, 5.11595, 5.70255]},
			"faces": {
				"north": {"uv": [0, 1.46875, 0.3125, 1.625], "texture": "#0"},
				"east": {"uv": [1.25, 1.46875, 1.875, 1.625], "texture": "#0"},
				"south": {"uv": [0.9375, 1.46875, 1.25, 1.625], "texture": "#0"},
				"west": {"uv": [0.3125, 1.46875, 0.9375, 1.625], "texture": "#0"},
				"up": {"uv": [0.9375, 1.46875, 0.3125, 1.15625], "rotation": 270, "texture": "#0"},
				"down": {"uv": [1.5625, 1.15625, 0.9375, 1.46875], "rotation": 90, "texture": "#0"}
			}
		},
		{
			"name": "hull",
			"from": [12.9039, 2.57945, -4.10525],
			"to": [13.9185, 3.59405, -2.75245],
			"rotation": {"angle": 0, "axis": "y", "origin": [13.4112, 3.08675, -3.42885]},
			"faces": {
				"north": {"uv": [4.59375, 1.40625, 4.6875, 1.5], "texture": "#0"},
				"east": {"uv": [4.46875, 1.40625, 4.59375, 1.5], "texture": "#0"},
				"south": {"uv": [4.8125, 1.40625, 4.90625, 1.5], "texture": "#0"},
				"west": {"uv": [4.6875, 1.40625, 4.8125, 1.5], "texture": "#0"},
				"up": {"uv": [4.6875, 1.40625, 4.59375, 1.28125], "texture": "#0"},
				"down": {"uv": [4.78125, 1.28125, 4.6875, 1.40625], "texture": "#0"}
			}
		},
		{
			"name": "hull",
			"from": [2.7579, 2.57945, -4.10525],
			"to": [3.7725, 3.59405, -2.75245],
			"rotation": {"angle": 0, "axis": "y", "origin": [3.2652, 3.08675, -3.42885]},
			"faces": {
				"north": {"uv": [4.59375, 1.1875, 4.6875, 1.28125], "texture": "#0"},
				"east": {"uv": [4.46875, 1.1875, 4.59375, 1.28125], "texture": "#0"},
				"south": {"uv": [4.8125, 1.1875, 4.90625, 1.28125], "texture": "#0"},
				"west": {"uv": [4.6875, 1.1875, 4.8125, 1.28125], "texture": "#0"},
				"up": {"uv": [4.6875, 1.1875, 4.59375, 1.0625], "texture": "#0"},
				"down": {"uv": [4.78125, 1.0625, 4.6875, 1.1875], "texture": "#0"}
			}
		},
		{
			"name": "hull",
			"from": [10.5365, 4.27045, 1.64415],
			"to": [12.5657, 7.65245, 6.04075],
			"rotation": {"angle": 0, "axis": "y", "origin": [11.5511, 5.96145, 3.84245]},
			"faces": {
				"north": {"uv": [4.875, 0.40625, 5.0625, 0.71875], "texture": "#0"},
				"east": {"uv": [4.46875, 0.40625, 4.875, 0.71875], "texture": "#0"},
				"south": {"uv": [5.46875, 0.40625, 5.65625, 0.71875], "texture": "#0"},
				"west": {"uv": [5.0625, 0.40625, 5.46875, 0.71875], "texture": "#0"},
				"up": {"uv": [5.0625, 0.40625, 4.875, 0], "texture": "#0"},
				"down": {"uv": [5.25, 0, 5.0625, 0.40625], "texture": "#0"}
			}
		},
		{
			"name": "hull",
			"from": [3.7725, 4.27045, 2.99695],
			"to": [5.4635, 6.97605, 6.37895],
			"rotation": {"angle": 0, "axis": "y", "origin": [4.618, 5.62325, 4.68795]},
			"faces": {
				"north": {"uv": [5.25, 0.15625, 5.40625, 0.40625], "texture": "#0"},
				"east": {"uv": [5.875, 0.15625, 6.1875, 0.40625], "texture": "#0"},
				"south": {"uv": [5.71875, 0.15625, 5.875, 0.40625], "texture": "#0"},
				"west": {"uv": [5.40625, 0.15625, 5.71875, 0.40625], "texture": "#0"},
				"up": {"uv": [5.71875, 0.15625, 5.40625, 0], "rotation": 270, "texture": "#0"},
				"down": {"uv": [6.03125, 0, 5.71875, 0.15625], "rotation": 90, "texture": "#0"}
			}
		},
		{
			"name": "hull",
			"from": [3.7725, 9.00525, 4.01155],
			"to": [4.7871, 11.03445, 6.71715],
			"rotation": {"angle": 0, "axis": "y", "origin": [4.2798, 10.01985, 5.36435]},
			"faces": {
				"north": {"uv": [1.5625, 1.25, 1.65625, 1.4375], "texture": "#0"},
				"east": {"uv": [2, 1.25, 2.25, 1.4375], "texture": "#0"},
				"south": {"uv": [1.90625, 1.25, 2, 1.4375], "texture": "#0"},
				"west": {"uv": [1.65625, 1.25, 1.90625, 1.4375], "texture": "#0"},
				"up": {"uv": [1.90625, 1.25, 1.65625, 1.15625], "rotation": 270, "texture": "#0"},
				"down": {"uv": [2.15625, 1.15625, 1.90625, 1.25], "rotation": 90, "texture": "#0"}
			}
		},
		{
			"name": "hull",
			"from": [3.01404, 4.24754, 6.79649],
			"to": [4.02864, 8.64414, 9.84029],
			"rotation": {"angle": 0, "axis": "y", "origin": [3.52134, 6.44584, 8.31839]},
			"faces": {
				"north": {"uv": [5.8125, 0.5, 5.90625, 0.90625], "texture": "#0"},
				"east": {"uv": [6.28125, 0.5, 6.5625, 0.90625], "texture": "#0"},
				"south": {"uv": [6.1875, 0.5, 6.28125, 0.90625], "texture": "#0"},
				"west": {"uv": [5.90625, 0.5, 6.1875, 0.90625], "texture": "#0"},
				"up": {"uv": [6.1875, 0.5, 5.90625, 0.40625], "rotation": 270, "texture": "#0"},
				"down": {"uv": [6.46875, 0.40625, 6.1875, 0.5], "rotation": 90, "texture": "#0"}
			}
		},
		{
			"name": "hull",
			"from": [12.48364, 4.24754, 6.79649],
			"to": [13.49824, 8.64414, 9.84029],
			"rotation": {"angle": 0, "axis": "y", "origin": [12.99094, 6.44584, 8.31839]},
			"faces": {
				"north": {"uv": [0, 5.8125, 0.09375, 6.21875], "texture": "#0"},
				"east": {"uv": [0.46875, 5.8125, 0.75, 6.21875], "texture": "#0"},
				"south": {"uv": [0.375, 5.8125, 0.46875, 6.21875], "texture": "#0"},
				"west": {"uv": [0.09375, 5.8125, 0.375, 6.21875], "texture": "#0"},
				"up": {"uv": [0.375, 5.8125, 0.09375, 5.71875], "rotation": 270, "texture": "#0"},
				"down": {"uv": [0.65625, 5.71875, 0.375, 5.8125], "rotation": 90, "texture": "#0"}
			}
		},
		{
			"name": "hull",
			"from": [2.4197, 0.55025, -4.10525],
			"to": [14.2567, 2.57945, 20.58335],
			"rotation": {"angle": 0, "axis": "y", "origin": [8.3382, 1.56485, 8.23905]},
			"faces": {
				"north": {"uv": [2.28125, 2.28125, 3.375, 2.46875], "texture": "#0"},
				"east": {"uv": [0, 2.28125, 2.28125, 2.46875], "texture": "#0"},
				"south": {"uv": [5.65625, 2.28125, 6.75, 2.46875], "texture": "#0"},
				"west": {"uv": [3.375, 2.28125, 5.65625, 2.46875], "texture": "#0"},
				"up": {"uv": [3.375, 2.28125, 2.28125, 0], "texture": "#0"},
				"down": {"uv": [4.46875, 0, 3.375, 2.28125], "texture": "#0"}
			}
		},
		{
			"name": "hull",
			"from": [2.4197, 1.45663, 19.7278],
			"to": [14.2567, 3.14763, 23.1098],
			"rotation": {"angle": -45, "axis": "x", "origin": [8.3382, 2.30213, 21.4188]},
			"faces": {
				"north": {"uv": [7.5625, 4.09375, 8.65625, 4.25], "texture": "#0"},
				"east": {"uv": [7.25, 4.09375, 7.5625, 4.25], "texture": "#0"},
				"south": {"uv": [8.96875, 4.09375, 10.0625, 4.25], "texture": "#0"},
				"west": {"uv": [8.65625, 4.09375, 8.96875, 4.25], "texture": "#0"},
				"up": {"uv": [8.65625, 4.09375, 7.5625, 3.78125], "texture": "#0"},
				"down": {"uv": [9.75, 3.78125, 8.65625, 4.09375], "texture": "#0"}
			}
		},
		{
			"name": "hull",
			"from": [4.4489, 1.42361, -1.70419],
			"to": [12.0584, 12.24601, -0.01319],
			"rotation": {"angle": 22.5, "axis": "x", "origin": [8.25365, 6.83481, -0.85869]},
			"faces": {
				"north": {"uv": [0.15625, 0.15625, 0.84375, 1.15625], "texture": "#0"},
				"east": {"uv": [0, 0.15625, 0.15625, 1.15625], "texture": "#0"},
				"south": {"uv": [1, 0.15625, 1.6875, 1.15625], "texture": "#0"},
				"west": {"uv": [0.84375, 0.15625, 1, 1.15625], "texture": "#0"},
				"up": {"uv": [0.84375, 0.15625, 0.15625, 0], "texture": "#0"},
				"down": {"uv": [1.53125, 0, 0.84375, 0.15625], "texture": "#0"}
			}
		},
		{
			"name": "hull",
			"from": [3.01404, 2.31232, 0.24565],
			"to": [4.02864, 10.42912, 7.34785],
			"rotation": {"angle": 22.5, "axis": "x", "origin": [3.52134, 6.37072, 3.79675]},
			"faces": {
				"north": {"uv": [0, 3.40625, 0.09375, 4.15625], "texture": "#0"},
				"east": {"uv": [0.84375, 3.40625, 1.5, 4.15625], "texture": "#0"},
				"south": {"uv": [0.75, 3.40625, 0.84375, 4.15625], "texture": "#0"},
				"west": {"uv": [0.09375, 3.40625, 0.75, 4.15625], "texture": "#0"},
				"up": {"uv": [0.75, 3.40625, 0.09375, 3.3125], "rotation": 270, "texture": "#0"},
				"down": {"uv": [1.40625, 3.3125, 0.75, 3.40625], "rotation": 90, "texture": "#0"}
			}
		},
		{
			"name": "hull",
			"from": [12.48364, 2.31232, 0.24565],
			"to": [13.49824, 10.42912, 7.34785],
			"rotation": {"angle": 22.5, "axis": "x", "origin": [12.99094, 6.37072, 3.79675]},
			"faces": {
				"north": {"uv": [0.75, 2.5625, 0.84375, 3.3125], "rotation": 180, "texture": "#0"},
				"east": {"uv": [0.84375, 2.5625, 1.5, 3.3125], "rotation": 180, "texture": "#0"},
				"south": {"uv": [0, 2.5625, 0.09375, 3.3125], "rotation": 180, "texture": "#0"},
				"west": {"uv": [0.09375, 2.5625, 0.75, 3.3125], "rotation": 180, "texture": "#0"},
				"up": {"uv": [1.40625, 2.46875, 0.75, 2.5625], "rotation": 90, "texture": "#0"},
				"down": {"uv": [0.75, 2.5625, 0.09375, 2.46875], "rotation": 270, "texture": "#0"}
			}
		},
		{
			"name": "hull",
			"from": [3.01404, 8.64414, 2.06169],
			"to": [4.02864, 11.34974, 9.84029],
			"rotation": {"angle": 0, "axis": "y", "origin": [3.52134, 9.99694, 5.95099]},
			"faces": {
				"north": {"uv": [0, 4.25, 0.09375, 4.5], "texture": "#0"},
				"east": {"uv": [0.90625, 4.25, 1.625, 4.5], "texture": "#0"},
				"south": {"uv": [0.8125, 4.25, 0.90625, 4.5], "texture": "#0"},
				"west": {"uv": [0.09375, 4.25, 0.8125, 4.5], "texture": "#0"},
				"up": {"uv": [0.8125, 4.25, 0.09375, 4.15625], "rotation": 270, "texture": "#0"},
				"down": {"uv": [1.53125, 4.15625, 0.8125, 4.25], "rotation": 90, "texture": "#0"}
			}
		},
		{
			"name": "hull",
			"from": [12.48364, 8.64414, 2.06169],
			"to": [13.49824, 11.34974, 9.84029],
			"rotation": {"angle": 0, "axis": "y", "origin": [12.99094, 9.99694, 5.95099]},
			"faces": {
				"north": {"uv": [0, 1.71875, 0.09375, 1.96875], "texture": "#0"},
				"east": {"uv": [0.90625, 1.71875, 1.625, 1.96875], "texture": "#0"},
				"south": {"uv": [0.8125, 1.71875, 0.90625, 1.96875], "texture": "#0"},
				"west": {"uv": [0.09375, 1.71875, 0.8125, 1.96875], "texture": "#0"},
				"up": {"uv": [0.8125, 1.71875, 0.09375, 1.625], "rotation": 270, "texture": "#0"},
				"down": {"uv": [1.53125, 1.625, 0.8125, 1.71875], "rotation": 90, "texture": "#0"}
			}
		},
		{
			"name": "hull",
			"from": [11.40749, 1.85658, -0.71102],
			"to": [13.43669, 12.00258, 0.30358],
			"rotation": {"angle": 22.5, "axis": "x", "origin": [12.42209, 6.92958, -0.20372]},
			"faces": {
				"north": {"uv": [1.59375, 2.5625, 1.78125, 3.5], "texture": "#0"},
				"east": {"uv": [1.5, 2.5625, 1.59375, 3.5], "texture": "#0"},
				"south": {"uv": [1.875, 2.5625, 2.0625, 3.5], "texture": "#0"},
				"west": {"uv": [1.78125, 2.5625, 1.875, 3.5], "texture": "#0"},
				"up": {"uv": [1.78125, 2.5625, 1.59375, 2.46875], "texture": "#0"},
				"down": {"uv": [1.96875, 2.46875, 1.78125, 2.5625], "texture": "#0"}
			}
		},
		{
			"name": "hull",
			"from": [3.07558, 1.85658, -0.71102],
			"to": [5.10478, 12.00258, 0.30358],
			"rotation": {"angle": 22.5, "axis": "x", "origin": [4.09018, 6.92958, -0.20372]},
			"faces": {
				"north": {"uv": [2.0625, 0.09375, 2.25, 1.03125], "rotation": 180, "texture": "#0"},
				"east": {"uv": [1.6875, 0.09375, 1.78125, 1.03125], "rotation": 180, "texture": "#0"},
				"south": {"uv": [1.78125, 0.09375, 1.96875, 1.03125], "rotation": 180, "texture": "#0"},
				"west": {"uv": [1.96875, 0.09375, 2.0625, 1.03125], "rotation": 180, "texture": "#0"},
				"up": {"uv": [2.15625, 0, 1.96875, 0.09375], "texture": "#0"},
				"down": {"uv": [1.96875, 0.09375, 1.78125, 0], "texture": "#0"}
			}
		},
		{
			"name": "hull",
			"from": [-0.2859, 3.93225, -2.75245],
			"to": [2.4197, 4.27045, 21.93615],
			"rotation": {"angle": 0, "axis": "y", "origin": [1.0669, 4.10135, 9.59185]},
			"faces": {
				"north": {"uv": [6.75, 2.46875, 7, 2.5], "texture": "#0"},
				"east": {"uv": [4.46875, 2.46875, 6.75, 2.5], "texture": "#0"},
				"south": {"uv": [9.28125, 2.46875, 9.53125, 2.5], "texture": "#0"},
				"west": {"uv": [7, 2.46875, 9.28125, 2.5], "texture": "#0"},
				"up": {"uv": [7, 2.46875, 6.75, 0.1875], "texture": "#0"},
				"down": {"uv": [7.25, 0.1875, 7, 2.46875], "texture": "#0"}
			}
		},
		{
			"name": "hull",
			"from": [2.4197, 2.57945, -3.76705],
			"to": [2.4197, 3.93225, -1.06145],
			"rotation": {"angle": 0, "axis": "y", "origin": [8.3382, 5.79235, 9.55145]},
			"faces": {
				"north": {"uv": [0.96875, 4.5, 0.96875, 4.625], "texture": "#0"},
				"east": {"uv": [0.71875, 4.5, 0.96875, 4.625], "texture": "#0"},
				"south": {"uv": [1.21875, 4.5, 1.21875, 4.625], "texture": "#0"},
				"west": {"uv": [0.96875, 4.5, 1.21875, 4.625], "texture": "#0"},
				"up": {"uv": [0.96875, 4.5, 0.96875, 4.25], "texture": "#0"},
				"down": {"uv": [0.96875, 4.25, 0.96875, 4.5], "texture": "#0"}
			}
		},
		{
			"name": "hull",
			"from": [14.2567, 2.57945, -3.76705],
			"to": [14.2567, 3.93225, -1.06145],
			"rotation": {"angle": 0, "axis": "y", "origin": [14.2567, 3.25585, -2.41425]},
			"faces": {
				"north": {"uv": [1.9375, 1.03125, 1.9375, 1.15625], "texture": "#0"},
				"east": {"uv": [1.6875, 1.03125, 1.9375, 1.15625], "texture": "#0"},
				"south": {"uv": [2.1875, 1.03125, 2.1875, 1.15625], "texture": "#0"},
				"west": {"uv": [1.9375, 1.03125, 2.1875, 1.15625], "texture": "#0"},
				"up": {"uv": [1.9375, 1.03125, 1.9375, 0.78125], "texture": "#0"},
				"down": {"uv": [1.9375, 0.78125, 1.9375, 1.03125], "texture": "#0"}
			}
		},
		{
			"name": "hull",
			"from": [14.2567, 3.93225, -2.75245],
			"to": [16.9623, 4.27045, 21.93615],
			"rotation": {"angle": 0, "axis": "y", "origin": [15.6095, 4.10135, 9.59185]},
			"faces": {
				"north": {"uv": [6.6875, 4.875, 6.9375, 4.90625], "texture": "#0"},
				"east": {"uv": [4.40625, 4.875, 6.6875, 4.90625], "texture": "#0"},
				"south": {"uv": [9.21875, 4.875, 9.46875, 4.90625], "texture": "#0"},
				"west": {"uv": [6.9375, 4.875, 9.21875, 4.90625], "texture": "#0"},
				"up": {"uv": [6.9375, 4.875, 6.6875, 2.59375], "texture": "#0"},
				"down": {"uv": [7.1875, 2.59375, 6.9375, 4.875], "texture": "#0"}
			}
		},
		{
			"name": "hull",
			"from": [14.2567, 3.47787, -4.19355],
			"to": [16.9623, 3.81607, -2.50255],
			"rotation": {"angle": -45, "axis": "x", "origin": [15.6095, 3.64697, -3.34805]},
			"faces": {
				"north": {"uv": [5.9375, 4.5, 6.1875, 4.53125], "texture": "#0"},
				"east": {"uv": [5.78125, 4.5, 5.9375, 4.53125], "texture": "#0"},
				"south": {"uv": [6.34375, 4.5, 6.59375, 4.53125], "texture": "#0"},
				"west": {"uv": [6.1875, 4.5, 6.34375, 4.53125], "texture": "#0"},
				"up": {"uv": [6.1875, 4.5, 5.9375, 4.34375], "texture": "#0"},
				"down": {"uv": [6.4375, 4.34375, 6.1875, 4.5], "texture": "#0"}
			}
		},
		{
			"name": "hull",
			"from": [14.2567, 3.47787, 21.68625],
			"to": [16.9623, 3.81607, 23.37725],
			"rotation": {"angle": 45, "axis": "x", "origin": [15.6095, 3.64697, 22.53175]},
			"faces": {
				"north": {"uv": [0.15625, 4.65625, 0.40625, 4.6875], "texture": "#0"},
				"east": {"uv": [0, 4.65625, 0.15625, 4.6875], "texture": "#0"},
				"south": {"uv": [0.5625, 4.65625, 0.8125, 4.6875], "texture": "#0"},
				"west": {"uv": [0.40625, 4.65625, 0.5625, 4.6875], "texture": "#0"},
				"up": {"uv": [0.40625, 4.65625, 0.15625, 4.5], "texture": "#0"},
				"down": {"uv": [0.65625, 4.5, 0.40625, 4.65625], "texture": "#0"}
			}
		},
		{
			"name": "hull",
			"from": [-0.2859, 2.80147, 22.36265],
			"to": [2.4197, 4.49247, 22.70085],
			"rotation": {"angle": -45, "axis": "x", "origin": [1.0669, 3.64697, 22.53175]},
			"faces": {
				"north": {"uv": [4.875, 2.15625, 4.625, 2], "rotation": 180, "texture": "#0"},
				"east": {"uv": [4.46875, 2.15625, 4.625, 2.1875], "rotation": 90, "texture": "#0"},
				"south": {"uv": [5.125, 2, 4.875, 2.15625], "texture": "#0"},
				"west": {"uv": [4.875, 2.15625, 5.03125, 2.1875], "rotation": 270, "texture": "#0"},
				"up": {"uv": [5.03125, 2.15625, 5.28125, 2.1875], "texture": "#0"},
				"down": {"uv": [4.625, 2.15625, 4.875, 2.1875], "rotation": 180, "texture": "#0"}
			}
		},
		{
			"name": "hull",
			"from": [-0.2859, 3.47787, -4.19355],
			"to": [2.4197, 3.81607, -2.50255],
			"rotation": {"angle": -45, "axis": "x", "origin": [1.0669, 3.64697, -3.34805]},
			"faces": {
				"north": {"uv": [5.34375, 2.1875, 5.59375, 2.21875], "texture": "#0"},
				"east": {"uv": [5.1875, 2.1875, 5.34375, 2.21875], "texture": "#0"},
				"south": {"uv": [5.75, 2.1875, 6, 2.21875], "texture": "#0"},
				"west": {"uv": [5.59375, 2.1875, 5.75, 2.21875], "texture": "#0"},
				"up": {"uv": [5.59375, 2.1875, 5.34375, 2.03125], "texture": "#0"},
				"down": {"uv": [5.84375, 2.03125, 5.59375, 2.1875], "texture": "#0"}
			}
		},
		{
			"name": "hull",
			"from": [3.8841, 4.27045, 10.17637],
			"to": [8.52082, 12.04905, 11.86737],
			"rotation": {"angle": 0, "axis": "y", "origin": [6.20246, 8.15975, 11.02187]},
			"faces": {
				"north": {"uv": [4.59375, 3.625, 5, 4.34375], "texture": "#0"},
				"east": {"uv": [4.4375, 3.625, 4.59375, 4.34375], "texture": "#0"},
				"south": {"uv": [5.15625, 3.625, 5.5625, 4.34375], "texture": "#0"},
				"west": {"uv": [5, 3.625, 5.15625, 4.34375], "texture": "#0"},
				"up": {"uv": [5, 3.625, 4.59375, 3.46875], "texture": "#0"},
				"down": {"uv": [5.40625, 3.46875, 5, 3.625], "texture": "#0"}
			}
		},
		{
			"name": "hull",
			"from": [8.15558, 4.27045, 10.17637],
			"to": [12.7923, 12.04905, 11.86737],
			"rotation": {"angle": 0, "axis": "y", "origin": [10.47394, 8.15975, 11.02187]},
			"faces": {
				"north": {"uv": [4.59375, 2.75, 5, 3.46875], "texture": "#0"},
				"east": {"uv": [4.4375, 2.75, 4.59375, 3.46875], "texture": "#0"},
				"south": {"uv": [5.15625, 2.75, 5.5625, 3.46875], "texture": "#0"},
				"west": {"uv": [5, 2.75, 5.15625, 3.46875], "texture": "#0"},
				"up": {"uv": [5, 2.75, 4.59375, 2.59375], "texture": "#0"},
				"down": {"uv": [5.40625, 2.59375, 5, 2.75], "texture": "#0"}
			}
		},
		{
			"name": "hull",
			"from": [2.82279, 6.63785, 9.41528],
			"to": [4.51379, 12.04905, 11.10628],
			"rotation": {"angle": -45, "axis": "y", "origin": [3.66829, 9.34345, 10.26078]},
			"faces": {
				"north": {"uv": [1.09375, 5.53125, 1.25, 6.03125], "texture": "#0"},
				"east": {"uv": [0.9375, 5.53125, 1.09375, 6.03125], "texture": "#0"},
				"south": {"uv": [1.40625, 5.53125, 1.5625, 6.03125], "texture": "#0"},
				"west": {"uv": [1.25, 5.53125, 1.40625, 6.03125], "texture": "#0"},
				"up": {"uv": [1.25, 5.53125, 1.09375, 5.375], "texture": "#0"},
				"down": {"uv": [1.40625, 5.375, 1.25, 5.53125], "texture": "#0"}
			}
		},
		{
			"name": "hull",
			"from": [11.95419, 6.63785, 9.41528],
			"to": [13.64519, 12.04905, 11.10628],
			"rotation": {"angle": -45, "axis": "y", "origin": [12.79969, 9.34345, 10.26078]},
			"faces": {
				"north": {"uv": [1.65625, 3.65625, 1.8125, 4.15625], "texture": "#0"},
				"east": {"uv": [1.5, 3.65625, 1.65625, 4.15625], "texture": "#0"},
				"south": {"uv": [1.96875, 3.65625, 2.125, 4.15625], "texture": "#0"},
				"west": {"uv": [1.8125, 3.65625, 1.96875, 4.15625], "texture": "#0"},
				"up": {"uv": [1.8125, 3.65625, 1.65625, 3.5], "texture": "#0"},
				"down": {"uv": [1.96875, 3.5, 1.8125, 3.65625], "texture": "#0"}
			}
		},
		{
			"name": "engine",
			"from": [7.1545, 2.7124, -1.3824],
			"to": [9.3528, 7.7854, -1.0442],
			"rotation": {"angle": 22.5, "axis": "x", "origin": [10.5365, 8.4618, -0.3678]},
			"faces": {
				"north": {"uv": [1.84375, 1.65625, 2.03125, 2.125], "texture": "#0"},
				"east": {"uv": [1.8125, 1.65625, 1.84375, 2.125], "texture": "#0"},
				"south": {"uv": [2.0625, 1.65625, 2.25, 2.125], "texture": "#0"},
				"west": {"uv": [2.03125, 1.65625, 2.0625, 2.125], "texture": "#0"},
				"up": {"uv": [2.03125, 1.65625, 1.84375, 1.625], "texture": "#0"},
				"down": {"uv": [2.21875, 1.625, 2.03125, 1.65625], "texture": "#0"}
			}
		},
		{
			"name": "gun",
			"from": [7.8309, 9.00525, 14.15755],
			"to": [8.8455, 10.01985, 25.99455],
			"rotation": {"angle": 0, "axis": "y", "origin": [8, 0, 8]},
			"faces": {
				"north": {"uv": [8.34375, 3.6875, 8.4375, 3.78125], "texture": "#0"},
				"east": {"uv": [7.25, 3.6875, 8.34375, 3.78125], "texture": "#0"},
				"south": {"uv": [9.53125, 3.6875, 9.625, 3.78125], "texture": "#0"},
				"west": {"uv": [8.4375, 3.6875, 9.53125, 3.78125], "texture": "#0"},
				"up": {"uv": [8.4375, 3.6875, 8.34375, 2.59375], "texture": "#0"},
				"down": {"uv": [8.53125, 2.59375, 8.4375, 3.6875], "texture": "#0"}
			}
		},
		{
			"name": "gun",
			"from": [7.4927, 8.66705, 25.99455],
			"to": [9.1837, 10.35805, 28.36195],
			"rotation": {"angle": 0, "axis": "y", "origin": [8, 0, 8]},
			"faces": {
				"north": {"uv": [2.875, 6.34375, 3.03125, 6.5], "texture": "#0"},
				"east": {"uv": [2.65625, 6.34375, 2.875, 6.5], "texture": "#0"},
				"south": {"uv": [3.25, 6.34375, 3.40625, 6.5], "texture": "#0"},
				"west": {"uv": [3.03125, 6.34375, 3.25, 6.5], "texture": "#0"},
				"up": {"uv": [3.03125, 6.34375, 2.875, 6.125], "texture": "#0"},
				"down": {"uv": [3.1875, 6.125, 3.03125, 6.34375], "texture": "#0"}
			}
		},
		{
			"name": "gun",
			"from": [7.4927, 8.66705, 11.45195],
			"to": [9.1837, 10.35805, 14.15755],
			"rotation": {"angle": 0, "axis": "y", "origin": [8, 0, 8]},
			"faces": {
				"north": {"uv": [2.90625, 5.96875, 3.0625, 6.125], "texture": "#0"},
				"east": {"uv": [2.65625, 5.96875, 2.90625, 6.125], "texture": "#0"},
				"south": {"uv": [3.3125, 5.96875, 3.46875, 6.125], "texture": "#0"},
				"west": {"uv": [3.0625, 5.96875, 3.3125, 6.125], "texture": "#0"},
				"up": {"uv": [3.0625, 5.96875, 2.90625, 5.71875], "texture": "#0"},
				"down": {"uv": [3.21875, 5.71875, 3.0625, 5.96875], "texture": "#0"}
			}
		},
		{
			"name": "gun",
			"from": [7.4927, 8.66705, 7.39355],
			"to": [9.1837, 10.69625, 10.77555],
			"rotation": {"angle": 0, "axis": "y", "origin": [8, 0, 8]},
			"faces": {
				"north": {"uv": [1.625, 4.5, 1.78125, 4.6875], "texture": "#0"},
				"east": {"uv": [1.3125, 4.5, 1.625, 4.6875], "texture": "#0"},
				"south": {"uv": [2.09375, 4.5, 2.25, 4.6875], "texture": "#0"},
				"west": {"uv": [1.78125, 4.5, 2.09375, 4.6875], "texture": "#0"},
				"up": {"uv": [1.78125, 4.5, 1.625, 4.1875], "texture": "#0"},
				"down": {"uv": [1.9375, 4.1875, 1.78125, 4.5], "texture": "#0"}
			}
		},
		{
			"name": "gun",
			"from": [7.4927, 8.66705, 5.36435],
			"to": [9.1837, 9.68165, 7.39355],
			"rotation": {"angle": 0, "axis": "y", "origin": [8, 0, 8]},
			"faces": {
				"north": {"uv": [6.03125, 1.5625, 6.1875, 1.65625], "texture": "#0"},
				"east": {"uv": [5.84375, 1.5625, 6.03125, 1.65625], "texture": "#0"},
				"south": {"uv": [6.375, 1.5625, 6.53125, 1.65625], "texture": "#0"},
				"west": {"uv": [6.1875, 1.5625, 6.375, 1.65625], "texture": "#0"},
				"up": {"uv": [6.1875, 1.5625, 6.03125, 1.375], "texture": "#0"},
				"down": {"uv": [6.34375, 1.375, 6.1875, 1.5625], "texture": "#0"}
			}
		},
		{
			"name": "tracks",
			"from": [-0.2859, 3.25585, -2.75245],
			"to": [2.0815, 3.59405, 21.49649],
			"rotation": {"angle": 0, "axis": "y", "origin": [8, 0, 8]},
			"faces": {
				"north": {"uv": [4.875, 7.125, 5.09375, 7.15625], "texture": "#0"},
				"east": {"uv": [2.65625, 7.125, 4.875, 7.15625], "texture": "#0"},
				"south": {"uv": [7.3125, 7.125, 7.53125, 7.15625], "texture": "#0"},
				"west": {"uv": [5.09375, 7.125, 7.3125, 7.15625], "texture": "#0"},
				"up": {"uv": [5.09375, 7.125, 4.875, 4.90625], "texture": "#0"},
				"down": {"uv": [5.3125, 4.90625, 5.09375, 7.125], "texture": "#0"}
			}
		},
		{
			"name": "tracks",
			"from": [14.5949, 3.25585, -2.75245],
			"to": [16.9623, 3.59405, 21.49649],
			"rotation": {"angle": 0, "axis": "y", "origin": [8, 0, 8]},
			"faces": {
				"north": {"uv": [2.21875, 7.09375, 2.4375, 7.125], "texture": "#0"},
				"east": {"uv": [0, 7.09375, 2.21875, 7.125], "texture": "#0"},
				"south": {"uv": [4.65625, 7.09375, 4.875, 7.125], "texture": "#0"},
				"west": {"uv": [2.4375, 7.09375, 4.65625, 7.125], "texture": "#0"},
				"up": {"uv": [2.4375, 7.09375, 2.21875, 4.875], "texture": "#0"},
				"down": {"uv": [2.65625, 4.875, 2.4375, 7.09375], "texture": "#0"}
			}
		},
		{
			"name": "tracks",
			"from": [14.5949, -1.47895, 0.09],
			"to": [16.9623, -1.14075, 18.39],
			"rotation": {"angle": 0, "axis": "y", "origin": [8, 0, 8]},
			"faces": {
				"north": {"uv": [7.53125, 8.0625, 7.75, 8.09375], "texture": "#0"},
				"east": {"uv": [5.96875, 8.0625, 7.53125, 8.09375], "texture": "#0"},
				"south": {"uv": [9.3125, 8.0625, 9.53125, 8.09375], "texture": "#0"},
				"west": {"uv": [7.75, 8.0625, 9.3125, 8.09375], "texture": "#0"},
				"up": {"uv": [7.75, 8.0625, 7.53125, 6.5], "texture": "#0"},
				"down": {"uv": [7.96875, 6.5, 7.75, 8.0625], "texture": "#0"}
			}
		},
		{
			"name": "tracks",
			"from": [-0.2859, -1.47895, 0.30595],
			"to": [2.0815, -1.14075, 18.21595],
			"rotation": {"angle": 0, "axis": "y", "origin": [8, 0, 8]},
			"faces": {
				"north": {"uv": [6.875, 6.46875, 7.09375, 6.5], "texture": "#0"},
				"east": {"uv": [5.3125, 6.46875, 6.875, 6.5], "texture": "#0"},
				"south": {"uv": [8.65625, 6.46875, 8.875, 6.5], "texture": "#0"},
				"west": {"uv": [7.09375, 6.46875, 8.65625, 6.5], "texture": "#0"},
				"up": {"uv": [7.09375, 6.46875, 6.875, 4.90625], "texture": "#0"},
				"down": {"uv": [7.3125, 4.90625, 7.09375, 6.46875], "texture": "#0"}
			}
		},
		{
			"name": "tracks",
			"from": [-0.2859, 2.6298, 21.51357],
			"to": [2.0815, 3.44148, 21.85177],
			"rotation": {"angle": -22.5, "axis": "x", "origin": [0.8978, 3.10328, 21.68267]},
			"faces": {
				"north": {"uv": [6.4375, 4.625, 6.21875, 4.6875], "rotation": 180, "texture": "#0"},
				"east": {"uv": [5.9375, 4.6875, 6, 4.71875], "rotation": 270, "texture": "#0"},
				"south": {"uv": [6.21875, 4.6875, 6, 4.625], "texture": "#0"},
				"west": {"uv": [6.21875, 4.6875, 6.28125, 4.71875], "rotation": 90, "texture": "#0"},
				"up": {"uv": [6, 4.6875, 6.21875, 4.71875], "rotation": 180, "texture": "#0"},
				"down": {"uv": [6.28125, 4.6875, 6.5, 4.71875], "texture": "#0"}
			}
		},
		{
			"name": "tracks",
			"from": [-0.2859, -0.0909, 21.6914],
			"to": [2.0815, 2.9529, 22.0296],
			"rotation": {"angle": 0, "axis": "x", "origin": [0.8978, 1.9383, 20.1695]},
			"faces": {
				"north": {"uv": [5.84375, 1.34375, 5.625, 1.0625], "rotation": 180, "texture": "#0"},
				"east": {"uv": [5.34375, 1.34375, 5.625, 1.375], "rotation": 90, "texture": "#0"},
				"south": {"uv": [6.0625, 1.0625, 5.84375, 1.34375], "texture": "#0"},
				"west": {"uv": [5.84375, 1.34375, 6.125, 1.375], "rotation": 270, "texture": "#0"},
				"up": {"uv": [6.125, 1.34375, 6.34375, 1.375], "texture": "#0"},
				"down": {"uv": [5.625, 1.34375, 5.84375, 1.375], "rotation": 180, "texture": "#0"}
			}
		},
		{
			"name": "tracks",
			"from": [-0.2859, -1.03317, 17.36211],
			"to": [2.0815, -0.69497, 21.42051],
			"rotation": {"angle": -22.5, "axis": "x", "origin": [0.8978, 1.16513, 19.05311]},
			"faces": {
				"north": {"uv": [3.03125, 5.25, 3.25, 5.28125], "texture": "#0"},
				"east": {"uv": [2.65625, 5.25, 3.03125, 5.28125], "texture": "#0"},
				"south": {"uv": [3.625, 5.25, 3.84375, 5.28125], "texture": "#0"},
				"west": {"uv": [3.25, 5.25, 3.625, 5.28125], "texture": "#0"},
				"up": {"uv": [3.25, 5.25, 3.03125, 4.875], "texture": "#0"},
				"down": {"uv": [3.46875, 4.875, 3.25, 5.25], "texture": "#0"}
			}
		},
		{
			"name": "tracks",
			"from": [-0.2859, 2.6298, -3.48643],
			"to": [2.0815, 3.7798, -3.14823],
			"rotation": {"angle": 45, "axis": "x", "origin": [0.8978, 3.10328, -3.31733]},
			"faces": {
				"north": {"uv": [6.21875, 4.6875, 6, 4.625], "texture": "#0"},
				"east": {"uv": [6.21875, 4.6875, 6.28125, 4.71875], "rotation": 90, "texture": "#0"},
				"south": {"uv": [6.4375, 4.625, 6.21875, 4.6875], "rotation": 180, "texture": "#0"},
				"west": {"uv": [5.9375, 4.6875, 6, 4.71875], "rotation": 270, "texture": "#0"},
				"up": {"uv": [6, 4.6875, 6.21875, 4.71875], "texture": "#0"},
				"down": {"uv": [6.28125, 4.6875, 6.5, 4.71875], "rotation": 180, "texture": "#0"}
			}
		},
		{
			"name": "tracks",
			"from": [-0.2859, -0.0909, -3.66426],
			"to": [2.0815, 2.9529, -3.32606],
			"rotation": {"angle": 0, "axis": "x", "origin": [0.8978, 1.9383, -1.80416]},
			"faces": {
				"north": {"uv": [6.0625, 1.0625, 5.84375, 1.34375], "texture": "#0"},
				"east": {"uv": [5.84375, 1.34375, 6.125, 1.375], "rotation": 270, "texture": "#0"},
				"south": {"uv": [5.84375, 1.34375, 5.625, 1.0625], "rotation": 180, "texture": "#0"},
				"west": {"uv": [5.34375, 1.34375, 5.625, 1.375], "rotation": 90, "texture": "#0"},
				"up": {"uv": [6.125, 1.34375, 6.34375, 1.375], "rotation": 180, "texture": "#0"},
				"down": {"uv": [5.625, 1.34375, 5.84375, 1.375], "texture": "#0"}
			}
		},
		{
			"name": "tracks",
			"from": [-0.2859, -1.03317, -3.05517],
			"to": [2.0815, -0.69497, 1.00323],
			"rotation": {"angle": 22.5, "axis": "x", "origin": [0.8978, 1.16513, -0.68777]},
			"faces": {
				"north": {"uv": [3.625, 5.25, 3.84375, 5.28125], "texture": "#0"},
				"east": {"uv": [3.25, 5.25, 3.625, 5.28125], "texture": "#0"},
				"south": {"uv": [3.03125, 5.25, 3.25, 5.28125], "texture": "#0"},
				"west": {"uv": [2.65625, 5.25, 3.03125, 5.28125], "texture": "#0"},
				"up": {"uv": [3.25, 5.25, 3.03125, 4.875], "rotation": 180, "texture": "#0"},
				"down": {"uv": [3.46875, 4.875, 3.25, 5.25], "rotation": 180, "texture": "#0"}
			}
		},
		{
			"name": "tracks",
			"from": [14.7141, 2.6298, -3.48643],
			"to": [17.0815, 3.7798, -3.14823],
			"rotation": {"angle": 45, "axis": "x", "origin": [15.8978, 3.10328, -3.31733]},
			"faces": {
				"north": {"uv": [6.21875, 4.6875, 6, 4.625], "texture": "#0"},
				"east": {"uv": [6.21875, 4.6875, 6.28125, 4.71875], "rotation": 90, "texture": "#0"},
				"south": {"uv": [6.4375, 4.625, 6.21875, 4.6875], "rotation": 180, "texture": "#0"},
				"west": {"uv": [5.9375, 4.6875, 6, 4.71875], "rotation": 270, "texture": "#0"},
				"up": {"uv": [6, 4.6875, 6.21875, 4.71875], "texture": "#0"},
				"down": {"uv": [6.28125, 4.6875, 6.5, 4.71875], "rotation": 180, "texture": "#0"}
			}
		},
		{
			"name": "tracks",
			"from": [14.7141, -0.0909, -3.66426],
			"to": [17.0815, 2.9529, -3.32606],
			"rotation": {"angle": 0, "axis": "x", "origin": [15.8978, 1.9383, -1.80416]},
			"faces": {
				"north": {"uv": [6.0625, 1.0625, 5.84375, 1.34375], "texture": "#0"},
				"east": {"uv": [5.84375, 1.34375, 6.125, 1.375], "rotation": 270, "texture": "#0"},
				"south": {"uv": [5.84375, 1.34375, 5.625, 1.0625], "rotation": 180, "texture": "#0"},
				"west": {"uv": [5.34375, 1.34375, 5.625, 1.375], "rotation": 90, "texture": "#0"},
				"up": {"uv": [6.125, 1.34375, 6.34375, 1.375], "rotation": 180, "texture": "#0"},
				"down": {"uv": [5.625, 1.34375, 5.84375, 1.375], "texture": "#0"}
			}
		},
		{
			"name": "tracks",
			"from": [14.7141, -1.03317, -3.05517],
			"to": [17.0815, -0.69497, 1.00323],
			"rotation": {"angle": 22.5, "axis": "x", "origin": [15.8978, 1.16513, -0.68777]},
			"faces": {
				"north": {"uv": [3.625, 5.25, 3.84375, 5.28125], "texture": "#0"},
				"east": {"uv": [3.25, 5.25, 3.625, 5.28125], "texture": "#0"},
				"south": {"uv": [3.03125, 5.25, 3.25, 5.28125], "texture": "#0"},
				"west": {"uv": [2.65625, 5.25, 3.03125, 5.28125], "texture": "#0"},
				"up": {"uv": [3.25, 5.25, 3.03125, 4.875], "rotation": 180, "texture": "#0"},
				"down": {"uv": [3.46875, 4.875, 3.25, 5.25], "rotation": 180, "texture": "#0"}
			}
		},
		{
			"name": "tracks",
			"from": [14.5949, -1.03317, 17.36211],
			"to": [16.9623, -0.69497, 21.42051],
			"rotation": {"angle": -22.5, "axis": "x", "origin": [0.8978, 1.16513, 19.05311]},
			"faces": {
				"north": {"uv": [0.375, 5.25, 0.59375, 5.28125], "texture": "#0"},
				"east": {"uv": [0, 5.25, 0.375, 5.28125], "texture": "#0"},
				"south": {"uv": [0.96875, 5.25, 1.1875, 5.28125], "texture": "#0"},
				"west": {"uv": [0.59375, 5.25, 0.96875, 5.28125], "texture": "#0"},
				"up": {"uv": [0.59375, 5.25, 0.375, 4.875], "texture": "#0"},
				"down": {"uv": [0.8125, 4.875, 0.59375, 5.25], "texture": "#0"}
			}
		},
		{
			"name": "tracks",
			"from": [14.5949, 2.74527, 21.5614],
			"to": [16.9623, 3.55695, 21.8996],
			"rotation": {"angle": -45, "axis": "x", "origin": [15.7786, 3.15111, 21.7305]},
			"faces": {
				"north": {"uv": [1.84375, 5.8125, 1.625, 5.75], "rotation": 180, "texture": "#0"},
				"east": {"uv": [1.5625, 5.8125, 1.625, 5.84375], "rotation": 90, "texture": "#0"},
				"south": {"uv": [2.0625, 5.75, 1.84375, 5.8125], "texture": "#0"},
				"west": {"uv": [1.84375, 5.8125, 1.90625, 5.84375], "rotation": 270, "texture": "#0"},
				"up": {"uv": [1.90625, 5.8125, 2.125, 5.84375], "texture": "#0"},
				"down": {"uv": [1.625, 5.8125, 1.84375, 5.84375], "rotation": 180, "texture": "#0"}
			}
		},
		{
			"name": "tracks",
			"from": [14.5949, -0.13803, 21.8374],
			"to": [16.9623, 2.90577, 22.1756],
			"rotation": {"angle": 0, "axis": "x", "origin": [15.7786, 0.38387, 21.0065]},
			"faces": {
				"north": {"uv": [5.8125, 5.5, 5.59375, 5.21875], "rotation": 180, "texture": "#0"},
				"east": {"uv": [5.3125, 5.5, 5.59375, 5.53125], "rotation": 90, "texture": "#0"},
				"south": {"uv": [6.03125, 5.21875, 5.8125, 5.5], "texture": "#0"},
				"west": {"uv": [5.8125, 5.5, 6.09375, 5.53125], "rotation": 270, "texture": "#0"},
				"up": {"uv": [6.09375, 5.5, 6.3125, 5.53125], "texture": "#0"},
				"down": {"uv": [5.59375, 5.5, 5.8125, 5.53125], "rotation": 180, "texture": "#0"}
			}
		},
		{
			"name": "tracks",
			"from": [14.2567, -0.12615, 3.67335],
			"to": [14.5949, 2.57945, 7.05535],
			"rotation": {"angle": 0, "axis": "y", "origin": [8, 0, 8]},
			"faces": {
				"north": {"uv": [5.625, 5.84375, 5.65625, 6.09375], "texture": "#0"},
				"east": {"uv": [5.3125, 5.84375, 5.625, 6.09375], "texture": "#0"},
				"south": {"uv": [5.96875, 5.84375, 6, 6.09375], "texture": "#0"},
				"west": {"uv": [5.65625, 5.84375, 5.96875, 6.09375], "texture": "#0"},
				"up": {"uv": [5.65625, 5.84375, 5.625, 5.53125], "texture": "#0"},
				"down": {"uv": [5.6875, 5.53125, 5.65625, 5.84375], "texture": "#0"}
			}
		},
		{
			"name": "tracks",
			"from": [14.2567, -0.12615, 12.46655],
			"to": [14.5949, 2.57945, 15.84855],
			"rotation": {"angle": 0, "axis": "y", "origin": [8, 0, 8]},
			"faces": {
				"north": {"uv": [5.78125, 1.6875, 5.8125, 1.9375], "texture": "#0"},
				"east": {"uv": [5.46875, 1.6875, 5.78125, 1.9375], "texture": "#0"},
				"south": {"uv": [6.125, 1.6875, 6.15625, 1.9375], "texture": "#0"},
				"west": {"uv": [5.8125, 1.6875, 6.125, 1.9375], "texture": "#0"},
				"up": {"uv": [5.8125, 1.6875, 5.78125, 1.375], "texture": "#0"},
				"down": {"uv": [5.84375, 1.375, 5.8125, 1.6875], "texture": "#0"}
			}
		},
		{
			"name": "tracks",
			"from": [2.0815, -0.12615, 12.46655],
			"to": [2.4197, 2.57945, 15.84855],
			"rotation": {"angle": 0, "axis": "y", "origin": [8, 0, 8]},
			"faces": {
				"north": {"uv": [4.28125, 5.71875, 4.3125, 5.96875], "texture": "#0"},
				"east": {"uv": [3.96875, 5.71875, 4.28125, 5.96875], "texture": "#0"},
				"south": {"uv": [4.625, 5.71875, 4.65625, 5.96875], "texture": "#0"},
				"west": {"uv": [4.3125, 5.71875, 4.625, 5.96875], "texture": "#0"},
				"up": {"uv": [4.3125, 5.71875, 4.28125, 5.40625], "texture": "#0"},
				"down": {"uv": [4.34375, 5.40625, 4.3125, 5.71875], "texture": "#0"}
			}
		},
		{
			"name": "tracks",
			"from": [2.0815, -0.12615, 3.67335],
			"to": [2.4197, 2.57945, 7.05535],
			"rotation": {"angle": 0, "axis": "y", "origin": [8, 0, 8]},
			"faces": {
				"north": {"uv": [3.59375, 5.71875, 3.625, 5.96875], "texture": "#0"},
				"east": {"uv": [3.28125, 5.71875, 3.59375, 5.96875], "texture": "#0"},
				"south": {"uv": [3.9375, 5.71875, 3.96875, 5.96875], "texture": "#0"},
				"west": {"uv": [3.625, 5.71875, 3.9375, 5.96875], "texture": "#0"},
				"up": {"uv": [3.625, 5.71875, 3.59375, 5.40625], "texture": "#0"},
				"down": {"uv": [3.65625, 5.40625, 3.625, 5.71875], "texture": "#0"}
			}
		},
		{
			"name": "wheel1",
			"from": [14.2567, 0.55025, 19.06145],
			"to": [16.9623, 2.91765, 21.42885],
			"rotation": {"angle": 0, "axis": "y", "origin": [8, 0, 8]},
			"faces": {
				"north": {"uv": [0.21875, 5.5, 0.46875, 5.71875], "texture": "#0"},
				"east": {"uv": [0, 5.5, 0.21875, 5.71875], "texture": "#0"},
				"south": {"uv": [0.6875, 5.5, 0.9375, 5.71875], "texture": "#0"},
				"west": {"uv": [0.46875, 5.5, 0.6875, 5.71875], "texture": "#0"},
				"up": {"uv": [0.46875, 5.5, 0.21875, 5.28125], "texture": "#0"},
				"down": {"uv": [0.71875, 5.28125, 0.46875, 5.5], "texture": "#0"}
			}
		},
		{
			"name": "wheel2",
			"from": [14.5949, -0.97165, 15.51035],
			"to": [16.6241, 1.39575, 17.87775],
			"rotation": {"angle": 0, "axis": "y", "origin": [8, 0, 8]},
			"faces": {
				"north": {"uv": [5.78125, 4.125, 5.96875, 4.34375], "texture": "#0"},
				"east": {"uv": [5.5625, 4.125, 5.78125, 4.34375], "texture": "#0"},
				"south": {"uv": [6.1875, 4.125, 6.375, 4.34375], "texture": "#0"},
				"west": {"uv": [5.96875, 4.125, 6.1875, 4.34375], "texture": "#0"},
				"up": {"uv": [5.96875, 4.125, 5.78125, 3.90625], "texture": "#0"},
				"down": {"uv": [6.15625, 3.90625, 5.96875, 4.125], "texture": "#0"}
			}
		},
		{
			"name": "wheel3",
			"from": [14.5949, -0.97165, 13.14295],
			"to": [16.6241, 1.05755, 15.17215],
			"rotation": {"angle": 0, "axis": "y", "origin": [8, 0, 8]},
			"faces": {
				"north": {"uv": [6.3125, 5.21875, 6.5, 5.40625], "texture": "#0"},
				"east": {"uv": [6.125, 5.21875, 6.3125, 5.40625], "texture": "#0"},
				"south": {"uv": [6.6875, 5.21875, 6.875, 5.40625], "texture": "#0"},
				"west": {"uv": [6.5, 5.21875, 6.6875, 5.40625], "texture": "#0"},
				"up": {"uv": [6.5, 5.21875, 6.3125, 5.03125], "texture": "#0"},
				"down": {"uv": [6.6875, 5.03125, 6.5, 5.21875], "texture": "#0"}
			}
		},
		{
			"name": "wheel4",
			"from": [14.5949, -0.97165, 10.77555],
			"to": [16.6241, 1.05755, 12.80475],
			"rotation": {"angle": 0, "axis": "y", "origin": [8, 0, 8]},
			"faces": {
				"north": {"uv": [6.1875, 5.71875, 6.375, 5.90625], "texture": "#0"},
				"east": {"uv": [6, 5.71875, 6.1875, 5.90625], "texture": "#0"},
				"south": {"uv": [6.5625, 5.71875, 6.75, 5.90625], "texture": "#0"},
				"west": {"uv": [6.375, 5.71875, 6.5625, 5.90625], "texture": "#0"},
				"up": {"uv": [6.375, 5.71875, 6.1875, 5.53125], "texture": "#0"},
				"down": {"uv": [6.5625, 5.53125, 6.375, 5.71875], "texture": "#0"}
			}
		},
		{
			"name": "wheel5",
			"from": [14.5949, -0.97165, 6.71715],
			"to": [16.6241, 1.05755, 8.74635],
			"rotation": {"angle": 0, "axis": "y", "origin": [8, 0, 8]},
			"faces": {
				"north": {"uv": [4.21875, 6.15625, 4.40625, 6.34375], "texture": "#0"},
				"east": {"uv": [4.03125, 6.15625, 4.21875, 6.34375], "texture": "#0"},
				"south": {"uv": [4.59375, 6.15625, 4.78125, 6.34375], "texture": "#0"},
				"west": {"uv": [4.40625, 6.15625, 4.59375, 6.34375], "texture": "#0"},
				"up": {"uv": [4.40625, 6.15625, 4.21875, 5.96875], "texture": "#0"},
				"down": {"uv": [4.59375, 5.96875, 4.40625, 6.15625], "texture": "#0"}
			}
		},
		{
			"name": "wheel6",
			"from": [14.5949, -0.97165, 4.34975],
			"to": [16.6241, 1.05755, 6.37895],
			"rotation": {"angle": 0, "axis": "y", "origin": [8, 0, 8]},
			"faces": {
				"north": {"uv": [0.75, 6.21875, 0.9375, 6.40625], "texture": "#0"},
				"east": {"uv": [0.5625, 6.21875, 0.75, 6.40625], "texture": "#0"},
				"south": {"uv": [1.125, 6.21875, 1.3125, 6.40625], "texture": "#0"},
				"west": {"uv": [0.9375, 6.21875, 1.125, 6.40625], "texture": "#0"},
				"up": {"uv": [0.9375, 6.21875, 0.75, 6.03125], "texture": "#0"},
				"down": {"uv": [1.125, 6.03125, 0.9375, 6.21875], "texture": "#0"}
			}
		},
		{
			"name": "wheel7",
			"from": [14.5949, -0.97165, 1.64415],
			"to": [16.6241, 1.39575, 4.01155],
			"rotation": {"angle": 0, "axis": "y", "origin": [8, 0, 8]},
			"faces": {
				"north": {"uv": [5.78125, 3.6875, 5.96875, 3.90625], "texture": "#0"},
				"east": {"uv": [5.5625, 3.6875, 5.78125, 3.90625], "texture": "#0"},
				"south": {"uv": [6.1875, 3.6875, 6.375, 3.90625], "texture": "#0"},
				"west": {"uv": [5.96875, 3.6875, 6.1875, 3.90625], "texture": "#0"},
				"up": {"uv": [5.96875, 3.6875, 5.78125, 3.46875], "texture": "#0"},
				"down": {"uv": [6.15625, 3.46875, 5.96875, 3.6875], "texture": "#0"}
			}
		},
		{
			"name": "wheel8",
			"from": [14.2567, 0.21205, -2.41425],
			"to": [16.9623, 2.91765, 0.29135],
			"rotation": {"angle": 0, "axis": "y", "origin": [8, 0, 8]},
			"faces": {
				"north": {"uv": [4.09375, 5.15625, 4.34375, 5.40625], "texture": "#0"},
				"east": {"uv": [3.84375, 5.15625, 4.09375, 5.40625], "texture": "#0"},
				"south": {"uv": [4.59375, 5.15625, 4.84375, 5.40625], "texture": "#0"},
				"west": {"uv": [4.34375, 5.15625, 4.59375, 5.40625], "texture": "#0"},
				"up": {"uv": [4.34375, 5.15625, 4.09375, 4.90625], "texture": "#0"},
				"down": {"uv": [4.59375, 4.90625, 4.34375, 5.15625], "texture": "#0"}
			}
		},
		{
			"name": "wheel9",
			"from": [14.5949, 1.90305, 13.48115],
			"to": [16.6241, 3.25585, 14.83395],
			"rotation": {"angle": 0, "axis": "y", "origin": [8, 0, 8]},
			"faces": {
				"north": {"uv": [3.59375, 5, 3.78125, 5.125], "texture": "#0"},
				"east": {"uv": [3.46875, 5, 3.59375, 5.125], "texture": "#0"},
				"south": {"uv": [3.90625, 5, 4.09375, 5.125], "texture": "#0"},
				"west": {"uv": [3.78125, 5, 3.90625, 5.125], "texture": "#0"},
				"up": {"uv": [3.78125, 5, 3.59375, 4.875], "texture": "#0"},
				"down": {"uv": [3.96875, 4.875, 3.78125, 5], "texture": "#0"}
			}
		},
		{
			"name": "wheel10",
			"from": [14.5949, 1.90305, 4.68795],
			"to": [16.6241, 3.25585, 6.04075],
			"rotation": {"angle": 0, "axis": "y", "origin": [8, 0, 8]},
			"faces": {
				"north": {"uv": [0.9375, 5, 1.125, 5.125], "texture": "#0"},
				"east": {"uv": [0.8125, 5, 0.9375, 5.125], "texture": "#0"},
				"south": {"uv": [1.25, 5, 1.4375, 5.125], "texture": "#0"},
				"west": {"uv": [1.125, 5, 1.25, 5.125], "texture": "#0"},
				"up": {"uv": [1.125, 5, 0.9375, 4.875], "texture": "#0"},
				"down": {"uv": [1.3125, 4.875, 1.125, 5], "texture": "#0"}
			}
		},
		{
			"name": "wheel11",
			"from": [-0.2859, 0.55025, 19.06145],
			"to": [2.4197, 2.91765, 21.42885],
			"rotation": {"angle": 0, "axis": "y", "origin": [8, 0, 8]},
			"faces": {
				"north": {"uv": [2.875, 5.5, 3.125, 5.71875], "texture": "#0"},
				"east": {"uv": [2.65625, 5.5, 2.875, 5.71875], "texture": "#0"},
				"south": {"uv": [3.34375, 5.5, 3.59375, 5.71875], "texture": "#0"},
				"west": {"uv": [3.125, 5.5, 3.34375, 5.71875], "texture": "#0"},
				"up": {"uv": [3.125, 5.5, 2.875, 5.28125], "texture": "#0"},
				"down": {"uv": [3.375, 5.28125, 3.125, 5.5], "texture": "#0"}
			}
		},
		{
			"name": "wheel12",
			"from": [0.0523, -0.97165, 15.51035],
			"to": [2.0815, 1.39575, 17.87775],
			"rotation": {"angle": 0, "axis": "y", "origin": [8, 0, 8]},
			"faces": {
				"north": {"uv": [5.78125, 2.8125, 5.96875, 3.03125], "texture": "#0"},
				"east": {"uv": [5.5625, 2.8125, 5.78125, 3.03125], "texture": "#0"},
				"south": {"uv": [6.1875, 2.8125, 6.375, 3.03125], "texture": "#0"},
				"west": {"uv": [5.96875, 2.8125, 6.1875, 3.03125], "texture": "#0"},
				"up": {"uv": [5.96875, 2.8125, 5.78125, 2.59375], "texture": "#0"},
				"down": {"uv": [6.15625, 2.59375, 5.96875, 2.8125], "texture": "#0"}
			}
		},
		{
			"name": "wheel13",
			"from": [0.0523, -0.97165, 13.14295],
			"to": [2.0815, 1.05755, 15.17215],
			"rotation": {"angle": 0, "axis": "y", "origin": [8, 0, 8]},
			"faces": {
				"north": {"uv": [1.5625, 6.03125, 1.75, 6.21875], "texture": "#0"},
				"east": {"uv": [1.375, 6.03125, 1.5625, 6.21875], "texture": "#0"},
				"south": {"uv": [1.9375, 6.03125, 2.125, 6.21875], "texture": "#0"},
				"west": {"uv": [1.75, 6.03125, 1.9375, 6.21875], "texture": "#0"},
				"up": {"uv": [1.75, 6.03125, 1.5625, 5.84375], "texture": "#0"},
				"down": {"uv": [1.9375, 5.84375, 1.75, 6.03125], "texture": "#0"}
			}
		},
		{
			"name": "wheel14",
			"from": [0.0523, -0.97165, 10.77555],
			"to": [2.0815, 1.05755, 12.80475],
			"rotation": {"angle": 0, "axis": "y", "origin": [8, 0, 8]},
			"faces": {
				"north": {"uv": [6, 6.09375, 6.1875, 6.28125], "texture": "#0"},
				"east": {"uv": [5.8125, 6.09375, 6, 6.28125], "texture": "#0"},
				"south": {"uv": [6.375, 6.09375, 6.5625, 6.28125], "texture": "#0"},
				"west": {"uv": [6.1875, 6.09375, 6.375, 6.28125], "texture": "#0"},
				"up": {"uv": [6.1875, 6.09375, 6, 5.90625], "texture": "#0"},
				"down": {"uv": [6.375, 5.90625, 6.1875, 6.09375], "texture": "#0"}
			}
		},
		{
			"name": "wheel15",
			"from": [0.0523, -0.97165, 6.71715],
			"to": [2.0815, 1.05755, 8.74635],
			"rotation": {"angle": 0, "axis": "y", "origin": [8, 0, 8]},
			"faces": {
				"north": {"uv": [3.46875, 6.15625, 3.65625, 6.34375], "texture": "#0"},
				"east": {"uv": [3.28125, 6.15625, 3.46875, 6.34375], "texture": "#0"},
				"south": {"uv": [3.84375, 6.15625, 4.03125, 6.34375], "texture": "#0"},
				"west": {"uv": [3.65625, 6.15625, 3.84375, 6.34375], "texture": "#0"},
				"up": {"uv": [3.65625, 6.15625, 3.46875, 5.96875], "texture": "#0"},
				"down": {"uv": [3.84375, 5.96875, 3.65625, 6.15625], "texture": "#0"}
			}
		},
		{
			"name": "wheel16",
			"from": [0.0523, -0.97165, 4.34975],
			"to": [2.0815, 1.05755, 6.37895],
			"rotation": {"angle": 0, "axis": "y", "origin": [8, 0, 8]},
			"faces": {
				"north": {"uv": [6.15625, 1.9375, 6.34375, 2.125], "texture": "#0"},
				"east": {"uv": [5.96875, 1.9375, 6.15625, 2.125], "texture": "#0"},
				"south": {"uv": [6.53125, 1.9375, 6.71875, 2.125], "texture": "#0"},
				"west": {"uv": [6.34375, 1.9375, 6.53125, 2.125], "texture": "#0"},
				"up": {"uv": [6.34375, 1.9375, 6.15625, 1.75], "texture": "#0"},
				"down": {"uv": [6.53125, 1.75, 6.34375, 1.9375], "texture": "#0"}
			}
		},
		{
			"name": "wheel17",
			"from": [0.0523, -0.97165, 1.64415],
			"to": [2.0815, 1.39575, 4.01155],
			"rotation": {"angle": 0, "axis": "y", "origin": [8, 0, 8]},
			"faces": {
				"north": {"uv": [5.78125, 3.25, 5.96875, 3.46875], "texture": "#0"},
				"east": {"uv": [5.5625, 3.25, 5.78125, 3.46875], "texture": "#0"},
				"south": {"uv": [6.1875, 3.25, 6.375, 3.46875], "texture": "#0"},
				"west": {"uv": [5.96875, 3.25, 6.1875, 3.46875], "texture": "#0"},
				"up": {"uv": [5.96875, 3.25, 5.78125, 3.03125], "texture": "#0"},
				"down": {"uv": [6.15625, 3.03125, 5.96875, 3.25], "texture": "#0"}
			}
		},
		{
			"name": "wheel18",
			"from": [-0.2859, 0.21205, -2.41425],
			"to": [2.4197, 2.91765, 0.29135],
			"rotation": {"angle": 0, "axis": "y", "origin": [8, 0, 8]},
			"faces": {
				"north": {"uv": [1.4375, 5.125, 1.6875, 5.375], "texture": "#0"},
				"east": {"uv": [1.1875, 5.125, 1.4375, 5.375], "texture": "#0"},
				"south": {"uv": [1.9375, 5.125, 2.1875, 5.375], "texture": "#0"},
				"west": {"uv": [1.6875, 5.125, 1.9375, 5.375], "texture": "#0"},
				"up": {"uv": [1.6875, 5.125, 1.4375, 4.875], "texture": "#0"},
				"down": {"uv": [1.9375, 4.875, 1.6875, 5.125], "texture": "#0"}
			}
		},
		{
			"name": "wheel19",
			"from": [0.0523, 1.90305, 13.48115],
			"to": [2.0815, 3.25585, 14.83395],
			"rotation": {"angle": 0, "axis": "y", "origin": [8, 0, 8]},
			"faces": {
				"north": {"uv": [1.6875, 5.5, 1.875, 5.625], "texture": "#0"},
				"east": {"uv": [1.5625, 5.5, 1.6875, 5.625], "texture": "#0"},
				"south": {"uv": [2, 5.5, 2.1875, 5.625], "texture": "#0"},
				"west": {"uv": [1.875, 5.5, 2, 5.625], "texture": "#0"},
				"up": {"uv": [1.875, 5.5, 1.6875, 5.375], "texture": "#0"},
				"down": {"uv": [2.0625, 5.375, 1.875, 5.5], "texture": "#0"}
			}
		},
		{
			"name": "wheel20",
			"from": [0.0523, 1.90305, 4.68795],
			"to": [2.0815, 3.25585, 6.04075],
			"rotation": {"angle": 0, "axis": "y", "origin": [8, 0, 8]},
			"faces": {
				"north": {"uv": [3.78125, 5.53125, 3.96875, 5.65625], "texture": "#0"},
				"east": {"uv": [3.65625, 5.53125, 3.78125, 5.65625], "texture": "#0"},
				"south": {"uv": [4.09375, 5.53125, 4.28125, 5.65625], "texture": "#0"},
				"west": {"uv": [3.96875, 5.53125, 4.09375, 5.65625], "texture": "#0"},
				"up": {"uv": [3.96875, 5.53125, 3.78125, 5.40625], "texture": "#0"},
				"down": {"uv": [4.15625, 5.40625, 3.96875, 5.53125], "texture": "#0"}
			}
		}
	],
	"display": {
		"head": {
			"rotation": [0, -180, 0],
			"translation": [0, -4.25, 0],
			"scale": [4, 4, 4]
		}
	},
	"groups": [
		{
			"name": "Archer",
			"origin": [8, 0, 8],
			"color": 0,
			"children": [
				{
					"name": "hull",
					"origin": [8.20379, 5.59109, 7.49056],
					"color": 1,
					"children": [
						0,
						1,
						2,
						3,
						4,
						5,
						6,
						7,
						8,
						9,
						10,
						11,
						12,
						13,
						14,
						15,
						16,
						17,
						18,
						19,
						20,
						21,
						22,
						23,
						24,
						25,
						26,
						27,
						28,
						29,
						30,
						31,
						32,
						33,
						34,
						35,
						{
							"name": "engine",
							"origin": [10.5365, 13.28075, 6.2538],
							"color": 2,
							"children": [36]
						}
					]
				},
				{
					"name": "gun",
					"origin": [8.3382, 9.47873, 15.10451],
					"color": 3,
					"children": [37, 38, 39, 40, 41]
				},
				{
					"name": "tracks",
					"origin": [8.3382, 1.25803, 9.54586],
					"color": 4,
					"children": [
						42,
						43,
						44,
						45,
						{
							"name": "group",
							"origin": [0.8978, 1.16513, 19.05311],
							"color": 0,
							"children": [46, 47, 48]
						},
						{
							"name": "group",
							"origin": [0.8978, 1.16513, 19.05311],
							"color": 0,
							"children": [49, 50, 51]
						},
						{
							"name": "group",
							"origin": [0.8978, 1.16513, 19.05311],
							"color": 0,
							"children": [52, 53, 54]
						},
						55,
						56,
						57,
						58,
						59,
						60,
						61
					]
				},
				{
					"name": "wheels",
					"origin": [8, -2, 9],
					"color": 5,
					"children": [
						{
							"name": "wheel1",
							"origin": [15.6095, 6.5529, 26.86675],
							"color": 6,
							"children": [62]
						},
						{
							"name": "wheel2",
							"origin": [15.6095, 5.031, 23.31565],
							"color": 7,
							"children": [63]
						},
						{
							"name": "wheel3",
							"origin": [15.6095, 4.8619, 20.77915],
							"color": 8,
							"children": [64]
						},
						{
							"name": "wheel4",
							"origin": [15.6095, 4.8619, 18.41175],
							"color": 9,
							"children": [65]
						},
						{
							"name": "wheel5",
							"origin": [15.6095, 4.8619, 14.35335],
							"color": 0,
							"children": [66]
						},
						{
							"name": "wheel6",
							"origin": [15.6095, 4.8619, 11.98595],
							"color": 1,
							"children": [67]
						},
						{
							"name": "wheel7",
							"origin": [15.6095, 5.031, 9.44945],
							"color": 2,
							"children": [68]
						},
						{
							"name": "wheel8",
							"origin": [15.6095, 6.3838, 5.56015],
							"color": 3,
							"children": [69]
						},
						{
							"name": "wheel9",
							"origin": [15.6095, 7.3984, 20.77915],
							"color": 4,
							"children": [70]
						},
						{
							"name": "wheel10",
							"origin": [15.6095, 7.3984, 11.98595],
							"color": 5,
							"children": [71]
						},
						{
							"name": "wheel11",
							"origin": [1.0669, 6.5529, 26.86675],
							"color": 6,
							"children": [72]
						},
						{
							"name": "wheel12",
							"origin": [1.0669, 5.031, 23.31565],
							"color": 7,
							"children": [73]
						},
						{
							"name": "wheel13",
							"origin": [1.0669, 4.8619, 20.77915],
							"color": 8,
							"children": [74]
						},
						{
							"name": "wheel14",
							"origin": [1.0669, 4.8619, 18.41175],
							"color": 9,
							"children": [75]
						},
						{
							"name": "wheel15",
							"origin": [1.0669, 4.8619, 14.35335],
							"color": 0,
							"children": [76]
						},
						{
							"name": "wheel16",
							"origin": [1.0669, 4.8619, 11.98595],
							"color": 1,
							"children": [77]
						},
						{
							"name": "wheel17",
							"origin": [1.0669, 5.031, 9.44945],
							"color": 2,
							"children": [78]
						},
						{
							"name": "wheel18",
							"origin": [1.0669, 6.3838, 5.56015],
							"color": 3,
							"children": [79]
						},
						{
							"name": "wheel19",
							"origin": [1.0669, 7.3984, 20.77915],
							"color": 4,
							"children": [80]
						},
						{
							"name": "wheel20",
							"origin": [1.0669, 7.3984, 11.98595],
							"color": 5,
							"children": [81]
						}
					]
				}
			]
		}
	]
}