{
	"credit": "Made with Blockbench",
	"textures": {
		"0": "items/cruiser_mk1"
	},
	"elements": [
		{
			"name": "Treads1",
			"from": [-0.9232, 6.72098, -6.82582],
			"to": [1.8653, 7.27868, 24.40538],
			"rotation": {"angle": 0, "axis": "x", "origin": [0.47105, 6.99983, 8.78978]},
			"faces": {
				"north": {"uv": [7.40625, 5.90625, 7.625, 5.9375], "texture": "#0"},
				"east": {"uv": [6.375, 2.3125, 8.875, 2.34375], "texture": "#0"},
				"south": {"uv": [7.40625, 5.96875, 7.625, 6], "texture": "#0"},
				"west": {"uv": [6.375, 2.375, 8.875, 2.40625], "texture": "#0"},
				"up": {"uv": [3.21875, 5.5, 3, 3], "texture": "#0"},
				"down": {"uv": [3.46875, 3, 3.25, 5.5], "texture": "#0"}
			}
		},
		{
			"name": "Treads2",
			"from": [-0.9232, 0.84005, -1.46145],
			"to": [1.8653, 1.39775, 17.50035],
			"rotation": {"angle": 0, "axis": "x", "origin": [8, 4.40933, 7.94597]},
			"faces": {
				"north": {"uv": [7.5, 1.375, 7.71875, 1.40625], "texture": "#0"},
				"east": {"uv": [7.03125, 1.25, 8.5625, 1.28125], "texture": "#0"},
				"south": {"uv": [7.5, 1.4375, 7.71875, 1.46875], "texture": "#0"},
				"west": {"uv": [7.03125, 1.3125, 8.5625, 1.34375], "texture": "#0"},
				"up": {"uv": [2.09375, 6.0625, 1.875, 4.53125], "texture": "#0"},
				"down": {"uv": [2.34375, 4.53125, 2.125, 6.0625], "texture": "#0"}
			}
		},
		{
			"name": "Treads3",
			"from": [-0.9232, 3.33601, 16.59124],
			"to": [1.8653, 3.89371, 24.39904],
			"rotation": {"angle": -22.5, "axis": "x", "origin": [0.47105, 4.07279, 22.92089]},
			"faces": {
				"north": {"uv": [5.25, 7.46875, 5.46875, 7.5], "rotation": 180, "texture": "#0"},
				"east": {"uv": [7.25, 6.15625, 7.875, 6.1875], "rotation": 180, "texture": "#0"},
				"south": {"uv": [5.5, 7.46875, 5.71875, 7.5], "rotation": 180, "texture": "#0"},
				"west": {"uv": [7.21875, 3.8125, 7.84375, 3.84375], "rotation": 180, "texture": "#0"},
				"up": {"uv": [4.78125, 5.71875, 4.5625, 6.34375], "rotation": 180, "texture": "#0"},
				"down": {"uv": [5.71875, 6.3125, 5.5, 5.6875], "rotation": 180, "texture": "#0"}
			}
		},
		{
			"name": "Treads3",
			"from": [-0.9232, 4, 24.7079],
			"to": [1.8653, 6.5, 25.2656],
			"rotation": {"angle": 0, "axis": "x", "origin": [0.47105, 4.07279, 22.92089]},
			"faces": {
				"north": {"uv": [7.125, 7.09375, 7.34375, 7.28125], "texture": "#0"},
				"east": {"uv": [2.375, 7.5, 2.40625, 7.6875], "texture": "#0"},
				"south": {"uv": [7.125, 6.875, 7.34375, 7.0625], "texture": "#0"},
				"west": {"uv": [2.3125, 7.5, 2.34375, 7.6875], "texture": "#0"},
				"up": {"uv": [5.96875, 7.5, 5.75, 7.46875], "rotation": 180, "texture": "#0"},
				"down": {"uv": [6.21875, 7.46875, 6, 7.5], "rotation": 180, "texture": "#0"}
			}
		},
		{
			"name": "Treads2",
			"from": [-0.9232, 4, -9],
			"to": [1.8653, 6.5, -8.4423],
			"rotation": {"angle": 0, "axis": "x", "origin": [8, 4.41579, 7.95314]},
			"faces": {
				"north": {"uv": [7.125, 6.875, 7.34375, 7.0625], "texture": "#0"},
				"east": {"uv": [2.3125, 7.5, 2.34375, 7.6875], "texture": "#0"},
				"south": {"uv": [7.125, 7.09375, 7.34375, 7.28125], "texture": "#0"},
				"west": {"uv": [2.375, 7.5, 2.40625, 7.6875], "texture": "#0"},
				"up": {"uv": [5.96875, 7.5, 5.75, 7.46875], "texture": "#0"},
				"down": {"uv": [6.21875, 7.46875, 6, 7.5], "texture": "#0"}
			}
		},
		{
			"name": "Treads2",
			"from": [-0.9232, 3.58854, -10.67833],
			"to": [1.8653, 4.14624, -2.87053],
			"rotation": {"angle": 22.5, "axis": "x", "origin": [0.47105, -1.13261, -8.77443]},
			"faces": {
				"north": {"uv": [5.5, 7.46875, 5.71875, 7.5], "rotation": 180, "texture": "#0"},
				"east": {"uv": [7.21875, 3.8125, 7.84375, 3.84375], "rotation": 180, "texture": "#0"},
				"south": {"uv": [5.25, 7.46875, 5.46875, 7.5], "rotation": 180, "texture": "#0"},
				"west": {"uv": [7.25, 6.15625, 7.875, 6.1875], "rotation": 180, "texture": "#0"},
				"up": {"uv": [4.78125, 5.71875, 4.5625, 6.34375], "texture": "#0"},
				"down": {"uv": [5.71875, 6.3125, 5.5, 5.6875], "texture": "#0"}
			}
		},
		{
			"name": "Treads1",
			"from": [-0.9232, 6.2, -9],
			"to": [1.8653, 6.7577, -6.3],
			"rotation": {"angle": -22.5, "axis": "x", "origin": [0.47105, 6.32924, -8.12698]},
			"faces": {
				"north": {"uv": [7.4375, 3.28125, 7.65625, 3.3125], "texture": "#0"},
				"east": {"uv": [7.125, 7.4375, 7.34375, 7.46875], "texture": "#0"},
				"south": {"uv": [7.375, 7.4375, 7.59375, 7.46875], "texture": "#0"},
				"west": {"uv": [7.4375, 7.375, 7.65625, 7.40625], "texture": "#0"},
				"up": {"uv": [7.0625, 4.21875, 6.84375, 4], "texture": "#0"},
				"down": {"uv": [0.34375, 6.875, 0.125, 7.09375], "texture": "#0"}
			}
		},
		{
			"name": "Treads2",
			"from": [-0.9232, 5.84121, 23.59771],
			"to": [1.8653, 6.39891, 24.99771],
			"rotation": {"angle": 45, "axis": "x", "origin": [0.47105, 6.12006, 24.94771]},
			"faces": {
				"north": {"uv": [7.375, 7.4375, 7.59375, 7.46875], "rotation": 180, "texture": "#0"},
				"east": {"uv": [7.125, 7.4375, 7.34375, 7.46875], "rotation": 180, "texture": "#0"},
				"south": {"uv": [7.4375, 3.28125, 7.65625, 3.3125], "rotation": 180, "texture": "#0"},
				"west": {"uv": [7.4375, 7.375, 7.65625, 7.40625], "rotation": 180, "texture": "#0"},
				"up": {"uv": [0.34375, 6.875, 0.125, 7.09375], "texture": "#0"},
				"down": {"uv": [7.0625, 4.21875, 6.84375, 4], "texture": "#0"}
			}
		},
		{
			"name": "Treads2",
			"from": [14.0768, 6.72098, -6.82582],
			"to": [16.8653, 7.27868, 24.40538],
			"rotation": {"angle": 0, "axis": "x", "origin": [15.47105, 6.99983, 8.78978]},
			"faces": {
				"north": {"uv": [7.40625, 5.90625, 7.625, 5.9375], "texture": "#0"},
				"east": {"uv": [6.375, 2.3125, 8.875, 2.34375], "texture": "#0"},
				"south": {"uv": [7.40625, 5.96875, 7.625, 6], "texture": "#0"},
				"west": {"uv": [6.375, 2.375, 8.875, 2.40625], "texture": "#0"},
				"up": {"uv": [3.21875, 5.5, 3, 3], "texture": "#0"},
				"down": {"uv": [3.46875, 3, 3.25, 5.5], "texture": "#0"}
			}
		},
		{
			"name": "Treads3",
			"from": [14.0768, 0.84005, -1.46145],
			"to": [16.8653, 1.39775, 17.50035],
			"rotation": {"angle": 0, "axis": "x", "origin": [23, 4.40933, 7.94597]},
			"faces": {
				"north": {"uv": [7.5, 1.375, 7.71875, 1.40625], "texture": "#0"},
				"east": {"uv": [7.03125, 1.25, 8.5625, 1.28125], "texture": "#0"},
				"south": {"uv": [7.5, 1.4375, 7.71875, 1.46875], "texture": "#0"},
				"west": {"uv": [7.03125, 1.3125, 8.5625, 1.34375], "texture": "#0"},
				"up": {"uv": [2.09375, 6.0625, 1.875, 4.53125], "texture": "#0"},
				"down": {"uv": [2.34375, 4.53125, 2.125, 6.0625], "texture": "#0"}
			}
		},
		{
			"name": "Treads4",
			"from": [14.0768, 3.33601, 16.59124],
			"to": [16.8653, 3.89371, 24.39904],
			"rotation": {"angle": -22.5, "axis": "x", "origin": [15.47105, 4.07279, 22.92089]},
			"faces": {
				"north": {"uv": [5.25, 7.46875, 5.46875, 7.5], "rotation": 180, "texture": "#0"},
				"east": {"uv": [7.25, 6.15625, 7.875, 6.1875], "rotation": 180, "texture": "#0"},
				"south": {"uv": [5.5, 7.46875, 5.71875, 7.5], "rotation": 180, "texture": "#0"},
				"west": {"uv": [7.21875, 3.8125, 7.84375, 3.84375], "rotation": 180, "texture": "#0"},
				"up": {"uv": [4.78125, 5.71875, 4.5625, 6.34375], "rotation": 180, "texture": "#0"},
				"down": {"uv": [5.71875, 6.3125, 5.5, 5.6875], "rotation": 180, "texture": "#0"}
			}
		},
		{
			"name": "Treads4",
			"from": [14.0768, 4, 24.7079],
			"to": [16.8653, 6.5, 25.2656],
			"rotation": {"angle": 0, "axis": "x", "origin": [15.47105, 4.07279, 22.92089]},
			"faces": {
				"north": {"uv": [7.125, 7.09375, 7.34375, 7.28125], "texture": "#0"},
				"east": {"uv": [2.375, 7.5, 2.40625, 7.6875], "texture": "#0"},
				"south": {"uv": [7.125, 6.875, 7.34375, 7.0625], "texture": "#0"},
				"west": {"uv": [2.3125, 7.5, 2.34375, 7.6875], "texture": "#0"},
				"up": {"uv": [5.96875, 7.5, 5.75, 7.46875], "rotation": 180, "texture": "#0"},
				"down": {"uv": [6.21875, 7.46875, 6, 7.5], "rotation": 180, "texture": "#0"}
			}
		},
		{
			"name": "Treads3",
			"from": [14.0768, 4, -9],
			"to": [16.8653, 6.5, -8.4423],
			"rotation": {"angle": 0, "axis": "x", "origin": [23, 4.41579, 7.95314]},
			"faces": {
				"north": {"uv": [7.125, 6.875, 7.34375, 7.0625], "texture": "#0"},
				"east": {"uv": [2.3125, 7.5, 2.34375, 7.6875], "texture": "#0"},
				"south": {"uv": [7.125, 7.09375, 7.34375, 7.28125], "texture": "#0"},
				"west": {"uv": [2.375, 7.5, 2.40625, 7.6875], "texture": "#0"},
				"up": {"uv": [5.96875, 7.5, 5.75, 7.46875], "texture": "#0"},
				"down": {"uv": [6.21875, 7.46875, 6, 7.5], "texture": "#0"}
			}
		},
		{
			"name": "Treads3",
			"from": [14.0768, 3.58854, -10.67833],
			"to": [16.8653, 4.14624, -2.87053],
			"rotation": {"angle": 22.5, "axis": "x", "origin": [15.47105, -1.13261, -8.77443]},
			"faces": {
				"north": {"uv": [5.5, 7.46875, 5.71875, 7.5], "rotation": 180, "texture": "#0"},
				"east": {"uv": [7.21875, 3.8125, 7.84375, 3.84375], "rotation": 180, "texture": "#0"},
				"south": {"uv": [5.25, 7.46875, 5.46875, 7.5], "rotation": 180, "texture": "#0"},
				"west": {"uv": [7.25, 6.15625, 7.875, 6.1875], "rotation": 180, "texture": "#0"},
				"up": {"uv": [4.78125, 5.71875, 4.5625, 6.34375], "texture": "#0"},
				"down": {"uv": [5.71875, 6.3125, 5.5, 5.6875], "texture": "#0"}
			}
		},
		{
			"name": "Treads2",
			"from": [14.0768, 6.2, -9],
			"to": [16.8653, 6.7577, -6.3],
			"rotation": {"angle": -22.5, "axis": "x", "origin": [15.47105, 6.32924, -8.12698]},
			"faces": {
				"north": {"uv": [7.4375, 3.28125, 7.65625, 3.3125], "texture": "#0"},
				"east": {"uv": [7.125, 7.4375, 7.34375, 7.46875], "texture": "#0"},
				"south": {"uv": [7.375, 7.4375, 7.59375, 7.46875], "texture": "#0"},
				"west": {"uv": [7.4375, 7.375, 7.65625, 7.40625], "texture": "#0"},
				"up": {"uv": [7.0625, 4.21875, 6.84375, 4], "texture": "#0"},
				"down": {"uv": [0.34375, 6.875, 0.125, 7.09375], "texture": "#0"}
			}
		},
		{
			"name": "Treads3",
			"from": [14.0768, 5.84121, 23.59771],
			"to": [16.8653, 6.39891, 24.99771],
			"rotation": {"angle": 45, "axis": "x", "origin": [15.47105, 6.12006, 24.94771]},
			"faces": {
				"north": {"uv": [7.375, 7.4375, 7.59375, 7.46875], "rotation": 180, "texture": "#0"},
				"east": {"uv": [7.125, 7.4375, 7.34375, 7.46875], "rotation": 180, "texture": "#0"},
				"south": {"uv": [7.4375, 3.28125, 7.65625, 3.3125], "rotation": 180, "texture": "#0"},
				"west": {"uv": [7.4375, 7.375, 7.65625, 7.40625], "rotation": 180, "texture": "#0"},
				"up": {"uv": [0.34375, 6.875, 0.125, 7.09375], "texture": "#0"},
				"down": {"uv": [7.0625, 4.21875, 6.84375, 4], "texture": "#0"}
			}
		},
		{
			"name": "CoverWheels",
			"from": [-2.2, 7.31055, -10],
			"to": [1.8, 7.86825, -8.8846],
			"rotation": {"angle": -45, "axis": "x", "origin": [0.18635, 7.5894, -8.68818]},
			"faces": {
				"north": {"uv": [7.375, 7.03125, 7.65625, 7.0625], "texture": "#0"},
				"east": {"uv": [3.1875, 7.53125, 3.28125, 7.5625], "texture": "#0"},
				"south": {"uv": [7.375, 7.09375, 7.65625, 7.125], "texture": "#0"},
				"west": {"uv": [3.3125, 7.53125, 3.40625, 7.5625], "texture": "#0"},
				"up": {"uv": [7.53125, 2.15625, 7.25, 2.0625], "texture": "#0"},
				"down": {"uv": [7.53125, 2.1875, 7.25, 2.28125], "texture": "#0"}
			}
		},
		{
			"name": "CoverWheels",
			"from": [-2.2, 7.31055, -9],
			"to": [1.8, 7.86825, -7.8846],
			"rotation": {"angle": -22.5, "axis": "x", "origin": [0.18635, 7.5894, -8.68818]},
			"faces": {
				"north": {"uv": [7.375, 7.03125, 7.65625, 7.0625], "texture": "#0"},
				"east": {"uv": [3.1875, 7.53125, 3.28125, 7.5625], "texture": "#0"},
				"south": {"uv": [7.375, 7.09375, 7.65625, 7.125], "texture": "#0"},
				"west": {"uv": [3.3125, 7.53125, 3.40625, 7.5625], "texture": "#0"},
				"up": {"uv": [7.53125, 2.15625, 7.25, 2.0625], "texture": "#0"},
				"down": {"uv": [7.53125, 2.1875, 7.25, 2.28125], "texture": "#0"}
			}
		},
		{
			"name": "CoverWheels",
			"from": [-2.0386, 7.26299, 24.59444],
			"to": [1.8653, 7.82069, 25.70984],
			"rotation": {"angle": 45, "axis": "x", "origin": [-0.08665, 7.54184, 25.15214]},
			"faces": {
				"north": {"uv": [7.375, 6.53125, 7.6875, 6.5625], "texture": "#0"},
				"east": {"uv": [7.53125, 0.9375, 7.625, 0.96875], "texture": "#0"},
				"south": {"uv": [7.375, 6.59375, 7.6875, 6.625], "texture": "#0"},
				"west": {"uv": [7.53125, 1, 7.625, 1.03125], "texture": "#0"},
				"up": {"uv": [7.375, 6, 7.0625, 5.90625], "texture": "#0"},
				"down": {"uv": [7.40625, 2.5, 7.09375, 2.59375], "texture": "#0"}
			}
		},
		{
			"name": "CoverWheels",
			"from": [-2.0386, 7.53245, -7.82676],
			"to": [1.8653, 8.09015, 24.85524],
			"rotation": {"angle": 0, "axis": "x", "origin": [-0.08665, 7.8113, 8.51424]},
			"faces": {
				"north": {"uv": [7.375, 5.5, 7.6875, 5.53125], "texture": "#0"},
				"east": {"uv": [6.1875, 4.40625, 8.8125, 4.4375], "texture": "#0"},
				"south": {"uv": [7.375, 6.34375, 7.6875, 6.375], "texture": "#0"},
				"west": {"uv": [6.3125, 2.65625, 8.9375, 2.6875], "texture": "#0"},
				"up": {"uv": [0.3125, 5.03125, 0, 2.40625], "texture": "#0"},
				"down": {"uv": [0.65625, 2.40625, 0.34375, 5.03125], "texture": "#0"}
			}
		},
		{
			"name": "CoverWheels",
			"from": [13.8, 7.31055, -10],
			"to": [17.8, 7.86825, -8.8846],
			"rotation": {"angle": -45, "axis": "x", "origin": [16.18635, 7.5894, -8.68818]},
			"faces": {
				"north": {"uv": [7.375, 7.03125, 7.65625, 7.0625], "texture": "#0"},
				"east": {"uv": [3.1875, 7.53125, 3.28125, 7.5625], "texture": "#0"},
				"south": {"uv": [7.375, 7.09375, 7.65625, 7.125], "texture": "#0"},
				"west": {"uv": [3.3125, 7.53125, 3.40625, 7.5625], "texture": "#0"},
				"up": {"uv": [7.53125, 2.15625, 7.25, 2.0625], "texture": "#0"},
				"down": {"uv": [7.53125, 2.1875, 7.25, 2.28125], "texture": "#0"}
			}
		},
		{
			"name": "CoverWheels",
			"from": [13.8, 7.31055, -9],
			"to": [17.8, 7.86825, -7.8846],
			"rotation": {"angle": -22.5, "axis": "x", "origin": [16.18635, 7.5894, -8.68818]},
			"faces": {
				"north": {"uv": [7.375, 7.03125, 7.65625, 7.0625], "texture": "#0"},
				"east": {"uv": [3.1875, 7.53125, 3.28125, 7.5625], "texture": "#0"},
				"south": {"uv": [7.375, 7.09375, 7.65625, 7.125], "texture": "#0"},
				"west": {"uv": [3.3125, 7.53125, 3.40625, 7.5625], "texture": "#0"},
				"up": {"uv": [7.53125, 2.15625, 7.25, 2.0625], "texture": "#0"},
				"down": {"uv": [7.53125, 2.1875, 7.25, 2.28125], "texture": "#0"}
			}
		},
		{
			"name": "CoverWheels",
			"from": [13.9614, 7.26299, 24.59444],
			"to": [17.8653, 7.82069, 25.70984],
			"rotation": {"angle": 45, "axis": "x", "origin": [15.91335, 7.54184, 25.15214]},
			"faces": {
				"north": {"uv": [7.375, 6.53125, 7.6875, 6.5625], "texture": "#0"},
				"east": {"uv": [7.53125, 0.9375, 7.625, 0.96875], "texture": "#0"},
				"south": {"uv": [7.375, 6.59375, 7.6875, 6.625], "texture": "#0"},
				"west": {"uv": [7.53125, 1, 7.625, 1.03125], "texture": "#0"},
				"up": {"uv": [7.375, 6, 7.0625, 5.90625], "texture": "#0"},
				"down": {"uv": [7.40625, 2.5, 7.09375, 2.59375], "texture": "#0"}
			}
		},
		{
			"name": "CoverWheels",
			"from": [13.9614, 7.53245, -7.82676],
			"to": [17.8653, 8.09015, 24.85524],
			"rotation": {"angle": 0, "axis": "x", "origin": [15.91335, 7.8113, 8.51424]},
			"faces": {
				"north": {"uv": [7.375, 5.5, 7.6875, 5.53125], "texture": "#0"},
				"east": {"uv": [6.1875, 4.40625, 8.8125, 4.4375], "texture": "#0"},
				"south": {"uv": [7.375, 6.34375, 7.6875, 6.375], "texture": "#0"},
				"west": {"uv": [6.3125, 2.65625, 8.9375, 2.6875], "texture": "#0"},
				"up": {"uv": [0.3125, 5.03125, 0, 2.40625], "texture": "#0"},
				"down": {"uv": [0.65625, 2.40625, 0.34375, 5.03125], "texture": "#0"}
			}
		},
		{
			"name": "CoverWheels",
			"from": [13.5848, 3.64249, -8.6279],
			"to": [14.1425, 6.98869, 22.6033],
			"rotation": {"angle": 0, "axis": "x", "origin": [8, 4.40933, 7.94597]},
			"faces": {
				"north": {"uv": [2.46875, 6.46875, 2.5, 6.75], "texture": "#0"},
				"east": {"uv": [3, 0, 5.5, 0.28125], "texture": "#0"},
				"south": {"uv": [4.34375, 7.34375, 4.375, 7.625], "texture": "#0"},
				"west": {"uv": [3, 0.3125, 5.5, 0.59375], "texture": "#0"},
				"up": {"uv": [2.59375, 8, 2.5625, 5.5], "texture": "#0"},
				"down": {"uv": [4.46875, 6, 4.4375, 8.5], "texture": "#0"}
			}
		},
		{
			"name": "CoverWheels",
			"from": [1.8575, 3.64249, -8.6279],
			"to": [2.4152, 6.98869, 22.6033],
			"rotation": {"angle": 0, "axis": "x", "origin": [8, 4.40933, 7.94597]},
			"faces": {
				"north": {"uv": [2.5, 6.46875, 2.46875, 6.75], "texture": "#0"},
				"east": {"uv": [5.5, 0.3125, 3, 0.59375], "texture": "#0"},
				"south": {"uv": [4.375, 7.34375, 4.34375, 7.625], "texture": "#0"},
				"west": {"uv": [5.5, 0, 3, 0.28125], "texture": "#0"},
				"up": {"uv": [2.5625, 8, 2.59375, 5.5], "texture": "#0"},
				"down": {"uv": [4.4375, 6, 4.46875, 8.5], "texture": "#0"}
			}
		},
		{
			"name": "CoverWheels",
			"from": [1.8653, 1.96939, -3.6086],
			"to": [2.423, 3.64249, 5.8723],
			"rotation": {"angle": 0, "axis": "x", "origin": [8, 4.40933, 7.94597]},
			"faces": {
				"north": {"uv": [1.96875, 2.40625, 1.9375, 2.53125], "texture": "#0"},
				"east": {"uv": [7.0625, 2.5, 6.3125, 2.625], "texture": "#0"},
				"south": {"uv": [6.96875, 4.46875, 6.9375, 4.59375], "texture": "#0"},
				"west": {"uv": [7, 1.25, 6.25, 1.375], "texture": "#0"},
				"up": {"uv": [6.875, 7.96875, 6.90625, 7.21875], "texture": "#0"},
				"down": {"uv": [6.9375, 7.21875, 6.96875, 7.96875], "texture": "#0"}
			}
		},
		{
			"name": "CoverWheels",
			"from": [1.8653, 1.96939, 5.8723],
			"to": [2.423, 3.64249, 18.1417],
			"rotation": {"angle": 0, "axis": "x", "origin": [8, 4.40933, 7.94597]},
			"faces": {
				"north": {"uv": [7, 2.96875, 6.96875, 3.09375], "texture": "#0"},
				"east": {"uv": [6.90625, 4.46875, 5.9375, 4.59375], "texture": "#0"},
				"south": {"uv": [7.03125, 5.65625, 7, 5.78125], "texture": "#0"},
				"west": {"uv": [6.90625, 0.90625, 5.9375, 1.03125], "texture": "#0"},
				"up": {"uv": [2.5, 8.09375, 2.53125, 7.125], "texture": "#0"},
				"down": {"uv": [4.84375, 7.1875, 4.875, 8.15625], "texture": "#0"}
			}
		},
		{
			"name": "CoverWheels",
			"from": [13.577, 1.96939, 5.8723],
			"to": [14.1347, 3.64249, 18.1417],
			"rotation": {"angle": 0, "axis": "x", "origin": [8, 4.40933, 7.94597]},
			"faces": {
				"north": {"uv": [6.96875, 2.96875, 7, 3.09375], "texture": "#0"},
				"east": {"uv": [5.9375, 0.90625, 6.90625, 1.03125], "texture": "#0"},
				"south": {"uv": [7, 5.65625, 7.03125, 5.78125], "texture": "#0"},
				"west": {"uv": [5.9375, 4.46875, 6.90625, 4.59375], "texture": "#0"},
				"up": {"uv": [2.53125, 8.09375, 2.5, 7.125], "texture": "#0"},
				"down": {"uv": [4.875, 7.1875, 4.84375, 8.15625], "texture": "#0"}
			}
		},
		{
			"name": "CoverWheels",
			"from": [13.577, 1.96939, -3.6086],
			"to": [14.1347, 3.64249, 5.8723],
			"rotation": {"angle": 0, "axis": "x", "origin": [8, 4.40933, 7.94597]},
			"faces": {
				"north": {"uv": [1.9375, 2.40625, 1.96875, 2.53125], "texture": "#0"},
				"east": {"uv": [6.25, 1.25, 7, 1.375], "texture": "#0"},
				"south": {"uv": [6.9375, 4.46875, 6.96875, 4.59375], "texture": "#0"},
				"west": {"uv": [6.3125, 2.5, 7.0625, 2.625], "texture": "#0"},
				"up": {"uv": [6.90625, 7.96875, 6.875, 7.21875], "texture": "#0"},
				"down": {"uv": [6.96875, 7.21875, 6.9375, 7.96875], "texture": "#0"}
			}
		},
		{
			"name": "Main",
			"from": [1.8653, 5.56221, -9.5],
			"to": [14.1347, 6.67761, -5.0384],
			"rotation": {"angle": -45, "axis": "x", "origin": [8, 6.11991, -7.2475]},
			"faces": {
				"north": {"uv": [4.75, 3.46875, 5.71875, 3.5625], "texture": "#0"},
				"east": {"uv": [5.75, 3.46875, 6.09375, 3.5625], "texture": "#0"},
				"south": {"uv": [6.375, 1.5625, 7.34375, 1.65625], "texture": "#0"},
				"west": {"uv": [7.0625, 3.21875, 7.40625, 3.3125], "texture": "#0"},
				"up": {"uv": [4.71875, 5, 3.75, 4.65625], "texture": "#0"},
				"down": {"uv": [5.6875, 3.84375, 4.71875, 4.1875], "texture": "#0"}
			}
		},
		{
			"name": "Main",
			"from": [1.8653, 5.30165, -5.59596],
			"to": [14.1347, 8.09015, 23.96214],
			"rotation": {"angle": 0, "axis": "y", "origin": [8, 6.6959, 9.18309]},
			"faces": {
				"north": {"uv": [0, 5.375, 0.96875, 5.59375], "texture": "#0"},
				"east": {"uv": [3.84375, 1.25, 6.21875, 1.46875], "texture": "#0"},
				"south": {"uv": [5.3125, 5.21875, 6.28125, 5.4375], "texture": "#0"},
				"west": {"uv": [3.75, 3.59375, 6.125, 3.8125], "texture": "#0"},
				"up": {"uv": [0.96875, 2.375, 0, 0], "rotation": 180, "texture": "#0"},
				"down": {"uv": [1.96875, 0, 1, 2.375], "rotation": 180, "texture": "#0"}
			}
		},
		{
			"name": "Main",
			"from": [1.8653, 8.09015, 1.4107],
			"to": [14.1347, 10.87865, 17.0263],
			"rotation": {"angle": 0, "axis": "x", "origin": [8, 0, 8]},
			"faces": {
				"north": {"uv": [5.375, 1.5, 6.34375, 1.71875], "texture": "#0"},
				"east": {"uv": [4.75, 3.21875, 6, 3.4375], "texture": "#0"},
				"south": {"uv": [5.375, 1.75, 6.34375, 1.96875], "texture": "#0"},
				"west": {"uv": [4.75, 4.65625, 6, 4.875], "texture": "#0"},
				"up": {"uv": [2.96875, 1.25, 2, 0], "texture": "#0"},
				"down": {"uv": [2.96875, 1.28125, 2, 2.53125], "texture": "#0"}
			}
		},
		{
			"name": "Main",
			"from": [1.8614, 6.99005, 16.4115],
			"to": [14.1308, 9.77855, 23.60583],
			"rotation": {"angle": 22.5, "axis": "x", "origin": [8, 8.942, 19.2]},
			"faces": {
				"north": {"uv": [5.375, 2, 6.34375, 2.21875], "texture": "#0"},
				"east": {"uv": [5.9375, 0.65625, 6.5, 0.875], "texture": "#0"},
				"south": {"uv": [5.375, 2.25, 6.34375, 2.46875], "texture": "#0"},
				"west": {"uv": [5.96875, 2.75, 6.53125, 2.96875], "texture": "#0"},
				"up": {"uv": [2.59375, 4.09375, 1.625, 3.53125], "texture": "#0"},
				"down": {"uv": [4.71875, 3, 3.75, 3.5625], "texture": "#0"}
			}
		},
		{
			"name": "Main",
			"from": [2.2553, 8.09015, -3.2186],
			"to": [6.8846, 11.43635, 1.4107],
			"rotation": {"angle": 0, "axis": "x", "origin": [8, 0, 8]},
			"faces": {
				"north": {"uv": [6.03125, 3.15625, 6.40625, 3.4375], "texture": "#0"},
				"east": {"uv": [1.375, 6.09375, 1.75, 6.375], "texture": "#0"},
				"south": {"uv": [1.78125, 6.09375, 2.15625, 6.375], "texture": "#0"},
				"west": {"uv": [3.71875, 6.09375, 4.09375, 6.375], "texture": "#0"},
				"up": {"uv": [5.90625, 1.03125, 5.53125, 0.65625], "texture": "#0"},
				"down": {"uv": [5.90625, 4.21875, 5.53125, 4.59375], "texture": "#0"}
			}
		},
		{
			"name": "Main",
			"from": [3.14737, 8.65955, -3.76117],
			"to": [5.93587, 10.89035, -3.20347],
			"rotation": {"angle": 0, "axis": "x", "origin": [8, 0, 8]},
			"faces": {
				"north": {"uv": [5.78125, 7.125, 6, 7.3125], "texture": "#0"},
				"east": {"uv": [4.125, 7.46875, 4.15625, 7.65625], "texture": "#0"},
				"south": {"uv": [7.125, 6.21875, 7.34375, 6.40625], "texture": "#0"},
				"west": {"uv": [2.125, 7.5, 2.15625, 7.6875], "texture": "#0"},
				"up": {"uv": [1.59375, 7.5, 1.375, 7.46875], "texture": "#0"},
				"down": {"uv": [3.15625, 7.46875, 2.9375, 7.5], "texture": "#0"}
			}
		},
		{
			"name": "Main",
			"from": [3.98392, 8.17955, -5.31119],
			"to": [5.09932, 9.29495, -3.08039],
			"rotation": {"angle": 22.5, "axis": "x", "origin": [4.41682, 9.88564, -0.68276]},
			"faces": {
				"north": {"uv": [7.40625, 0.8125, 7.5, 0.90625], "texture": "#0"},
				"east": {"uv": [1.5625, 7.34375, 1.375, 7.4375], "texture": "#0"},
				"south": {"uv": [7.40625, 0.9375, 7.5, 1.03125], "texture": "#0"},
				"west": {"uv": [1.375, 7.34375, 1.5625, 7.4375], "texture": "#0"},
				"up": {"uv": [5.34375, 2.75, 5.25, 2.5625], "texture": "#0"},
				"down": {"uv": [5.40625, 6.125, 5.3125, 6.3125], "texture": "#0"}
			}
		},
		{
			"name": "Main",
			"from": [10.06413, 8.65955, -3.76117],
			"to": [12.85263, 10.89035, -3.20347],
			"rotation": {"angle": 0, "axis": "x", "origin": [8, 0, 8]},
			"faces": {
				"north": {"uv": [6, 7.125, 5.78125, 7.3125], "texture": "#0"},
				"east": {"uv": [2.15625, 7.5, 2.125, 7.6875], "texture": "#0"},
				"south": {"uv": [7.34375, 6.21875, 7.125, 6.40625], "texture": "#0"},
				"west": {"uv": [4.15625, 7.46875, 4.125, 7.65625], "texture": "#0"},
				"up": {"uv": [1.375, 7.5, 1.59375, 7.46875], "texture": "#0"},
				"down": {"uv": [2.9375, 7.46875, 3.15625, 7.5], "texture": "#0"}
			}
		},
		{
			"name": "Main",
			"from": [10.90068, 8.17955, -5.31119],
			"to": [12.01608, 9.29495, -3.08039],
			"rotation": {"angle": 22.5, "axis": "x", "origin": [11.58318, 9.88564, -0.68276]},
			"faces": {
				"north": {"uv": [7.5, 0.8125, 7.40625, 0.90625], "texture": "#0"},
				"east": {"uv": [1.5625, 7.34375, 1.375, 7.4375], "texture": "#0"},
				"south": {"uv": [7.5, 0.9375, 7.40625, 1.03125], "texture": "#0"},
				"west": {"uv": [1.375, 7.34375, 1.5625, 7.4375], "texture": "#0"},
				"up": {"uv": [5.25, 2.75, 5.34375, 2.5625], "texture": "#0"},
				"down": {"uv": [5.3125, 6.125, 5.40625, 6.3125], "texture": "#0"}
			}
		},
		{
			"name": "Main",
			"from": [9.1154, 8.09015, -3.2186],
			"to": [13.7447, 11.43635, 1.4107],
			"rotation": {"angle": 0, "axis": "x", "origin": [8, 0, 8]},
			"faces": {
				"north": {"uv": [6, 6.09375, 6.375, 6.375], "texture": "#0"},
				"east": {"uv": [6.15625, 3.46875, 6.53125, 3.75], "texture": "#0"},
				"south": {"uv": [6.1875, 3.78125, 6.5625, 4.0625], "texture": "#0"},
				"west": {"uv": [6.1875, 4.09375, 6.5625, 4.375], "texture": "#0"},
				"up": {"uv": [5.9375, 3.125, 5.5625, 2.75], "texture": "#0"},
				"down": {"uv": [3.8125, 5.5625, 3.4375, 5.9375], "texture": "#0"}
			}
		},
		{
			"name": "Main",
			"from": [6.87967, 8.09015, -3.59347],
			"to": [9.12217, 10.26635, 1.42583],
			"rotation": {"angle": 0, "axis": "x", "origin": [8, 0, 8]},
			"faces": {
				"north": {"uv": [6.28125, 7.15625, 6.46875, 7.34375], "texture": "#0"},
				"east": {"uv": [4.8125, 2.5625, 5.21875, 2.75], "texture": "#0"},
				"south": {"uv": [7.1875, 0.8125, 7.375, 1], "texture": "#0"},
				"west": {"uv": [3.71875, 6.40625, 4.125, 6.59375], "texture": "#0"},
				"up": {"uv": [4.75, 6.78125, 4.5625, 6.375], "texture": "#0"},
				"down": {"uv": [6.59375, 6.21875, 6.40625, 6.625], "texture": "#0"}
			}
		},
		{
			"name": "Main",
			"from": [6.87967, 6.59283, -5.04638],
			"to": [9.12217, 8.76903, -1.97708],
			"rotation": {"angle": -45, "axis": "x", "origin": [8.00092, 7.68093, -4.48673]},
			"faces": {
				"north": {"uv": [6.03125, 6.875, 6.21875, 7.0625], "texture": "#0"},
				"east": {"uv": [7.09375, 5.375, 7.34375, 5.5625], "texture": "#0"},
				"south": {"uv": [7.15625, 4.71875, 7.34375, 4.90625], "texture": "#0"},
				"west": {"uv": [1.375, 7.125, 1.625, 7.3125], "texture": "#0"},
				"up": {"uv": [5.90625, 4.09375, 5.71875, 3.84375], "texture": "#0"},
				"down": {"uv": [5.25, 6.9375, 5.0625, 7.1875], "texture": "#0"}
			}
		},
		{
			"name": "Main",
			"from": [2.9807, 10.87865, 1.9684],
			"to": [13.0193, 11.99405, 12.5647],
			"rotation": {"angle": 0, "axis": "x", "origin": [8, 0, 8]},
			"faces": {
				"north": {"uv": [6.40625, 1.125, 7.21875, 1.21875], "texture": "#0"},
				"east": {"uv": [6.375, 2.0625, 7.21875, 2.15625], "texture": "#0"},
				"south": {"uv": [1.375, 6.40625, 2.1875, 6.5], "texture": "#0"},
				"west": {"uv": [6.375, 2.1875, 7.21875, 2.28125], "texture": "#0"},
				"up": {"uv": [3.8125, 2.09375, 3, 1.25], "texture": "#0"},
				"down": {"uv": [3.8125, 2.125, 3, 2.96875], "texture": "#0"}
			}
		},
		{
			"name": "Main",
			"from": [-0.9232, 8.09015, 3.0838],
			"to": [1.8653, 10.32095, 14.7955],
			"rotation": {"angle": 0, "axis": "x", "origin": [8, 0, 8]},
			"faces": {
				"north": {"uv": [3.9375, 7.125, 4.15625, 7.3125], "texture": "#0"},
				"east": {"uv": [5.5, 5.46875, 6.4375, 5.65625], "texture": "#0"},
				"south": {"uv": [4.1875, 7.125, 4.40625, 7.3125], "texture": "#0"},
				"west": {"uv": [5.53125, 0, 6.46875, 0.1875], "texture": "#0"},
				"up": {"uv": [2.59375, 5.46875, 2.375, 4.53125], "texture": "#0"},
				"down": {"uv": [4.53125, 5.03125, 4.3125, 5.96875], "texture": "#0"}
			}
		},
		{
			"name": "Main",
			"from": [14.1347, 8.09015, 3.0838],
			"to": [16.9232, 10.32095, 14.7955],
			"rotation": {"angle": 0, "axis": "x", "origin": [8, 0, 8]},
			"faces": {
				"north": {"uv": [5.28125, 7.125, 5.5, 7.3125], "texture": "#0"},
				"east": {"uv": [5.53125, 0.21875, 6.46875, 0.40625], "texture": "#0"},
				"south": {"uv": [5.53125, 7.125, 5.75, 7.3125], "texture": "#0"},
				"west": {"uv": [5.53125, 0.4375, 6.46875, 0.625], "texture": "#0"},
				"up": {"uv": [1.21875, 6, 1, 5.0625], "texture": "#0"},
				"down": {"uv": [2.84375, 5.09375, 2.625, 6.03125], "texture": "#0"}
			}
		},
		{
			"name": "Engine",
			"from": [2.423, 9.77855, 19.2],
			"to": [13.577, 10.89395, 21.9885],
			"rotation": {"angle": 22.5, "axis": "x", "origin": [8, 8.942, 19.2]},
			"faces": {
				"north": {"uv": [6.375, 1.6875, 7.28125, 1.78125], "texture": "#0"},
				"east": {"uv": [7.3125, 1.8125, 7.53125, 1.90625], "texture": "#0"},
				"south": {"uv": [6.375, 1.8125, 7.28125, 1.90625], "texture": "#0"},
				"west": {"uv": [2.125, 7.3125, 2.34375, 7.40625], "texture": "#0"},
				"up": {"uv": [6.28125, 2.71875, 5.375, 2.5], "texture": "#0"},
				"down": {"uv": [5.46875, 5.46875, 4.5625, 5.6875], "texture": "#0"}
			}
		},
		{
			"name": "AnimatedWheel1",
			"from": [14.1347, 3.62855, -7.65192],
			"to": [16.9232, 6.41705, -4.86342],
			"rotation": {"angle": 0, "axis": "x", "origin": [8, 4.40933, 7.94597]},
			"faces": {
				"north": {"uv": [6.8125, 3.15625, 7.03125, 3.375], "texture": "#0"},
				"east": {"uv": [6.8125, 5.84375, 7.03125, 6.0625], "texture": "#0"},
				"south": {"uv": [2.6875, 6.84375, 2.90625, 7.0625], "texture": "#0"},
				"west": {"uv": [2.9375, 6.84375, 3.15625, 7.0625], "texture": "#0"},
				"up": {"uv": [3.40625, 7.0625, 3.1875, 6.84375], "texture": "#0"},
				"down": {"uv": [3.65625, 6.84375, 3.4375, 7.0625], "texture": "#0"}
			}
		},
		{
			"name": "AnimatedWheel2",
			"from": [14.1347, 2.51315, -4.02687],
			"to": [16.9232, 6.41705, -0.12297],
			"rotation": {"angle": 0, "axis": "x", "origin": [8, 4.40933, 7.94597]},
			"faces": {
				"north": {"uv": [2.21875, 6.46875, 2.4375, 6.78125], "texture": "#0"},
				"east": {"uv": [6.1875, 4.625, 6.5, 4.9375], "texture": "#0"},
				"south": {"uv": [6.5, 0, 6.71875, 0.3125], "texture": "#0"},
				"west": {"uv": [0, 6.28125, 0.3125, 6.59375], "texture": "#0"},
				"up": {"uv": [2.90625, 6.8125, 2.6875, 6.5], "texture": "#0"},
				"down": {"uv": [3.15625, 6.5, 2.9375, 6.8125], "texture": "#0"}
			}
		},
		{
			"name": "AnimatedWheel3",
			"from": [14.1347, 1.95545, 0.2953],
			"to": [16.9232, 4.74395, 3.0838],
			"rotation": {"angle": 0, "axis": "x", "origin": [8, 4.40933, 7.94597]},
			"faces": {
				"north": {"uv": [6.75, 0, 6.96875, 0.21875], "texture": "#0"},
				"east": {"uv": [6.78125, 0.25, 7, 0.46875], "texture": "#0"},
				"south": {"uv": [6.78125, 0.5, 7, 0.71875], "texture": "#0"},
				"west": {"uv": [6.78125, 4.625, 7, 4.84375], "texture": "#0"},
				"up": {"uv": [2.34375, 7.03125, 2.125, 6.8125], "texture": "#0"},
				"down": {"uv": [7.03125, 2.71875, 6.8125, 2.9375], "texture": "#0"}
			}
		},
		{
			"name": "AnimatedWheel4",
			"from": [14.1347, 1.95545, 3.78093],
			"to": [16.9232, 4.74395, 6.56943],
			"rotation": {"angle": 0, "axis": "x", "origin": [8, 4.40933, 7.94597]},
			"faces": {
				"north": {"uv": [6.375, 6.65625, 6.59375, 6.875], "texture": "#0"},
				"east": {"uv": [4.78125, 6.6875, 5, 6.90625], "texture": "#0"},
				"south": {"uv": [5.03125, 6.6875, 5.25, 6.90625], "texture": "#0"},
				"west": {"uv": [6.71875, 3.5, 6.9375, 3.71875], "texture": "#0"},
				"up": {"uv": [6.9375, 3.96875, 6.71875, 3.75], "texture": "#0"},
				"down": {"uv": [6.84375, 6.71875, 6.625, 6.9375], "texture": "#0"}
			}
		},
		{
			"name": "AnimatedWheel5",
			"from": [14.1347, 1.95545, 8.24253],
			"to": [16.9232, 4.74395, 11.03103],
			"rotation": {"angle": 0, "axis": "x", "origin": [8, 4.40933, 7.94597]},
			"faces": {
				"north": {"uv": [6.5625, 2.71875, 6.78125, 2.9375], "texture": "#0"},
				"east": {"uv": [6.5625, 5.84375, 6.78125, 6.0625], "texture": "#0"},
				"south": {"uv": [6.59375, 4.0625, 6.8125, 4.28125], "texture": "#0"},
				"west": {"uv": [0.125, 6.625, 0.34375, 6.84375], "texture": "#0"},
				"up": {"uv": [0.59375, 6.84375, 0.375, 6.625], "texture": "#0"},
				"down": {"uv": [0.84375, 6.625, 0.625, 6.84375], "texture": "#0"}
			}
		},
		{
			"name": "AnimatedWheel6",
			"from": [14.1347, 1.95545, 11.72815],
			"to": [16.9232, 4.74395, 14.51665],
			"rotation": {"angle": 0, "axis": "x", "origin": [8, 4.40933, 7.94597]},
			"faces": {
				"north": {"uv": [0.875, 6.625, 1.09375, 6.84375], "texture": "#0"},
				"east": {"uv": [1.125, 6.625, 1.34375, 6.84375], "texture": "#0"},
				"south": {"uv": [3.6875, 6.625, 3.90625, 6.84375], "texture": "#0"},
				"west": {"uv": [6.625, 6.21875, 6.84375, 6.4375], "texture": "#0"},
				"up": {"uv": [6.84375, 6.6875, 6.625, 6.46875], "texture": "#0"},
				"down": {"uv": [6.875, 4.96875, 6.65625, 5.1875], "texture": "#0"}
			}
		},
		{
			"name": "AnimatedWheel7",
			"from": [14.1347, 2.2343, 14.93493],
			"to": [16.9232, 6.1382, 18.83883],
			"rotation": {"angle": 0, "axis": "x", "origin": [8, 4.40933, 7.94597]},
			"faces": {
				"north": {"uv": [3.1875, 6.5, 3.40625, 6.8125], "texture": "#0"},
				"east": {"uv": [0.34375, 6.28125, 0.65625, 6.59375], "texture": "#0"},
				"south": {"uv": [3.4375, 6.5, 3.65625, 6.8125], "texture": "#0"},
				"west": {"uv": [0.6875, 6.28125, 1, 6.59375], "texture": "#0"},
				"up": {"uv": [6.75, 0.65625, 6.53125, 0.34375], "texture": "#0"},
				"down": {"uv": [1.59375, 6.53125, 1.375, 6.84375], "texture": "#0"}
			}
		},
		{
			"name": "AnimatedWheel8",
			"from": [14.1347, 3.62855, 19.8148],
			"to": [16.9232, 6.41705, 22.6033],
			"rotation": {"angle": 0, "axis": "x", "origin": [8, 4.40933, 7.94597]},
			"faces": {
				"north": {"uv": [7.09375, 4.15625, 7.3125, 4.375], "texture": "#0"},
				"east": {"uv": [7.09375, 5.125, 7.3125, 5.34375], "texture": "#0"},
				"south": {"uv": [6.03125, 7.09375, 6.25, 7.3125], "texture": "#0"},
				"west": {"uv": [0.125, 7.125, 0.34375, 7.34375], "texture": "#0"},
				"up": {"uv": [0.59375, 7.34375, 0.375, 7.125], "texture": "#0"},
				"down": {"uv": [0.84375, 7.125, 0.625, 7.34375], "texture": "#0"}
			}
		},
		{
			"name": "AnimatedWheel9",
			"from": [-0.9232, 3.62855, -7.65192],
			"to": [1.8653, 6.41705, -4.86342],
			"rotation": {"angle": 0, "axis": "x", "origin": [8, 4.40933, 7.94597]},
			"faces": {
				"north": {"uv": [0.875, 6.875, 1.09375, 7.09375], "texture": "#0"},
				"east": {"uv": [1.125, 6.875, 1.34375, 7.09375], "texture": "#0"},
				"south": {"uv": [1.375, 6.875, 1.59375, 7.09375], "texture": "#0"},
				"west": {"uv": [1.625, 6.875, 1.84375, 7.09375], "texture": "#0"},
				"up": {"uv": [2.09375, 7.09375, 1.875, 6.875], "texture": "#0"},
				"down": {"uv": [3.90625, 6.875, 3.6875, 7.09375], "texture": "#0"}
			}
		},
		{
			"name": "AnimatedWheel10",
			"from": [-0.9232, 2.51315, -4.02687],
			"to": [1.8653, 6.41705, -0.12297],
			"rotation": {"angle": 0, "axis": "x", "origin": [8, 4.40933, 7.94597]},
			"faces": {
				"north": {"uv": [1.625, 6.53125, 1.84375, 6.84375], "texture": "#0"},
				"east": {"uv": [1.03125, 6.28125, 1.34375, 6.59375], "texture": "#0"},
				"south": {"uv": [1.875, 6.53125, 2.09375, 6.84375], "texture": "#0"},
				"west": {"uv": [6.3125, 4.96875, 6.625, 5.28125], "texture": "#0"},
				"up": {"uv": [4.375, 6.84375, 4.15625, 6.53125], "texture": "#0"},
				"down": {"uv": [6.75, 4.625, 6.53125, 4.9375], "texture": "#0"}
			}
		},
		{
			"name": "AnimatedWheel11",
			"from": [-0.9232, 1.95545, 0.2953],
			"to": [1.8653, 4.74395, 3.0838],
			"rotation": {"angle": 0, "axis": "x", "origin": [8, 4.40933, 7.94597]},
			"faces": {
				"north": {"uv": [3.9375, 6.875, 4.15625, 7.09375], "texture": "#0"},
				"east": {"uv": [4.1875, 6.875, 4.40625, 7.09375], "texture": "#0"},
				"south": {"uv": [5.28125, 6.875, 5.5, 7.09375], "texture": "#0"},
				"west": {"uv": [5.53125, 6.875, 5.75, 7.09375], "texture": "#0"},
				"up": {"uv": [6, 7.09375, 5.78125, 6.875], "texture": "#0"},
				"down": {"uv": [7.09375, 6.21875, 6.875, 6.4375], "texture": "#0"}
			}
		},
		{
			"name": "AnimatedWheel12",
			"from": [-0.9232, 1.95545, 3.78093],
			"to": [1.8653, 4.74395, 6.56943],
			"rotation": {"angle": 0, "axis": "x", "origin": [8, 4.40933, 7.94597]},
			"faces": {
				"north": {"uv": [6.875, 6.46875, 7.09375, 6.6875], "texture": "#0"},
				"east": {"uv": [6.875, 6.71875, 7.09375, 6.9375], "texture": "#0"},
				"south": {"uv": [6.90625, 4.875, 7.125, 5.09375], "texture": "#0"},
				"west": {"uv": [6.375, 6.90625, 6.59375, 7.125], "texture": "#0"},
				"up": {"uv": [7.15625, 1.03125, 6.9375, 0.8125], "texture": "#0"},
				"down": {"uv": [4.78125, 6.9375, 4.5625, 7.15625], "texture": "#0"}
			}
		},
		{
			"name": "AnimatedWheel13",
			"from": [-0.9232, 1.95545, 8.24253],
			"to": [1.8653, 4.74395, 11.03103],
			"rotation": {"angle": 0, "axis": "x", "origin": [8, 4.40933, 7.94597]},
			"faces": {
				"north": {"uv": [4.8125, 6.9375, 5.03125, 7.15625], "texture": "#0"},
				"east": {"uv": [6.96875, 3.40625, 7.1875, 3.625], "texture": "#0"},
				"south": {"uv": [6.96875, 3.65625, 7.1875, 3.875], "texture": "#0"},
				"west": {"uv": [6.625, 6.96875, 6.84375, 7.1875], "texture": "#0"},
				"up": {"uv": [7.09375, 7.1875, 6.875, 6.96875], "texture": "#0"},
				"down": {"uv": [7.21875, 0, 7, 0.21875], "texture": "#0"}
			}
		},
		{
			"name": "AnimatedWheel14",
			"from": [-0.9232, 1.95545, 11.72815],
			"to": [1.8653, 4.74395, 14.51665],
			"rotation": {"angle": 0, "axis": "x", "origin": [8, 4.40933, 7.94597]},
			"faces": {
				"north": {"uv": [7.03125, 0.25, 7.25, 0.46875], "texture": "#0"},
				"east": {"uv": [7.03125, 0.5, 7.25, 0.71875], "texture": "#0"},
				"south": {"uv": [7.03125, 4.46875, 7.25, 4.6875], "texture": "#0"},
				"west": {"uv": [2.125, 7.0625, 2.34375, 7.28125], "texture": "#0"},
				"up": {"uv": [7.28125, 2.9375, 7.0625, 2.71875], "texture": "#0"},
				"down": {"uv": [7.28125, 2.96875, 7.0625, 3.1875], "texture": "#0"}
			}
		},
		{
			"name": "AnimatedWheel15",
			"from": [-0.9232, 2.2343, 14.93493],
			"to": [1.8653, 6.1382, 18.83883],
			"rotation": {"angle": 0, "axis": "x", "origin": [8, 4.40933, 7.94597]},
			"faces": {
				"north": {"uv": [5.5, 6.53125, 5.71875, 6.84375], "texture": "#0"},
				"east": {"uv": [4.8125, 6.34375, 5.125, 6.65625], "texture": "#0"},
				"south": {"uv": [5.75, 6.53125, 5.96875, 6.84375], "texture": "#0"},
				"west": {"uv": [5.15625, 6.34375, 5.46875, 6.65625], "texture": "#0"},
				"up": {"uv": [6.21875, 6.84375, 6, 6.53125], "texture": "#0"},
				"down": {"uv": [6.78125, 3.15625, 6.5625, 3.46875], "texture": "#0"}
			}
		},
		{
			"name": "AnimatedWheel16",
			"from": [-0.9232, 3.62855, 19.8148],
			"to": [1.8653, 6.41705, 22.6033],
			"rotation": {"angle": 0, "axis": "x", "origin": [8, 4.40933, 7.94597]},
			"faces": {
				"north": {"uv": [7.0625, 5.65625, 7.28125, 5.875], "texture": "#0"},
				"east": {"uv": [2.6875, 7.09375, 2.90625, 7.3125], "texture": "#0"},
				"south": {"uv": [2.9375, 7.09375, 3.15625, 7.3125], "texture": "#0"},
				"west": {"uv": [3.1875, 7.09375, 3.40625, 7.3125], "texture": "#0"},
				"up": {"uv": [3.65625, 7.3125, 3.4375, 7.09375], "texture": "#0"},
				"down": {"uv": [7.3125, 3.90625, 7.09375, 4.125], "texture": "#0"}
			}
		},
		{
			"name": "Turret",
			"from": [3.0353, 11.99405, 2.5261],
			"to": [12.9647, 17.01335, 14.2378],
			"rotation": {"angle": 0, "axis": "y", "origin": [8, 0, 8]},
			"faces": {
				"north": {"uv": [4.71875, 4.21875, 5.5, 4.625], "texture": "#0"},
				"east": {"uv": [3.84375, 1.5, 4.78125, 1.90625], "texture": "#0"},
				"south": {"uv": [4.75, 2.78125, 5.53125, 3.1875], "texture": "#0"},
				"west": {"uv": [3.84375, 1.9375, 4.78125, 2.34375], "texture": "#0"},
				"up": {"uv": [2.15625, 3.5, 1.375, 2.5625], "texture": "#0"},
				"down": {"uv": [2.96875, 2.5625, 2.1875, 3.5], "texture": "#0"}
			}
		},
		{
			"name": "Turret",
			"from": [5.7692, 13.11335, 1.4107],
			"to": [12.4616, 15.90185, 2.5261],
			"rotation": {"angle": 0, "axis": "y", "origin": [8, 0, 8]},
			"faces": {
				"north": {"uv": [6, 5.84375, 6.53125, 6.0625], "texture": "#0"},
				"east": {"uv": [0.875, 5.0625, 0.96875, 5.28125], "texture": "#0"},
				"south": {"uv": [0.8125, 6.03125, 1.34375, 6.25], "texture": "#0"},
				"west": {"uv": [2.875, 5.21875, 2.96875, 5.4375], "texture": "#0"},
				"up": {"uv": [1.90625, 2.5, 1.375, 2.40625], "texture": "#0"},
				"down": {"uv": [7, 5.46875, 6.46875, 5.5625], "texture": "#0"}
			}
		},
		{
			"name": "Turret",
			"from": [6.8846, 13.66715, -1.3778],
			"to": [9.1154, 15.34025, 1.4107],
			"rotation": {"angle": 0, "axis": "y", "origin": [8, 0, 8]},
			"faces": {
				"north": {"uv": [5.28125, 6.6875, 5.46875, 6.8125], "texture": "#0"},
				"east": {"uv": [7.21875, 3.5, 7.4375, 3.625], "texture": "#0"},
				"south": {"uv": [7.28125, 0.375, 7.46875, 0.5], "texture": "#0"},
				"west": {"uv": [7.21875, 3.65625, 7.4375, 3.78125], "texture": "#0"},
				"up": {"uv": [4.125, 6.84375, 3.9375, 6.625], "texture": "#0"},
				"down": {"uv": [2.09375, 7.125, 1.90625, 7.34375], "texture": "#0"}
			}
		},
		{
			"name": "Turret",
			"from": [7.4423, 13.946, -11.4164],
			"to": [8.5577, 15.0614, -1.3778],
			"rotation": {"angle": 0, "axis": "y", "origin": [8, 0, 8]},
			"faces": {
				"north": {"uv": [3.71875, 5.96875, 3.8125, 6.0625], "texture": "#0"},
				"east": {"uv": [6.40625, 6.09375, 7.21875, 6.1875], "texture": "#0"},
				"south": {"uv": [6.28125, 7.375, 6.375, 7.46875], "texture": "#0"},
				"west": {"uv": [6.40625, 6.09375, 7.21875, 6.1875], "texture": "#0"},
				"up": {"uv": [2.96875, 4.34375, 2.875, 3.53125], "texture": "#0"},
				"down": {"uv": [2.96875, 4.375, 2.875, 5.1875], "texture": "#0"}
			}
		},
		{
			"name": "Turret",
			"from": [10.2308, 13.946, -0.2624],
			"to": [11.3462, 15.0614, 1.4107],
			"rotation": {"angle": 0, "axis": "y", "origin": [8, 0, 8]},
			"faces": {
				"north": {"uv": [6.625, 7.375, 6.71875, 7.46875], "texture": "#0"},
				"east": {"uv": [6.90625, 5.125, 7.03125, 5.21875], "texture": "#0"},
				"south": {"uv": [6.75, 7.375, 6.84375, 7.46875], "texture": "#0"},
				"west": {"uv": [4.0625, 7.34375, 4.1875, 7.4375], "texture": "#0"},
				"up": {"uv": [7.125, 4.84375, 7.03125, 4.71875], "texture": "#0"},
				"down": {"uv": [4.3125, 7.34375, 4.21875, 7.46875], "texture": "#0"}
			}
		},
		{
			"name": "Turret",
			"from": [10.50965, 14.22485, -2.4932],
			"to": [11.06735, 14.78255, -0.2624],
			"rotation": {"angle": 0, "axis": "y", "origin": [8, 0, 8]},
			"faces": {
				"north": {"uv": [7.03125, 5.25, 7.0625, 5.28125], "texture": "#0"},
				"east": {"uv": [5.71875, 4.125, 5.90625, 4.15625], "texture": "#0"},
				"south": {"uv": [5.75, 7.40625, 5.78125, 7.4375], "texture": "#0"},
				"west": {"uv": [5.90625, 4.15625, 5.71875, 4.125], "texture": "#0"},
				"up": {"uv": [6.4375, 7.5625, 6.40625, 7.375], "texture": "#0"},
				"down": {"uv": [4.09375, 7.46875, 4.0625, 7.65625], "texture": "#0"}
			}
		},
		{
			"name": "Turret",
			"from": [2.6453, 12.77405, 14.2261],
			"to": [13.3547, 16.23335, 16.1878],
			"rotation": {"angle": 0, "axis": "y", "origin": [8, 0, 8]},
			"faces": {
				"north": {"uv": [0, 5.0625, 0.84375, 5.34375], "texture": "#0"},
				"east": {"uv": [2.1875, 6.09375, 2.34375, 6.375], "texture": "#0"},
				"south": {"uv": [5.3125, 4.90625, 6.15625, 5.1875], "texture": "#0"},
				"west": {"uv": [2.375, 6.8125, 2.53125, 7.09375], "texture": "#0"},
				"up": {"uv": [4.6875, 2.9375, 3.84375, 2.78125], "texture": "#0"},
				"down": {"uv": [6.375, 1.0625, 5.53125, 1.21875], "texture": "#0"}
			}
		},
		{
			"name": "Turret",
			"from": [3.20244, 9.97286, 2.5222],
			"to": [5.13684, 14.60606, 14.2339],
			"rotation": {"angle": -22.5, "axis": "z", "origin": [9.17, 16.22983, 4.40493]},
			"faces": {
				"north": {"uv": [4.5625, 5.03125, 4.71875, 5.40625], "texture": "#0"},
				"east": {"uv": [3.84375, 2.375, 4.78125, 2.75], "texture": "#0"},
				"south": {"uv": [0.8125, 5.625, 0.96875, 6], "texture": "#0"},
				"west": {"uv": [3.75, 3.84375, 4.6875, 4.21875], "texture": "#0"},
				"up": {"uv": [2.53125, 6.4375, 2.375, 5.5], "texture": "#0"},
				"down": {"uv": [3.03125, 5.53125, 2.875, 6.46875], "texture": "#0"}
			}
		},
		{
			"name": "Turret",
			"from": [10.86316, 9.97286, 2.5222],
			"to": [12.79756, 14.60606, 14.2339],
			"rotation": {"angle": 22.5, "axis": "z", "origin": [6.83, 16.22983, 4.40493]},
			"faces": {
				"north": {"uv": [5.3125, 5.71875, 5.46875, 6.09375], "texture": "#0"},
				"east": {"uv": [1.625, 4.125, 2.5625, 4.5], "texture": "#0"},
				"south": {"uv": [2.6875, 6.0625, 2.84375, 6.4375], "texture": "#0"},
				"west": {"uv": [3.75, 4.25, 4.6875, 4.625], "texture": "#0"},
				"up": {"uv": [3.21875, 6.46875, 3.0625, 5.53125], "texture": "#0"},
				"down": {"uv": [3.40625, 5.53125, 3.25, 6.46875], "texture": "#0"}
			}
		},
		{
			"name": "Turret",
			"from": [4.77278, 13.10945, 0.69645],
			"to": [7.56518, 15.89795, 1.81185],
			"rotation": {"angle": 22.5, "axis": "y", "origin": [8, 16.22983, 4.40493]},
			"faces": {
				"north": {"uv": [0.375, 6.875, 0.59375, 7.09375], "texture": "#0"},
				"east": {"uv": [6.03125, 4.625, 6.125, 4.84375], "texture": "#0"},
				"south": {"uv": [0.625, 6.875, 0.84375, 7.09375], "texture": "#0"},
				"west": {"uv": [6.1875, 4.96875, 6.28125, 5.1875], "texture": "#0"},
				"up": {"uv": [7.53125, 2.8125, 7.3125, 2.71875], "texture": "#0"},
				"down": {"uv": [7.53125, 2.84375, 7.3125, 2.9375], "texture": "#0"}
			}
		},
		{
			"name": "Hatch",
			"from": [4.6538, 17.01335, 4.9246],
			"to": [11.3462, 17.57105, 11.8393],
			"rotation": {"angle": 0, "axis": "y", "origin": [8, 0, 8]},
			"faces": {
				"north": {"uv": [7.34375, 4, 7.875, 4.03125], "texture": "#0"},
				"east": {"uv": [7.34375, 5.25, 7.84375, 5.28125], "texture": "#0"},
				"south": {"uv": [7.34375, 4.0625, 7.875, 4.09375], "texture": "#0"},
				"west": {"uv": [5.28125, 7.34375, 5.78125, 7.375], "texture": "#0"},
				"up": {"uv": [5.34375, 2, 4.8125, 1.5], "texture": "#0"},
				"down": {"uv": [5.34375, 2.03125, 4.8125, 2.53125], "texture": "#0"}
			}
		},
		{
			"name": "Hatch",
			"from": [1.70751, 17.20451, 4.9246],
			"to": [4.88991, 17.76221, 11.8393],
			"rotation": {"angle": -45, "axis": "z", "origin": [4.46871, 17.48336, 8.38195]},
			"faces": {
				"north": {"uv": [3.25, 7.40625, 3.5, 7.4375], "texture": "#0"},
				"east": {"uv": [7.375, 4.78125, 7.875, 4.8125], "texture": "#0"},
				"south": {"uv": [3.53125, 7.40625, 3.78125, 7.4375], "texture": "#0"},
				"west": {"uv": [7.375, 4.84375, 7.875, 4.875], "texture": "#0"},
				"up": {"uv": [3.6875, 6.46875, 3.4375, 5.96875], "texture": "#0"},
				"down": {"uv": [3.6875, 6.46875, 3.4375, 5.96875], "texture": "#0"}
			}
		},
		{
			"name": "Hatch",
			"from": [11.11009, 17.20451, 4.9246],
			"to": [14.29249, 17.76221, 11.8393],
			"rotation": {"angle": 45, "axis": "z", "origin": [11.53129, 17.48336, 8.38195]},
			"faces": {
				"north": {"uv": [3.5, 7.40625, 3.25, 7.4375], "texture": "#0"},
				"east": {"uv": [7.875, 4.84375, 7.375, 4.875], "texture": "#0"},
				"south": {"uv": [3.78125, 7.40625, 3.53125, 7.4375], "texture": "#0"},
				"west": {"uv": [7.875, 4.78125, 7.375, 4.8125], "texture": "#0"},
				"up": {"uv": [3.4375, 6.46875, 3.6875, 5.96875], "texture": "#0"},
				"down": {"uv": [3.4375, 6.46875, 3.6875, 5.96875], "texture": "#0"}
			}
		}
	],
	"display": {
		"head": {
			"translation": [0, -15.75, 0],
			"scale": [4, 4, 4]
		}
	},
	"groups": [
		{
			"name": "bone",
			"origin": [8, -9, 8],
			"color": 0,
			"children": [
				{
					"name": "Treads",
					"origin": [8, 0, 8],
					"color": 1,
					"children": [
						{
							"name": "Treads2",
							"origin": [15.52895, 4.55828, 10.21217],
							"color": 3,
							"children": [0, 1, 2, 3, 4, 5, 6, 7]
						},
						{
							"name": "Treads2",
							"origin": [15.52895, 4.55828, 10.21217],
							"color": 3,
							"children": [8, 9, 10, 11, 12, 13, 14, 15]
						}
					]
				},
				{
					"name": "Body",
					"origin": [8, 0, 8],
					"color": 4,
					"children": [
						{
							"name": "group",
							"origin": [-0.08665, 7.8113, 8.51424],
							"color": 0,
							"children": [16, 17, 18, 19]
						},
						{
							"name": "group",
							"origin": [-0.08665, 7.8113, 8.51424],
							"color": 0,
							"children": [20, 21, 22, 23]
						},
						{
							"name": "group",
							"origin": [8, 4.40933, 7.94597],
							"color": 0,
							"children": [24, 25, 26, 27, 28, 29]
						},
						{
							"name": "Main",
							"origin": [7.97148, -22, 7.66585],
							"color": 6,
							"children": [
								30,
								31,
								32,
								33,
								34,
								35,
								36,
								37,
								38,
								39,
								40,
								41,
								42,
								43,
								44,
								{
									"name": "Engine",
									"origin": [7.97148, -13.89804, 18.76275],
									"color": 7,
									"children": [45]
								}
							]
						},
						{
							"name": "Bottom",
							"origin": [7.97148, -22, 7.66585],
							"color": 8,
							"children": []
						}
					]
				},
				{
					"name": "AnimatedWheels1",
					"origin": [8, 0, 8],
					"color": 9,
					"children": [
						{
							"name": "AnimatedWheel1",
							"origin": [0.44253, -17.81725, 21.71236],
							"color": 0,
							"children": [46]
						},
						{
							"name": "AnimatedWheel2",
							"origin": [0.44253, -18.37495, 17.52961],
							"color": 1,
							"children": [47]
						},
						{
							"name": "AnimatedWheel3",
							"origin": [0.44253, -19.49035, 13.76514],
							"color": 2,
							"children": [48]
						},
						{
							"name": "AnimatedWheel4",
							"origin": [0.44253, -19.49035, 10.27951],
							"color": 3,
							"children": [49]
						},
						{
							"name": "AnimatedWheel5",
							"origin": [0.44253, -19.49035, 5.81791],
							"color": 4,
							"children": [50]
						},
						{
							"name": "AnimatedWheel6",
							"origin": [0.44253, -19.49035, 2.33229],
							"color": 5,
							"children": [51]
						},
						{
							"name": "AnimatedWheel7",
							"origin": [0.44253, -18.6538, -1.43219],
							"color": 6,
							"children": [52]
						},
						{
							"name": "AnimatedWheel8",
							"origin": [0.44253, -17.81725, -5.75436],
							"color": 7,
							"children": [53]
						}
					]
				},
				{
					"name": "AnimatedWheels2",
					"origin": [8, 0, 8],
					"color": 8,
					"children": [
						{
							"name": "AnimatedWheel9",
							"origin": [15.50043, -17.81725, 21.71236],
							"color": 9,
							"children": [54]
						},
						{
							"name": "AnimatedWheel10",
							"origin": [15.50043, -18.37495, 17.52961],
							"color": 0,
							"children": [55]
						},
						{
							"name": "AnimatedWheel11",
							"origin": [15.50043, -19.49035, 13.76514],
							"color": 1,
							"children": [56]
						},
						{
							"name": "AnimatedWheel12",
							"origin": [15.50043, -19.49035, 10.27951],
							"color": 2,
							"children": [57]
						},
						{
							"name": "AnimatedWheel13",
							"origin": [15.50043, -19.49035, 5.81791],
							"color": 3,
							"children": [58]
						},
						{
							"name": "AnimatedWheel14",
							"origin": [15.50043, -19.49035, 2.33229],
							"color": 4,
							"children": [59]
						},
						{
							"name": "AnimatedWheel15",
							"origin": [15.50043, -18.6538, -1.43219],
							"color": 5,
							"children": [60]
						},
						{
							"name": "AnimatedWheel16",
							"origin": [15.50043, -17.81725, -5.75436],
							"color": 6,
							"children": [61]
						}
					]
				},
				{
					"name": "Turret",
					"origin": [8.35313, 14.50394, 3.77209],
					"color": 7,
					"children": [
						62,
						63,
						64,
						65,
						66,
						67,
						68,
						69,
						70,
						71,
						{
							"name": "Hatch",
							"origin": [7.97148, -6.61021, 3.96768],
							"color": 8,
							"children": [72, 73, 74]
						}
					]
				}
			]
		}
	]
}