{
	"credit": "Made with Blockbench",
	"textures": {
		"0": "items/kv2"
	},
	"elements": [
		{
			"name": "turret",
			"from": [2.88602, 11.24, 4.55075],
			"to": [4.80602, 18.6, 9.99075],
			"rotation": {"angle": -22.5, "axis": "y", "origin": [3.68602, 14.76, 8.87075]},
			"faces": {
				"north": {"uv": [5.28125, 3.3125, 5.46875, 4.03125], "texture": "#0"},
				"east": {"uv": [4.75, 3.3125, 5.28125, 4.03125], "texture": "#0"},
				"south": {"uv": [6, 3.3125, 6.1875, 4.03125], "texture": "#0"},
				"west": {"uv": [5.46875, 3.3125, 6, 4.03125], "texture": "#0"},
				"up": {"uv": [5.46875, 3.3125, 5.28125, 2.78125], "texture": "#0"},
				"down": {"uv": [5.65625, 2.78125, 5.46875, 3.3125], "texture": "#0"}
			}
		},
		{
			"name": "turret",
			"from": [3.22853, 11.24, 9.51879],
			"to": [5.14853, 18.6, 15.91879],
			"rotation": {"angle": 22.5, "axis": "y", "origin": [4.18853, 14.92, 12.23879]},
			"faces": {
				"north": {"uv": [0.625, 3.40625, 0.8125, 4.125], "texture": "#0"},
				"east": {"uv": [0, 3.40625, 0.625, 4.125], "texture": "#0"},
				"south": {"uv": [1.4375, 3.40625, 1.625, 4.125], "texture": "#0"},
				"west": {"uv": [0.8125, 3.40625, 1.4375, 4.125], "texture": "#0"},
				"up": {"uv": [0.8125, 3.40625, 0.625, 2.78125], "texture": "#0"},
				"down": {"uv": [1, 2.78125, 0.8125, 3.40625], "texture": "#0"}
			}
		},
		{
			"name": "turret",
			"from": [4.16, 11.24, 13.12],
			"to": [11.52, 18.6, 16],
			"rotation": {"angle": 0, "axis": "y", "origin": [8, 3.56, 9.28]},
			"faces": {
				"north": {"uv": [0.28125, 0.28125, 1, 1], "texture": "#0"},
				"east": {"uv": [0, 0.28125, 0.28125, 1], "texture": "#0"},
				"south": {"uv": [1.28125, 0.28125, 2, 1], "texture": "#0"},
				"west": {"uv": [1, 0.28125, 1.28125, 1], "texture": "#0"},
				"up": {"uv": [1, 0.28125, 0.28125, 0], "texture": "#0"},
				"down": {"uv": [1.71875, 0, 1, 0.28125], "texture": "#0"}
			}
		},
		{
			"name": "turret",
			"from": [3.84, 11.24, 4.48],
			"to": [11.84, 18.6, 13.12],
			"rotation": {"angle": 0, "axis": "y", "origin": [8, 3.56, 9.28]},
			"faces": {
				"north": {"uv": [0.84375, 9, 1.625, 9.71875], "texture": "#0"},
				"east": {"uv": [0, 9, 0.84375, 9.71875], "texture": "#0"},
				"south": {"uv": [2.46875, 9, 3.25, 9.71875], "texture": "#0"},
				"west": {"uv": [1.625, 9, 2.46875, 9.71875], "texture": "#0"},
				"up": {"uv": [1.625, 9, 0.84375, 8.15625], "texture": "#0"},
				"down": {"uv": [2.40625, 8.15625, 1.625, 9], "texture": "#0"}
			}
		},
		{
			"name": "turret",
			"from": [10.53147, 11.24, 9.51879],
			"to": [12.45147, 18.6, 15.91879],
			"rotation": {"angle": -22.5, "axis": "y", "origin": [11.49147, 14.92, 12.23879]},
			"faces": {
				"north": {"uv": [0.625, 1.625, 0.8125, 2.34375], "texture": "#0"},
				"east": {"uv": [0, 1.625, 0.625, 2.34375], "texture": "#0"},
				"south": {"uv": [1.4375, 1.625, 1.625, 2.34375], "texture": "#0"},
				"west": {"uv": [0.8125, 1.625, 1.4375, 2.34375], "texture": "#0"},
				"up": {"uv": [0.8125, 1.625, 0.625, 1], "texture": "#0"},
				"down": {"uv": [1, 1, 0.8125, 1.625], "texture": "#0"}
			}
		},
		{
			"name": "turret",
			"from": [10.88157, 11.24, 4.62001],
			"to": [12.80157, 18.6, 10.06001],
			"rotation": {"angle": 22.5, "axis": "y", "origin": [11.68157, 14.76, 8.94001]},
			"faces": {
				"north": {"uv": [5.34375, 0.9375, 5.53125, 1.65625], "texture": "#0"},
				"east": {"uv": [4.8125, 0.9375, 5.34375, 1.65625], "texture": "#0"},
				"south": {"uv": [6.0625, 0.9375, 6.25, 1.65625], "texture": "#0"},
				"west": {"uv": [5.53125, 0.9375, 6.0625, 1.65625], "texture": "#0"},
				"up": {"uv": [5.53125, 0.9375, 5.34375, 0.40625], "texture": "#0"},
				"down": {"uv": [5.71875, 0.40625, 5.53125, 0.9375], "texture": "#0"}
			}
		},
		{
			"name": "turret",
			"from": [5.44, 18.6, 6.08],
			"to": [10.24, 19.24, 10.88],
			"rotation": {"angle": 0, "axis": "y", "origin": [8, 3.56, 9.28]},
			"faces": {
				"north": {"uv": [0.46875, 5.9375, 0.9375, 6], "texture": "#0"},
				"east": {"uv": [0, 5.9375, 0.46875, 6], "texture": "#0"},
				"south": {"uv": [1.40625, 5.9375, 1.875, 6], "texture": "#0"},
				"west": {"uv": [0.9375, 5.9375, 1.40625, 6], "texture": "#0"},
				"up": {"uv": [0.9375, 5.9375, 0.46875, 5.46875], "texture": "#0"},
				"down": {"uv": [1.40625, 5.46875, 0.9375, 5.9375], "texture": "#0"}
			}
		},
		{
			"name": "turret",
			"from": [10.56, 18.6, 5.76],
			"to": [11.2, 19.24, 6.4],
			"rotation": {"angle": 0, "axis": "y", "origin": [8, 3.56, 9.28]},
			"faces": {
				"north": {"uv": [0.0625, 0.0625, 0.125, 0.125], "texture": "#0"},
				"east": {"uv": [0, 0.0625, 0.0625, 0.125], "texture": "#0"},
				"south": {"uv": [0.1875, 0.0625, 0.25, 0.125], "texture": "#0"},
				"west": {"uv": [0.125, 0.0625, 0.1875, 0.125], "texture": "#0"},
				"up": {"uv": [0.125, 0.0625, 0.0625, 0], "texture": "#0"},
				"down": {"uv": [0.1875, 0, 0.125, 0.0625], "texture": "#0"}
			}
		},
		{
			"name": "turret",
			"from": [4.48, 18.6, 5.76],
			"to": [5.12, 19.24, 6.4],
			"rotation": {"angle": 0, "axis": "y", "origin": [8, 3.56, 9.28]},
			"faces": {
				"north": {"uv": [0.0625, 0.1875, 0.125, 0.25], "texture": "#0"},
				"east": {"uv": [0, 0.1875, 0.0625, 0.25], "texture": "#0"},
				"south": {"uv": [0.1875, 0.1875, 0.25, 0.25], "texture": "#0"},
				"west": {"uv": [0.125, 0.1875, 0.1875, 0.25], "texture": "#0"},
				"up": {"uv": [0.125, 0.1875, 0.0625, 0.125], "texture": "#0"},
				"down": {"uv": [0.1875, 0.125, 0.125, 0.1875], "texture": "#0"}
			}
		},
		{
			"name": "turret",
			"from": [5.76, 19.45289, 10.76772],
			"to": [9.92, 19.77289, 14.92772],
			"rotation": {"angle": -22.5, "axis": "x", "origin": [7.52, 19.29289, 12.84772]},
			"faces": {
				"north": {"uv": [5.34375, 5.875, 5.75, 5.90625], "texture": "#0"},
				"east": {"uv": [4.9375, 5.875, 5.34375, 5.90625], "texture": "#0"},
				"south": {"uv": [6.15625, 5.875, 6.5625, 5.90625], "texture": "#0"},
				"west": {"uv": [5.75, 5.875, 6.15625, 5.90625], "texture": "#0"},
				"up": {"uv": [5.75, 5.875, 5.34375, 5.46875], "texture": "#0"},
				"down": {"uv": [6.15625, 5.46875, 5.75, 5.875], "texture": "#0"}
			}
		},
		{
			"name": "turret",
			"from": [3.84, 10.92, 4.8],
			"to": [11.84, 11.24, 12.8],
			"rotation": {"angle": 0, "axis": "y", "origin": [8, 3.56, 9.28]},
			"faces": {
				"north": {"uv": [3.1875, 8.9375, 3.96875, 8.96875], "texture": "#0"},
				"east": {"uv": [2.40625, 8.9375, 3.1875, 8.96875], "texture": "#0"},
				"south": {"uv": [4.75, 8.9375, 5.53125, 8.96875], "texture": "#0"},
				"west": {"uv": [3.96875, 8.9375, 4.75, 8.96875], "texture": "#0"},
				"up": {"uv": [3.96875, 8.9375, 3.1875, 8.15625], "texture": "#0"},
				"down": {"uv": [4.75, 8.15625, 3.96875, 8.9375], "texture": "#0"}
			}
		},
		{
			"name": "turret",
			"from": [5.76, 15.81083, 4.29438],
			"to": [9.92, 17.73083, 5.89438],
			"rotation": {"angle": 45, "axis": "x", "origin": [7.84, 17.89083, 5.09438]},
			"faces": {
				"north": {"uv": [1.5625, 5.625, 1.96875, 5.8125], "texture": "#0"},
				"east": {"uv": [1.40625, 5.625, 1.5625, 5.8125], "texture": "#0"},
				"south": {"uv": [2.125, 5.625, 2.53125, 5.8125], "texture": "#0"},
				"west": {"uv": [1.96875, 5.625, 2.125, 5.8125], "texture": "#0"},
				"up": {"uv": [1.96875, 5.625, 1.5625, 5.46875], "texture": "#0"},
				"down": {"uv": [2.375, 5.46875, 1.96875, 5.625], "texture": "#0"}
			}
		},
		{
			"name": "turret",
			"from": [6.72, 13.8, 1.28],
			"to": [8.96, 17, 2.88],
			"rotation": {"angle": 0, "axis": "y", "origin": [8, 3.56, 9.28]},
			"faces": {
				"north": {"uv": [6.34375, 3.375, 6.5625, 3.6875], "texture": "#0"},
				"east": {"uv": [6.1875, 3.375, 6.34375, 3.6875], "texture": "#0"},
				"south": {"uv": [6.71875, 3.375, 6.9375, 3.6875], "texture": "#0"},
				"west": {"uv": [6.5625, 3.375, 6.71875, 3.6875], "texture": "#0"},
				"up": {"uv": [6.5625, 3.375, 6.34375, 3.21875], "texture": "#0"},
				"down": {"uv": [6.78125, 3.21875, 6.5625, 3.375], "texture": "#0"}
			}
		},
		{
			"name": "turret",
			"from": [7.04, 15.08, -5.44],
			"to": [8.64, 16.68, 1.28],
			"rotation": {"angle": 0, "axis": "y", "origin": [8, 3.56, 9.28]},
			"faces": {
				"north": {"uv": [5.40625, 4.6875, 5.5625, 4.84375], "texture": "#0"},
				"east": {"uv": [4.75, 4.6875, 5.40625, 4.84375], "texture": "#0"},
				"south": {"uv": [6.21875, 4.6875, 6.375, 4.84375], "texture": "#0"},
				"west": {"uv": [5.5625, 4.6875, 6.21875, 4.84375], "texture": "#0"},
				"up": {"uv": [5.5625, 4.6875, 5.40625, 4.03125], "texture": "#0"},
				"down": {"uv": [5.71875, 4.03125, 5.5625, 4.6875], "texture": "#0"}
			}
		},
		{
			"name": "turret",
			"from": [5.76, 13.48, 2.88],
			"to": [9.92, 17.64, 4.48],
			"rotation": {"angle": 0, "axis": "y", "origin": [8, 3.56, 9.28]},
			"faces": {
				"north": {"uv": [6.40625, 1, 6.8125, 1.40625], "texture": "#0"},
				"east": {"uv": [6.25, 1, 6.40625, 1.40625], "texture": "#0"},
				"south": {"uv": [6.96875, 1, 7.375, 1.40625], "texture": "#0"},
				"west": {"uv": [6.8125, 1, 6.96875, 1.40625], "texture": "#0"},
				"up": {"uv": [6.8125, 1, 6.40625, 0.84375], "texture": "#0"},
				"down": {"uv": [7.21875, 0.84375, 6.8125, 1], "texture": "#0"}
			}
		},
		{
			"name": "turret",
			"from": [5.76, 12.89173, 3.27307],
			"to": [9.92, 14.81173, 4.87307],
			"rotation": {"angle": -45, "axis": "x", "origin": [7.84, 13.85173, 4.07307]},
			"faces": {
				"north": {"uv": [4.96875, 2.34375, 5.375, 2.53125], "texture": "#0"},
				"east": {"uv": [4.8125, 2.34375, 4.96875, 2.53125], "texture": "#0"},
				"south": {"uv": [5.53125, 2.34375, 5.9375, 2.53125], "texture": "#0"},
				"west": {"uv": [5.375, 2.34375, 5.53125, 2.53125], "texture": "#0"},
				"up": {"uv": [5.375, 2.34375, 4.96875, 2.1875], "texture": "#0"},
				"down": {"uv": [5.78125, 2.1875, 5.375, 2.34375], "texture": "#0"}
			}
		},
		{
			"name": "hull",
			"from": [2.24, 6.44, -3.2],
			"to": [13.44, 8.04, 23.68],
			"rotation": {"angle": 0, "axis": "y", "origin": [8, 3.56, 9.28]},
			"faces": {
				"north": {"uv": [2.625, 2.625, 3.71875, 2.78125], "texture": "#0"},
				"east": {"uv": [0, 2.625, 2.625, 2.78125], "texture": "#0"},
				"south": {"uv": [6.34375, 2.625, 7.4375, 2.78125], "texture": "#0"},
				"west": {"uv": [3.71875, 2.625, 6.34375, 2.78125], "texture": "#0"},
				"up": {"uv": [3.71875, 2.625, 2.625, 0], "texture": "#0"},
				"down": {"uv": [4.8125, 0, 3.71875, 2.625], "texture": "#0"}
			}
		},
		{
			"name": "hull",
			"from": [2.24, 5.16, -3.2],
			"to": [13.44, 6.44, 23.04],
			"rotation": {"angle": 0, "axis": "y", "origin": [8, 3.56, 9.28]},
			"faces": {
				"north": {"uv": [2.5625, 5.34375, 3.65625, 5.46875], "texture": "#0"},
				"east": {"uv": [0, 5.34375, 2.5625, 5.46875], "texture": "#0"},
				"south": {"uv": [6.21875, 5.34375, 7.3125, 5.46875], "texture": "#0"},
				"west": {"uv": [3.65625, 5.34375, 6.21875, 5.46875], "texture": "#0"},
				"up": {"uv": [3.65625, 5.34375, 2.5625, 2.78125], "texture": "#0"},
				"down": {"uv": [4.75, 2.78125, 3.65625, 5.34375], "texture": "#0"}
			}
		},
		{
			"name": "hull",
			"from": [2.24, 8.04, 0.32],
			"to": [13.44, 10.92, 23.68],
			"rotation": {"angle": 0, "axis": "y", "origin": [8, 3.56, 9.28]},
			"faces": {
				"north": {"uv": [7.03125, 5.0625, 8.125, 5.34375], "texture": "#0"},
				"east": {"uv": [4.75, 5.0625, 7.03125, 5.34375], "texture": "#0"},
				"south": {"uv": [10.40625, 5.0625, 11.5, 5.34375], "texture": "#0"},
				"west": {"uv": [8.125, 5.0625, 10.40625, 5.34375], "texture": "#0"},
				"up": {"uv": [8.125, 5.0625, 7.03125, 2.78125], "texture": "#0"},
				"down": {"uv": [9.21875, 2.78125, 8.125, 5.0625], "texture": "#0"}
			}
		},
		{
			"name": "hull",
			"from": [4.48, 9, -0.96],
			"to": [5.44, 9.96, 0],
			"rotation": {"angle": 0, "axis": "y", "origin": [8, 3.56, 9.28]},
			"faces": {
				"north": {"uv": [1.09375, 1.4375, 1.1875, 1.53125], "texture": "#0"},
				"east": {"uv": [1, 1.4375, 1.09375, 1.53125], "texture": "#0"},
				"south": {"uv": [1.28125, 1.4375, 1.375, 1.53125], "texture": "#0"},
				"west": {"uv": [1.1875, 1.4375, 1.28125, 1.53125], "texture": "#0"},
				"up": {"uv": [1.1875, 1.4375, 1.09375, 1.34375], "texture": "#0"},
				"down": {"uv": [1.28125, 1.34375, 1.1875, 1.4375], "texture": "#0"}
			}
		},
		{
			"name": "hull",
			"from": [10.56, 9.64, -0.96],
			"to": [11.52, 10.6, 0],
			"rotation": {"angle": 0, "axis": "y", "origin": [8, 3.56, 9.28]},
			"faces": {
				"north": {"uv": [1.09375, 1.25, 1.1875, 1.34375], "texture": "#0"},
				"east": {"uv": [1, 1.25, 1.09375, 1.34375], "texture": "#0"},
				"south": {"uv": [1.28125, 1.25, 1.375, 1.34375], "texture": "#0"},
				"west": {"uv": [1.1875, 1.25, 1.28125, 1.34375], "texture": "#0"},
				"up": {"uv": [1.1875, 1.25, 1.09375, 1.15625], "texture": "#0"},
				"down": {"uv": [1.28125, 1.15625, 1.1875, 1.25], "texture": "#0"}
			}
		},
		{
			"name": "hull",
			"from": [7.04, 9, -0.64],
			"to": [8.64, 9.96, 0],
			"rotation": {"angle": 0, "axis": "x", "origin": [7.84, 9.48, -0.48]},
			"faces": {
				"north": {"uv": [1.0625, 1.0625, 1.21875, 1.15625], "texture": "#0"},
				"east": {"uv": [1, 1.0625, 1.0625, 1.15625], "texture": "#0"},
				"south": {"uv": [1.28125, 1.0625, 1.4375, 1.15625], "texture": "#0"},
				"west": {"uv": [1.21875, 1.0625, 1.28125, 1.15625], "texture": "#0"},
				"up": {"uv": [1.21875, 1.0625, 1.0625, 1], "texture": "#0"},
				"down": {"uv": [1.375, 1, 1.21875, 1.0625], "texture": "#0"}
			}
		},
		{
			"name": "hull",
			"from": [2.24, 8.04, -3.52],
			"to": [2.24, 9.32, -0.32],
			"rotation": {"angle": 0, "axis": "y", "origin": [8, 3.56, 9.28]},
			"faces": {
				"north": {"uv": [0.3125, 1.125, 0.3125, 1.25], "texture": "#0"},
				"east": {"uv": [0, 1.125, 0.3125, 1.25], "texture": "#0"},
				"south": {"uv": [0.625, 1.125, 0.625, 1.25], "texture": "#0"},
				"west": {"uv": [0.3125, 1.125, 0.625, 1.25], "texture": "#0"},
				"up": {"uv": [0.3125, 1.125, 0.3125, 0.8125], "texture": "#0"},
				"down": {"uv": [0.3125, 0.8125, 0.3125, 1.125], "texture": "#0"}
			}
		},
		{
			"name": "hull",
			"from": [13.44, 8.04, -3.52],
			"to": [13.44, 9.32, -0.32],
			"rotation": {"angle": 0, "axis": "y", "origin": [8, 3.56, 9.28]},
			"faces": {
				"north": {"uv": [0.3125, 1, 0.3125, 1.125], "texture": "#0"},
				"east": {"uv": [0, 1, 0.3125, 1.125], "texture": "#0"},
				"south": {"uv": [0.625, 1, 0.625, 1.125], "texture": "#0"},
				"west": {"uv": [0.3125, 1, 0.625, 1.125], "texture": "#0"},
				"up": {"uv": [0.3125, 1, 0.3125, 0.6875], "texture": "#0"},
				"down": {"uv": [0.3125, 0.6875, 0.3125, 1], "texture": "#0"}
			}
		},
		{
			"name": "hull",
			"from": [4.8, 9.32, -1.92],
			"to": [5.12, 9.64, -0.96],
			"rotation": {"angle": 0, "axis": "y", "origin": [8, 3.56, 9.28]},
			"faces": {
				"north": {"uv": [1.375, 1.34375, 1.40625, 1.375], "texture": "#0"},
				"east": {"uv": [1.28125, 1.34375, 1.375, 1.375], "texture": "#0"},
				"south": {"uv": [1.5, 1.34375, 1.53125, 1.375], "texture": "#0"},
				"west": {"uv": [1.40625, 1.34375, 1.5, 1.375], "texture": "#0"},
				"up": {"uv": [1.40625, 1.34375, 1.375, 1.25], "texture": "#0"},
				"down": {"uv": [1.4375, 1.25, 1.40625, 1.34375], "texture": "#0"}
			}
		},
		{
			"name": "hull",
			"from": [1.92, 4.84, 1.92],
			"to": [2.24, 6.44, 18.24],
			"rotation": {"angle": 0, "axis": "y", "origin": [8, 3.56, 9.28]},
			"faces": {
				"north": {"uv": [8.09375, 9.625, 8.125, 9.78125], "texture": "#0"},
				"east": {"uv": [6.5, 9.625, 8.09375, 9.78125], "texture": "#0"},
				"south": {"uv": [9.71875, 9.625, 9.75, 9.78125], "texture": "#0"},
				"west": {"uv": [8.125, 9.625, 9.71875, 9.78125], "texture": "#0"},
				"up": {"uv": [8.125, 9.625, 8.09375, 8.03125], "texture": "#0"},
				"down": {"uv": [8.15625, 8.03125, 8.125, 9.625], "texture": "#0"}
			}
		},
		{
			"name": "hull",
			"from": [13.44, 4.84, 1.92],
			"to": [13.76, 6.44, 18.24],
			"rotation": {"angle": 0, "axis": "y", "origin": [8, 3.56, 9.28]},
			"faces": {
				"north": {"uv": [4.875, 7.0625, 4.90625, 7.21875], "texture": "#0"},
				"east": {"uv": [3.28125, 7.0625, 4.875, 7.21875], "texture": "#0"},
				"south": {"uv": [6.5, 7.0625, 6.53125, 7.21875], "texture": "#0"},
				"west": {"uv": [4.90625, 7.0625, 6.5, 7.21875], "texture": "#0"},
				"up": {"uv": [4.90625, 7.0625, 4.875, 5.46875], "texture": "#0"},
				"down": {"uv": [4.9375, 5.46875, 4.90625, 7.0625], "texture": "#0"}
			}
		},
		{
			"name": "hull",
			"from": [-0.32, 9.64, 0.32],
			"to": [2.24, 9.96, 0.64],
			"rotation": {"angle": 0, "axis": "y", "origin": [8, 3.56, 9.28]},
			"faces": {
				"north": {"uv": [2.03125, 0.34375, 2.28125, 0.375], "texture": "#0"},
				"east": {"uv": [2, 0.34375, 2.03125, 0.375], "texture": "#0"},
				"south": {"uv": [2.3125, 0.34375, 2.5625, 0.375], "texture": "#0"},
				"west": {"uv": [2.28125, 0.34375, 2.3125, 0.375], "texture": "#0"},
				"up": {"uv": [2.28125, 0.34375, 2.03125, 0.3125], "texture": "#0"},
				"down": {"uv": [2.53125, 0.3125, 2.28125, 0.34375], "texture": "#0"}
			}
		},
		{
			"name": "hull",
			"from": [13.44, 9.64, 0.32],
			"to": [16, 9.96, 0.64],
			"rotation": {"angle": 0, "axis": "y", "origin": [8, 3.56, 9.28]},
			"faces": {
				"north": {"uv": [2.03125, 0.28125, 2.28125, 0.3125], "texture": "#0"},
				"east": {"uv": [2, 0.28125, 2.03125, 0.3125], "texture": "#0"},
				"south": {"uv": [2.3125, 0.28125, 2.5625, 0.3125], "texture": "#0"},
				"west": {"uv": [2.28125, 0.28125, 2.3125, 0.3125], "texture": "#0"},
				"up": {"uv": [2.28125, 0.28125, 2.03125, 0.25], "texture": "#0"},
				"down": {"uv": [2.53125, 0.25, 2.28125, 0.28125], "texture": "#0"}
			}
		},
		{
			"name": "hull",
			"from": [13.44, 9.64, 6.72],
			"to": [16, 9.96, 7.04],
			"rotation": {"angle": 0, "axis": "y", "origin": [8, 3.56, 9.28]},
			"faces": {
				"north": {"uv": [0.03125, 1.59375, 0.28125, 1.625], "texture": "#0"},
				"east": {"uv": [0, 1.59375, 0.03125, 1.625], "texture": "#0"},
				"south": {"uv": [0.3125, 1.59375, 0.5625, 1.625], "texture": "#0"},
				"west": {"uv": [0.28125, 1.59375, 0.3125, 1.625], "texture": "#0"},
				"up": {"uv": [0.28125, 1.59375, 0.03125, 1.5625], "texture": "#0"},
				"down": {"uv": [0.53125, 1.5625, 0.28125, 1.59375], "texture": "#0"}
			}
		},
		{
			"name": "hull",
			"from": [-0.32, 9.64, 6.72],
			"to": [2.24, 9.96, 7.04],
			"rotation": {"angle": 0, "axis": "y", "origin": [8, 3.56, 9.28]},
			"faces": {
				"north": {"uv": [0.03125, 1.53125, 0.28125, 1.5625], "texture": "#0"},
				"east": {"uv": [0, 1.53125, 0.03125, 1.5625], "texture": "#0"},
				"south": {"uv": [0.3125, 1.53125, 0.5625, 1.5625], "texture": "#0"},
				"west": {"uv": [0.28125, 1.53125, 0.3125, 1.5625], "texture": "#0"},
				"up": {"uv": [0.28125, 1.53125, 0.03125, 1.5], "texture": "#0"},
				"down": {"uv": [0.53125, 1.5, 0.28125, 1.53125], "texture": "#0"}
			}
		},
		{
			"name": "hull",
			"from": [-0.32, 9.64, 12.48],
			"to": [2.24, 9.96, 12.8],
			"rotation": {"angle": 0, "axis": "y", "origin": [8, 3.56, 9.28]},
			"faces": {
				"north": {"uv": [0.03125, 1.46875, 0.28125, 1.5], "texture": "#0"},
				"east": {"uv": [0, 1.46875, 0.03125, 1.5], "texture": "#0"},
				"south": {"uv": [0.3125, 1.46875, 0.5625, 1.5], "texture": "#0"},
				"west": {"uv": [0.28125, 1.46875, 0.3125, 1.5], "texture": "#0"},
				"up": {"uv": [0.28125, 1.46875, 0.03125, 1.4375], "texture": "#0"},
				"down": {"uv": [0.53125, 1.4375, 0.28125, 1.46875], "texture": "#0"}
			}
		},
		{
			"name": "hull",
			"from": [13.44, 9.64, 12.48],
			"to": [16, 9.96, 12.8],
			"rotation": {"angle": 0, "axis": "y", "origin": [8, 3.56, 9.28]},
			"faces": {
				"north": {"uv": [0.03125, 1.40625, 0.28125, 1.4375], "texture": "#0"},
				"east": {"uv": [0, 1.40625, 0.03125, 1.4375], "texture": "#0"},
				"south": {"uv": [0.3125, 1.40625, 0.5625, 1.4375], "texture": "#0"},
				"west": {"uv": [0.28125, 1.40625, 0.3125, 1.4375], "texture": "#0"},
				"up": {"uv": [0.28125, 1.40625, 0.03125, 1.375], "texture": "#0"},
				"down": {"uv": [0.53125, 1.375, 0.28125, 1.40625], "texture": "#0"}
			}
		},
		{
			"name": "hull",
			"from": [13.44, 9.64, 18.24],
			"to": [16, 9.96, 18.56],
			"rotation": {"angle": 0, "axis": "y", "origin": [8, 3.56, 9.28]},
			"faces": {
				"north": {"uv": [0.03125, 1.34375, 0.28125, 1.375], "texture": "#0"},
				"east": {"uv": [0, 1.34375, 0.03125, 1.375], "texture": "#0"},
				"south": {"uv": [0.3125, 1.34375, 0.5625, 1.375], "texture": "#0"},
				"west": {"uv": [0.28125, 1.34375, 0.3125, 1.375], "texture": "#0"},
				"up": {"uv": [0.28125, 1.34375, 0.03125, 1.3125], "texture": "#0"},
				"down": {"uv": [0.53125, 1.3125, 0.28125, 1.34375], "texture": "#0"}
			}
		},
		{
			"name": "hull",
			"from": [-0.32, 9.64, 18.24],
			"to": [2.24, 9.96, 18.56],
			"rotation": {"angle": 0, "axis": "y", "origin": [8, 3.56, 9.28]},
			"faces": {
				"north": {"uv": [0.03125, 1.28125, 0.28125, 1.3125], "texture": "#0"},
				"east": {"uv": [0, 1.28125, 0.03125, 1.3125], "texture": "#0"},
				"south": {"uv": [0.3125, 1.28125, 0.5625, 1.3125], "texture": "#0"},
				"west": {"uv": [0.28125, 1.28125, 0.3125, 1.3125], "texture": "#0"},
				"up": {"uv": [0.28125, 1.28125, 0.03125, 1.25], "texture": "#0"},
				"down": {"uv": [0.53125, 1.25, 0.28125, 1.28125], "texture": "#0"}
			}
		},
		{
			"name": "hull",
			"from": [-0.32, 9.64, 12.8],
			"to": [2.24, 10.6, 18.24],
			"rotation": {"angle": 0, "axis": "y", "origin": [8, 3.56, 9.28]},
			"faces": {
				"north": {"uv": [3.8125, 6, 4.0625, 6.09375], "texture": "#0"},
				"east": {"uv": [3.28125, 6, 3.8125, 6.09375], "texture": "#0"},
				"south": {"uv": [4.59375, 6, 4.84375, 6.09375], "texture": "#0"},
				"west": {"uv": [4.0625, 6, 4.59375, 6.09375], "texture": "#0"},
				"up": {"uv": [4.0625, 6, 3.8125, 5.46875], "texture": "#0"},
				"down": {"uv": [4.3125, 5.46875, 4.0625, 6], "texture": "#0"}
			}
		},
		{
			"name": "hull",
			"from": [-0.32, 9.64, 18.56],
			"to": [2.24, 10.6, 24],
			"rotation": {"angle": 0, "axis": "y", "origin": [8, 3.56, 9.28]},
			"faces": {
				"north": {"uv": [1.53125, 3.3125, 1.78125, 3.40625], "texture": "#0"},
				"east": {"uv": [1, 3.3125, 1.53125, 3.40625], "texture": "#0"},
				"south": {"uv": [2.3125, 3.3125, 2.5625, 3.40625], "texture": "#0"},
				"west": {"uv": [1.78125, 3.3125, 2.3125, 3.40625], "texture": "#0"},
				"up": {"uv": [1.78125, 3.3125, 1.53125, 2.78125], "texture": "#0"},
				"down": {"uv": [2.03125, 2.78125, 1.78125, 3.3125], "texture": "#0"}
			}
		},
		{
			"name": "hull",
			"from": [13.44, 9.64, 18.56],
			"to": [16, 10.6, 24],
			"rotation": {"angle": 0, "axis": "y", "origin": [8, 3.56, 9.28]},
			"faces": {
				"north": {"uv": [1.53125, 1.53125, 1.78125, 1.625], "texture": "#0"},
				"east": {"uv": [1, 1.53125, 1.53125, 1.625], "texture": "#0"},
				"south": {"uv": [2.3125, 1.53125, 2.5625, 1.625], "texture": "#0"},
				"west": {"uv": [1.78125, 1.53125, 2.3125, 1.625], "texture": "#0"},
				"up": {"uv": [1.78125, 1.53125, 1.53125, 1], "texture": "#0"},
				"down": {"uv": [2.03125, 1, 1.78125, 1.53125], "texture": "#0"}
			}
		},
		{
			"name": "hull",
			"from": [-0.96, 10.25898, 20.53569],
			"to": [2.24, 10.57898, 21.49569],
			"rotation": {"angle": 22.5, "axis": "x", "origin": [1.12, 1.77898, 20.01569]},
			"faces": {
				"north": {"uv": [1.71875, 2.28125, 2.03125, 2.3125], "texture": "#0"},
				"east": {"uv": [1.625, 2.28125, 1.71875, 2.3125], "texture": "#0"},
				"south": {"uv": [2.125, 2.28125, 2.4375, 2.3125], "texture": "#0"},
				"west": {"uv": [2.03125, 2.28125, 2.125, 2.3125], "texture": "#0"},
				"up": {"uv": [2.03125, 2.28125, 1.71875, 2.1875], "texture": "#0"},
				"down": {"uv": [2.34375, 2.1875, 2.03125, 2.28125], "texture": "#0"}
			}
		},
		{
			"name": "hull",
			"from": [13.44, 9.95887, 21.65569],
			"to": [16.64, 10.27887, 22.61569],
			"rotation": {"angle": 22.5, "axis": "x", "origin": [1.12, 3.71887, 21.13569]},
			"faces": {
				"north": {"uv": [1.71875, 2.15625, 2.03125, 2.1875], "texture": "#0"},
				"east": {"uv": [1.625, 2.15625, 1.71875, 2.1875], "texture": "#0"},
				"south": {"uv": [2.125, 2.15625, 2.4375, 2.1875], "texture": "#0"},
				"west": {"uv": [2.03125, 2.15625, 2.125, 2.1875], "texture": "#0"},
				"up": {"uv": [2.03125, 2.15625, 1.71875, 2.0625], "texture": "#0"},
				"down": {"uv": [2.34375, 2.0625, 2.03125, 2.15625], "texture": "#0"}
			}
		},
		{
			"name": "hull",
			"from": [13.44, 9.10144, -4.01569],
			"to": [16.64, 9.42144, -3.05569],
			"rotation": {"angle": -22.5, "axis": "x", "origin": [14.88, 9.26144, -3.53569]},
			"faces": {
				"north": {"uv": [1.8125, 0.21875, 2.125, 0.25], "texture": "#0"},
				"east": {"uv": [1.71875, 0.21875, 1.8125, 0.25], "texture": "#0"},
				"south": {"uv": [2.21875, 0.21875, 2.53125, 0.25], "texture": "#0"},
				"west": {"uv": [2.125, 0.21875, 2.21875, 0.25], "texture": "#0"},
				"up": {"uv": [2.125, 0.21875, 1.8125, 0.125], "texture": "#0"},
				"down": {"uv": [2.4375, 0.125, 2.125, 0.21875], "texture": "#0"}
			}
		},
		{
			"name": "hull",
			"from": [-0.96, 9.10144, -4.01569],
			"to": [2.24, 9.42144, -3.05569],
			"rotation": {"angle": -22.5, "axis": "x", "origin": [14.88, 9.26144, -3.53569]},
			"faces": {
				"north": {"uv": [1.8125, 0.09375, 2.125, 0.125], "texture": "#0"},
				"east": {"uv": [1.71875, 0.09375, 1.8125, 0.125], "texture": "#0"},
				"south": {"uv": [2.21875, 0.09375, 2.53125, 0.125], "texture": "#0"},
				"west": {"uv": [2.125, 0.09375, 2.21875, 0.125], "texture": "#0"},
				"up": {"uv": [2.125, 0.09375, 1.8125, 0], "texture": "#0"},
				"down": {"uv": [2.4375, 0, 2.125, 0.09375], "texture": "#0"}
			}
		},
		{
			"name": "hull",
			"from": [13.44, 9.32, -3.2],
			"to": [16.64, 9.64, 24],
			"rotation": {"angle": 0, "axis": "y", "origin": [8, 3.56, 9.28]},
			"faces": {
				"north": {"uv": [7.3125, 8, 7.625, 8.03125], "texture": "#0"},
				"east": {"uv": [4.65625, 8, 7.3125, 8.03125], "texture": "#0"},
				"south": {"uv": [10.28125, 8, 10.59375, 8.03125], "texture": "#0"},
				"west": {"uv": [7.625, 8, 10.28125, 8.03125], "texture": "#0"},
				"up": {"uv": [7.625, 8, 7.3125, 5.34375], "texture": "#0"},
				"down": {"uv": [7.9375, 5.34375, 7.625, 8], "texture": "#0"}
			}
		},
		{
			"name": "hull",
			"from": [2.24, 8.04, 23.68],
			"to": [13.44, 9.96, 24.64],
			"rotation": {"angle": 0, "axis": "y", "origin": [8, 3.56, 9.28]},
			"faces": {
				"north": {"uv": [4.90625, 2, 6, 2.1875], "texture": "#0"},
				"east": {"uv": [4.8125, 2, 4.90625, 2.1875], "texture": "#0"},
				"south": {"uv": [6.09375, 2, 7.1875, 2.1875], "texture": "#0"},
				"west": {"uv": [6, 2, 6.09375, 2.1875], "texture": "#0"},
				"up": {"uv": [6, 2, 4.90625, 1.90625], "texture": "#0"},
				"down": {"uv": [7.09375, 1.90625, 6, 2], "texture": "#0"}
			}
		},
		{
			"name": "hull",
			"from": [2.24, 8.62092, 21.90327],
			"to": [13.44, 9.90092, 23.40327],
			"rotation": {"angle": -22.5, "axis": "x", "origin": [7.84, 12.26092, 21.54327]},
			"faces": {
				"north": {"uv": [4.9375, 1.78125, 6.03125, 1.90625], "texture": "#0"},
				"east": {"uv": [4.8125, 1.78125, 4.9375, 1.90625], "texture": "#0"},
				"south": {"uv": [6.15625, 1.78125, 7.25, 1.90625], "texture": "#0"},
				"west": {"uv": [6.03125, 1.78125, 6.15625, 1.90625], "texture": "#0"},
				"up": {"uv": [6.03125, 1.78125, 4.9375, 1.65625], "texture": "#0"},
				"down": {"uv": [7.125, 1.65625, 6.03125, 1.78125], "texture": "#0"}
			}
		},
		{
			"name": "hull",
			"from": [2.24, 5.13702, 23.44574],
			"to": [13.44, 6.41702, 25.04574],
			"rotation": {"angle": 22.5, "axis": "x", "origin": [8, 8.97702, 24.40574]},
			"faces": {
				"north": {"uv": [0.15625, 2.5, 1.25, 2.625], "texture": "#0"},
				"east": {"uv": [0, 2.5, 0.15625, 2.625], "texture": "#0"},
				"south": {"uv": [1.40625, 2.5, 2.5, 2.625], "texture": "#0"},
				"west": {"uv": [1.25, 2.5, 1.40625, 2.625], "texture": "#0"},
				"up": {"uv": [1.25, 2.5, 0.15625, 2.34375], "texture": "#0"},
				"down": {"uv": [2.34375, 2.34375, 1.25, 2.5], "texture": "#0"}
			}
		},
		{
			"name": "hull",
			"from": [2.24, 5.29205, -3.73111],
			"to": [13.44, 8.17205, -2.45111],
			"rotation": {"angle": 0, "axis": "x", "origin": [8, 6.73205, -3.09111]},
			"faces": {
				"north": {"uv": [4.9375, 0.125, 6.03125, 0.40625], "texture": "#0"},
				"east": {"uv": [4.8125, 0.125, 4.9375, 0.40625], "texture": "#0"},
				"south": {"uv": [6.15625, 0.125, 7.25, 0.40625], "texture": "#0"},
				"west": {"uv": [6.03125, 0.125, 6.15625, 0.40625], "texture": "#0"},
				"up": {"uv": [6.03125, 0.125, 4.9375, 0], "texture": "#0"},
				"down": {"uv": [7.125, 0, 6.03125, 0.125], "texture": "#0"}
			}
		},
		{
			"name": "hull",
			"from": [2.24, 6.75521, -2.05016],
			"to": [13.44, 9.95521, -0.45016],
			"rotation": {"angle": 45, "axis": "x", "origin": [8, 8.19521, -1.41016]},
			"faces": {
				"north": {"uv": [0.15625, 4.75, 1.25, 5.0625], "texture": "#0"},
				"east": {"uv": [0, 4.75, 0.15625, 5.0625], "texture": "#0"},
				"south": {"uv": [1.40625, 4.75, 2.5, 5.0625], "texture": "#0"},
				"west": {"uv": [1.25, 4.75, 1.40625, 5.0625], "texture": "#0"},
				"up": {"uv": [1.25, 4.75, 0.15625, 4.59375], "texture": "#0"},
				"down": {"uv": [2.34375, 4.59375, 1.25, 4.75], "texture": "#0"}
			}
		},
		{
			"name": "hull",
			"from": [2.24, 7.53138, -0.50919],
			"to": [13.44, 10.73138, 1.09081],
			"rotation": {"angle": 22.5, "axis": "x", "origin": [8, 9.13138, 0.29081]},
			"faces": {
				"north": {"uv": [0.15625, 4.28125, 1.25, 4.59375], "texture": "#0"},
				"east": {"uv": [0, 4.28125, 0.15625, 4.59375], "texture": "#0"},
				"south": {"uv": [1.40625, 4.28125, 2.5, 4.59375], "texture": "#0"},
				"west": {"uv": [1.25, 4.28125, 1.40625, 4.59375], "texture": "#0"},
				"up": {"uv": [1.25, 4.28125, 0.15625, 4.125], "texture": "#0"},
				"down": {"uv": [2.34375, 4.125, 1.25, 4.28125], "texture": "#0"}
			}
		},
		{
			"name": "hull",
			"from": [-0.96, 9.32, -3.2],
			"to": [2.24, 9.64, 24],
			"rotation": {"angle": 0, "axis": "y", "origin": [8, 3.56, 9.28]},
			"faces": {
				"north": {"uv": [2.65625, 8.125, 2.96875, 8.15625], "texture": "#0"},
				"east": {"uv": [0, 8.125, 2.65625, 8.15625], "texture": "#0"},
				"south": {"uv": [5.625, 8.125, 5.9375, 8.15625], "texture": "#0"},
				"west": {"uv": [2.96875, 8.125, 5.625, 8.15625], "texture": "#0"},
				"up": {"uv": [2.96875, 8.125, 2.65625, 5.46875], "texture": "#0"},
				"down": {"uv": [3.28125, 5.46875, 2.96875, 8.125], "texture": "#0"}
			}
		},
		{
			"name": "tracks",
			"from": [13.76, 4.57624, 19.83302],
			"to": [16.64, 4.89624, 23.99302],
			"rotation": {"angle": -22.5, "axis": "x", "origin": [15.2, 4.73624, 22.07302]},
			"faces": {
				"north": {"uv": [6.125, 0.8125, 6.40625, 0.84375], "texture": "#0"},
				"east": {"uv": [5.71875, 0.8125, 6.125, 0.84375], "texture": "#0"},
				"south": {"uv": [6.8125, 0.8125, 7.09375, 0.84375], "texture": "#0"},
				"west": {"uv": [6.40625, 0.8125, 6.8125, 0.84375], "texture": "#0"},
				"up": {"uv": [6.40625, 0.8125, 6.125, 0.40625], "texture": "#0"},
				"down": {"uv": [6.6875, 0.40625, 6.40625, 0.8125], "texture": "#0"}
			}
		},
		{
			"name": "tracks",
			"from": [13.76, 8.68, -3.2],
			"to": [16.64, 9, 23.36],
			"rotation": {"angle": 0, "axis": "y", "origin": [8, 3.56, 9.28]},
			"faces": {
				"north": {"uv": [7.40625, 2.59375, 7.6875, 2.625], "texture": "#0"},
				"east": {"uv": [4.8125, 2.59375, 7.40625, 2.625], "texture": "#0"},
				"south": {"uv": [10.28125, 2.59375, 10.5625, 2.625], "texture": "#0"},
				"west": {"uv": [7.6875, 2.59375, 10.28125, 2.625], "texture": "#0"},
				"up": {"uv": [7.6875, 2.59375, 7.40625, 0], "texture": "#0"},
				"down": {"uv": [7.96875, 0, 7.6875, 2.59375], "texture": "#0"}
			}
		},
		{
			"name": "tracks",
			"from": [13.76, 8.37058, 23.03405],
			"to": [16.64, 8.69058, 23.83405],
			"rotation": {"angle": 45, "axis": "x", "origin": [15.2, 8.53058, 23.43405]},
			"faces": {
				"north": {"uv": [1.6875, 4, 1.96875, 4.03125], "texture": "#0"},
				"east": {"uv": [1.625, 4, 1.6875, 4.03125], "texture": "#0"},
				"south": {"uv": [2.03125, 4, 2.3125, 4.03125], "texture": "#0"},
				"west": {"uv": [1.96875, 4, 2.03125, 4.03125], "texture": "#0"},
				"up": {"uv": [1.96875, 4, 1.6875, 3.9375], "texture": "#0"},
				"down": {"uv": [2.25, 3.9375, 1.96875, 4], "texture": "#0"}
			}
		},
		{
			"name": "tracks",
			"from": [13.76, 3.56, 0],
			"to": [16.64, 3.88, 20.16],
			"rotation": {"angle": 0, "axis": "y", "origin": [8, 3.56, 9.28]},
			"faces": {
				"north": {"uv": [5.9375, 10, 6.21875, 10.03125], "texture": "#0"},
				"east": {"uv": [3.96875, 10, 5.9375, 10.03125], "texture": "#0"},
				"south": {"uv": [8.1875, 10, 8.46875, 10.03125], "texture": "#0"},
				"west": {"uv": [6.21875, 10, 8.1875, 10.03125], "texture": "#0"},
				"up": {"uv": [6.21875, 10, 5.9375, 8.03125], "texture": "#0"},
				"down": {"uv": [6.5, 8.03125, 6.21875, 10], "texture": "#0"}
			}
		},
		{
			"name": "tracks",
			"from": [13.76, 4.42848, -3.86918],
			"to": [16.64, 4.74848, 0.29082],
			"rotation": {"angle": 22.5, "axis": "x", "origin": [15.2, 4.58848, -1.62918]},
			"faces": {
				"north": {"uv": [6.3125, 6.34375, 6.59375, 6.375], "texture": "#0"},
				"east": {"uv": [5.90625, 6.34375, 6.3125, 6.375], "texture": "#0"},
				"south": {"uv": [7, 6.34375, 7.28125, 6.375], "texture": "#0"},
				"west": {"uv": [6.59375, 6.34375, 7, 6.375], "texture": "#0"},
				"up": {"uv": [6.59375, 6.34375, 6.3125, 5.9375], "texture": "#0"},
				"down": {"uv": [6.875, 5.9375, 6.59375, 6.34375], "texture": "#0"}
			}
		},
		{
			"name": "tracks",
			"from": [13.76, 5.49355, -3.83084],
			"to": [16.64, 8.37355, -3.51084],
			"rotation": {"angle": 0, "axis": "x", "origin": [15.2, 4.93355, -4.67084]},
			"faces": {
				"north": {"uv": [6.625, 6.375, 6.34375, 6.65625], "rotation": 180, "texture": "#0"},
				"east": {"uv": [5.78125, 6.65625, 6.0625, 6.6875], "rotation": 270, "texture": "#0"},
				"south": {"uv": [6.34375, 6.65625, 6.0625, 6.375], "texture": "#0"},
				"west": {"uv": [6.34375, 6.65625, 6.625, 6.6875], "rotation": 90, "texture": "#0"},
				"up": {"uv": [6.0625, 6.65625, 6.34375, 6.6875], "rotation": 180, "texture": "#0"},
				"down": {"uv": [6.625, 6.65625, 6.90625, 6.6875], "texture": "#0"}
			}
		},
		{
			"name": "tracks",
			"from": [13.76, 5.49355, 23.5],
			"to": [16.64, 8.37355, 23.82],
			"rotation": {"angle": 0, "axis": "x", "origin": [15.2, 4.93355, -4.67084]},
			"faces": {
				"north": {"uv": [6.625, 6.375, 6.34375, 6.65625], "rotation": 180, "texture": "#0"},
				"east": {"uv": [5.78125, 6.65625, 6.0625, 6.6875], "rotation": 270, "texture": "#0"},
				"south": {"uv": [6.34375, 6.65625, 6.0625, 6.375], "texture": "#0"},
				"west": {"uv": [6.34375, 6.65625, 6.625, 6.6875], "rotation": 90, "texture": "#0"},
				"up": {"uv": [6.0625, 6.65625, 6.34375, 6.6875], "rotation": 180, "texture": "#0"},
				"down": {"uv": [6.625, 6.65625, 6.90625, 6.6875], "texture": "#0"}
			}
		},
		{
			"name": "tracks",
			"from": [-1, 5.49355, 23.5],
			"to": [1.88, 8.37355, 23.82],
			"rotation": {"angle": 0, "axis": "x", "origin": [15.2, 4.93355, -4.67084]},
			"faces": {
				"north": {"uv": [6.625, 6.375, 6.34375, 6.65625], "rotation": 180, "texture": "#0"},
				"east": {"uv": [5.78125, 6.65625, 6.0625, 6.6875], "rotation": 270, "texture": "#0"},
				"south": {"uv": [6.34375, 6.65625, 6.0625, 6.375], "texture": "#0"},
				"west": {"uv": [6.34375, 6.65625, 6.625, 6.6875], "rotation": 90, "texture": "#0"},
				"up": {"uv": [6.0625, 6.65625, 6.34375, 6.6875], "rotation": 180, "texture": "#0"},
				"down": {"uv": [6.625, 6.65625, 6.90625, 6.6875], "texture": "#0"}
			}
		},
		{
			"name": "tracks",
			"from": [13.76, 7.80323, -2.66369],
			"to": [16.64, 8.12323, -1.86369],
			"rotation": {"angle": -45, "axis": "x", "origin": [15.2, 7.00323, -3.46369]},
			"faces": {
				"north": {"uv": [4.8125, 4.90625, 5.09375, 4.9375], "texture": "#0"},
				"east": {"uv": [4.75, 4.90625, 4.8125, 4.9375], "texture": "#0"},
				"south": {"uv": [5.15625, 4.90625, 5.4375, 4.9375], "texture": "#0"},
				"west": {"uv": [5.09375, 4.90625, 5.15625, 4.9375], "texture": "#0"},
				"up": {"uv": [5.09375, 4.90625, 4.8125, 4.84375], "texture": "#0"},
				"down": {"uv": [5.375, 4.84375, 5.09375, 4.90625], "texture": "#0"}
			}
		},
		{
			"name": "tracks",
			"from": [-0.96, 5.49355, -3.83084],
			"to": [1.92, 8.37355, -3.51084],
			"rotation": {"angle": 0, "axis": "x", "origin": [0.48, 4.93355, -4.67084]},
			"faces": {
				"north": {"uv": [5.78125, 6.34375, 5.5, 6.625], "rotation": 180, "texture": "#0"},
				"east": {"uv": [4.9375, 6.625, 5.21875, 6.65625], "rotation": 270, "texture": "#0"},
				"south": {"uv": [5.5, 6.625, 5.21875, 6.34375], "texture": "#0"},
				"west": {"uv": [5.5, 6.625, 5.78125, 6.65625], "rotation": 90, "texture": "#0"},
				"up": {"uv": [5.21875, 6.625, 5.5, 6.65625], "rotation": 180, "texture": "#0"},
				"down": {"uv": [5.78125, 6.625, 6.0625, 6.65625], "texture": "#0"}
			}
		},
		{
			"name": "tracks",
			"from": [-0.96, 4.42848, -3.86918],
			"to": [1.92, 4.74848, 0.29082],
			"rotation": {"angle": 22.5, "axis": "x", "origin": [15.2, 4.58848, -1.62918]},
			"faces": {
				"north": {"uv": [5.34375, 6.3125, 5.625, 6.34375], "texture": "#0"},
				"east": {"uv": [4.9375, 6.3125, 5.34375, 6.34375], "texture": "#0"},
				"south": {"uv": [6.03125, 6.3125, 6.3125, 6.34375], "texture": "#0"},
				"west": {"uv": [5.625, 6.3125, 6.03125, 6.34375], "texture": "#0"},
				"up": {"uv": [5.625, 6.3125, 5.34375, 5.90625], "texture": "#0"},
				"down": {"uv": [5.90625, 5.90625, 5.625, 6.3125], "texture": "#0"}
			}
		},
		{
			"name": "tracks",
			"from": [-0.96, 7.80323, -2.66369],
			"to": [1.92, 8.12323, -1.86369],
			"rotation": {"angle": -45, "axis": "x", "origin": [15.2, 7.00323, -3.46369]},
			"faces": {
				"north": {"uv": [1.6875, 4.09375, 1.96875, 4.125], "texture": "#0"},
				"east": {"uv": [1.625, 4.09375, 1.6875, 4.125], "texture": "#0"},
				"south": {"uv": [2.03125, 4.09375, 2.3125, 4.125], "texture": "#0"},
				"west": {"uv": [1.96875, 4.09375, 2.03125, 4.125], "texture": "#0"},
				"up": {"uv": [1.96875, 4.09375, 1.6875, 4.03125], "texture": "#0"},
				"down": {"uv": [2.25, 4.03125, 1.96875, 4.09375], "texture": "#0"}
			}
		},
		{
			"name": "tracks",
			"from": [-0.96, 8.68, -3.2],
			"to": [1.92, 9, 23.36],
			"rotation": {"angle": 0, "axis": "y", "origin": [8, 3.56, 9.28]},
			"faces": {
				"north": {"uv": [10.53125, 7.9375, 10.8125, 7.96875], "texture": "#0"},
				"east": {"uv": [7.9375, 7.9375, 10.53125, 7.96875], "texture": "#0"},
				"south": {"uv": [13.40625, 7.9375, 13.6875, 7.96875], "texture": "#0"},
				"west": {"uv": [10.8125, 7.9375, 13.40625, 7.96875], "texture": "#0"},
				"up": {"uv": [10.8125, 7.9375, 10.53125, 5.34375], "texture": "#0"},
				"down": {"uv": [11.09375, 5.34375, 10.8125, 7.9375], "texture": "#0"}
			}
		},
		{
			"name": "tracks",
			"from": [-0.96, 3.56, 0],
			"to": [1.92, 3.88, 20.16],
			"rotation": {"angle": 0, "axis": "y", "origin": [8, 3.56, 9.28]},
			"faces": {
				"north": {"uv": [9.9375, 1.96875, 10.21875, 2], "texture": "#0"},
				"east": {"uv": [7.96875, 1.96875, 9.9375, 2], "texture": "#0"},
				"south": {"uv": [12.1875, 1.96875, 12.46875, 2], "texture": "#0"},
				"west": {"uv": [10.21875, 1.96875, 12.1875, 2], "texture": "#0"},
				"up": {"uv": [10.21875, 1.96875, 9.9375, 0], "texture": "#0"},
				"down": {"uv": [10.5, 0, 10.21875, 1.96875], "texture": "#0"}
			}
		},
		{
			"name": "tracks",
			"from": [-0.96, 4.57624, 19.83302],
			"to": [1.92, 4.89624, 23.99302],
			"rotation": {"angle": -22.5, "axis": "x", "origin": [15.2, 4.73624, 22.07302]},
			"faces": {
				"north": {"uv": [6.0625, 3.1875, 6.34375, 3.21875], "texture": "#0"},
				"east": {"uv": [5.65625, 3.1875, 6.0625, 3.21875], "texture": "#0"},
				"south": {"uv": [6.75, 3.1875, 7.03125, 3.21875], "texture": "#0"},
				"west": {"uv": [6.34375, 3.1875, 6.75, 3.21875], "texture": "#0"},
				"up": {"uv": [6.34375, 3.1875, 6.0625, 2.78125], "texture": "#0"},
				"down": {"uv": [6.625, 2.78125, 6.34375, 3.1875], "texture": "#0"}
			}
		},
		{
			"name": "tracks",
			"from": [-0.96, 8.37058, 23.03405],
			"to": [1.92, 8.69058, 23.83405],
			"rotation": {"angle": 45, "axis": "x", "origin": [12.32, 8.53058, 23.43405]},
			"faces": {
				"north": {"uv": [1.6875, 3.90625, 1.96875, 3.9375], "texture": "#0"},
				"east": {"uv": [1.625, 3.90625, 1.6875, 3.9375], "texture": "#0"},
				"south": {"uv": [2.03125, 3.90625, 2.3125, 3.9375], "texture": "#0"},
				"west": {"uv": [1.96875, 3.90625, 2.03125, 3.9375], "texture": "#0"},
				"up": {"uv": [1.96875, 3.90625, 1.6875, 3.84375], "texture": "#0"},
				"down": {"uv": [2.25, 3.84375, 1.96875, 3.90625], "texture": "#0"}
			}
		},
		{
			"name": "wheel0",
			"from": [13.44, 5.48, -2.88],
			"to": [16.32, 8.36, 0],
			"rotation": {"angle": 0, "axis": "y", "origin": [8, 3.56, 9.28]},
			"faces": {
				"north": {"uv": [1.46875, 6.28125, 1.75, 6.5625], "texture": "#0"},
				"east": {"uv": [1.1875, 6.28125, 1.46875, 6.5625], "texture": "#0"},
				"south": {"uv": [2.03125, 6.28125, 2.3125, 6.5625], "texture": "#0"},
				"west": {"uv": [1.75, 6.28125, 2.03125, 6.5625], "texture": "#0"},
				"up": {"uv": [1.75, 6.28125, 1.46875, 6], "texture": "#0"},
				"down": {"uv": [2.03125, 6, 1.75, 6.28125], "texture": "#0"}
			}
		},
		{
			"name": "wheel1",
			"from": [13.76, 4.104, 1.6],
			"to": [16.32, 6.344, 3.84],
			"rotation": {"angle": 0, "axis": "y", "origin": [8, 3.56, 9.28]},
			"faces": {
				"north": {"uv": [0.21875, 7.21875, 0.46875, 7.4375], "texture": "#0"},
				"east": {"uv": [0, 7.21875, 0.21875, 7.4375], "texture": "#0"},
				"south": {"uv": [0.6875, 7.21875, 0.9375, 7.4375], "texture": "#0"},
				"west": {"uv": [0.46875, 7.21875, 0.6875, 7.4375], "texture": "#0"},
				"up": {"uv": [0.46875, 7.21875, 0.21875, 7], "texture": "#0"},
				"down": {"uv": [0.71875, 7, 0.46875, 7.21875], "texture": "#0"}
			}
		},
		{
			"name": "wheel2",
			"from": [13.76, 4.104, 4.48],
			"to": [16.32, 6.344, 6.72],
			"rotation": {"angle": 0, "axis": "y", "origin": [8, 3.56, 9.28]},
			"faces": {
				"north": {"uv": [1.875, 7, 2.125, 7.21875], "texture": "#0"},
				"east": {"uv": [1.65625, 7, 1.875, 7.21875], "texture": "#0"},
				"south": {"uv": [2.34375, 7, 2.59375, 7.21875], "texture": "#0"},
				"west": {"uv": [2.125, 7, 2.34375, 7.21875], "texture": "#0"},
				"up": {"uv": [2.125, 7, 1.875, 6.78125], "texture": "#0"},
				"down": {"uv": [2.375, 6.78125, 2.125, 7], "texture": "#0"}
			}
		},
		{
			"name": "wheel3",
			"from": [13.44, 6.632, 4.48],
			"to": [16.32, 8.552, 6.4],
			"rotation": {"angle": 0, "axis": "y", "origin": [8, 3.56, 9.28]},
			"faces": {
				"north": {"uv": [0.1875, 7.625, 0.46875, 7.8125], "texture": "#0"},
				"east": {"uv": [0, 7.625, 0.1875, 7.8125], "texture": "#0"},
				"south": {"uv": [0.65625, 7.625, 0.9375, 7.8125], "texture": "#0"},
				"west": {"uv": [0.46875, 7.625, 0.65625, 7.8125], "texture": "#0"},
				"up": {"uv": [0.46875, 7.625, 0.1875, 7.4375], "texture": "#0"},
				"down": {"uv": [0.75, 7.4375, 0.46875, 7.625], "texture": "#0"}
			}
		},
		{
			"name": "wheel4",
			"from": [13.76, 4.104, 7.36],
			"to": [16.32, 6.344, 9.6],
			"rotation": {"angle": 0, "axis": "y", "origin": [8, 3.56, 9.28]},
			"faces": {
				"north": {"uv": [1.15625, 6.78125, 1.40625, 7], "texture": "#0"},
				"east": {"uv": [0.9375, 6.78125, 1.15625, 7], "texture": "#0"},
				"south": {"uv": [1.625, 6.78125, 1.875, 7], "texture": "#0"},
				"west": {"uv": [1.40625, 6.78125, 1.625, 7], "texture": "#0"},
				"up": {"uv": [1.40625, 6.78125, 1.15625, 6.5625], "texture": "#0"},
				"down": {"uv": [1.65625, 6.5625, 1.40625, 6.78125], "texture": "#0"}
			}
		},
		{
			"name": "wheel5",
			"from": [13.44, 6.632, 8.96],
			"to": [16.32, 8.552, 10.88],
			"rotation": {"angle": 0, "axis": "y", "origin": [8, 3.56, 9.28]},
			"faces": {
				"north": {"uv": [5.125, 6.84375, 5.40625, 7.03125], "texture": "#0"},
				"east": {"uv": [4.9375, 6.84375, 5.125, 7.03125], "texture": "#0"},
				"south": {"uv": [5.59375, 6.84375, 5.875, 7.03125], "texture": "#0"},
				"west": {"uv": [5.40625, 6.84375, 5.59375, 7.03125], "texture": "#0"},
				"up": {"uv": [5.40625, 6.84375, 5.125, 6.65625], "texture": "#0"},
				"down": {"uv": [5.6875, 6.65625, 5.40625, 6.84375], "texture": "#0"}
			}
		},
		{
			"name": "wheel6",
			"from": [13.76, 4.104, 10.56],
			"to": [16.32, 6.344, 12.8],
			"rotation": {"angle": 0, "axis": "y", "origin": [8, 3.56, 9.28]},
			"faces": {
				"north": {"uv": [0.21875, 6.78125, 0.46875, 7], "texture": "#0"},
				"east": {"uv": [0, 6.78125, 0.21875, 7], "texture": "#0"},
				"south": {"uv": [0.6875, 6.78125, 0.9375, 7], "texture": "#0"},
				"west": {"uv": [0.46875, 6.78125, 0.6875, 7], "texture": "#0"},
				"up": {"uv": [0.46875, 6.78125, 0.21875, 6.5625], "texture": "#0"},
				"down": {"uv": [0.71875, 6.5625, 0.46875, 6.78125], "texture": "#0"}
			}
		},
		{
			"name": "wheel7",
			"from": [13.76, 4.104, 13.44],
			"to": [16.32, 6.344, 15.68],
			"rotation": {"angle": 0, "axis": "y", "origin": [8, 3.56, 9.28]},
			"faces": {
				"north": {"uv": [1.84375, 3.625, 2.09375, 3.84375], "texture": "#0"},
				"east": {"uv": [1.625, 3.625, 1.84375, 3.84375], "texture": "#0"},
				"south": {"uv": [2.3125, 3.625, 2.5625, 3.84375], "texture": "#0"},
				"west": {"uv": [2.09375, 3.625, 2.3125, 3.84375], "texture": "#0"},
				"up": {"uv": [2.09375, 3.625, 1.84375, 3.40625], "texture": "#0"},
				"down": {"uv": [2.34375, 3.40625, 2.09375, 3.625], "texture": "#0"}
			}
		},
		{
			"name": "wheel8",
			"from": [13.44, 6.632, 13.76],
			"to": [16.32, 8.552, 15.68],
			"rotation": {"angle": 0, "axis": "y", "origin": [8, 3.56, 9.28]},
			"faces": {
				"north": {"uv": [3.46875, 6.84375, 3.75, 7.03125], "texture": "#0"},
				"east": {"uv": [3.28125, 6.84375, 3.46875, 7.03125], "texture": "#0"},
				"south": {"uv": [3.9375, 6.84375, 4.21875, 7.03125], "texture": "#0"},
				"west": {"uv": [3.75, 6.84375, 3.9375, 7.03125], "texture": "#0"},
				"up": {"uv": [3.75, 6.84375, 3.46875, 6.65625], "texture": "#0"},
				"down": {"uv": [4.03125, 6.65625, 3.75, 6.84375], "texture": "#0"}
			}
		},
		{
			"name": "wheel9",
			"from": [13.76, 4.104, 16.32],
			"to": [16.32, 6.344, 18.56],
			"rotation": {"angle": 0, "axis": "y", "origin": [8, 3.56, 9.28]},
			"faces": {
				"north": {"uv": [1.84375, 1.84375, 2.09375, 2.0625], "texture": "#0"},
				"east": {"uv": [1.625, 1.84375, 1.84375, 2.0625], "texture": "#0"},
				"south": {"uv": [2.3125, 1.84375, 2.5625, 2.0625], "texture": "#0"},
				"west": {"uv": [2.09375, 1.84375, 2.3125, 2.0625], "texture": "#0"},
				"up": {"uv": [2.09375, 1.84375, 1.84375, 1.625], "texture": "#0"},
				"down": {"uv": [2.34375, 1.625, 2.09375, 1.84375], "texture": "#0"}
			}
		},
		{
			"name": "wheel10",
			"from": [13.44, 5.48, 20.16],
			"to": [16.64, 8.36, 23.04],
			"rotation": {"angle": 0, "axis": "y", "origin": [8, 3.56, 9.28]},
			"faces": {
				"north": {"uv": [6, 4.3125, 6.3125, 4.59375], "texture": "#0"},
				"east": {"uv": [5.71875, 4.3125, 6, 4.59375], "texture": "#0"},
				"south": {"uv": [6.59375, 4.3125, 6.90625, 4.59375], "texture": "#0"},
				"west": {"uv": [6.3125, 4.3125, 6.59375, 4.59375], "texture": "#0"},
				"up": {"uv": [6.3125, 4.3125, 6, 4.03125], "texture": "#0"},
				"down": {"uv": [6.625, 4.03125, 6.3125, 4.3125], "texture": "#0"}
			}
		},
		{
			"name": "wheel11",
			"from": [-0.64, 5.48, -2.88],
			"to": [2.24, 8.36, 0],
			"rotation": {"angle": 0, "axis": "y", "origin": [8, 3.56, 9.28]},
			"faces": {
				"north": {"uv": [3.5625, 6.375, 3.84375, 6.65625], "texture": "#0"},
				"east": {"uv": [3.28125, 6.375, 3.5625, 6.65625], "texture": "#0"},
				"south": {"uv": [4.125, 6.375, 4.40625, 6.65625], "texture": "#0"},
				"west": {"uv": [3.84375, 6.375, 4.125, 6.65625], "texture": "#0"},
				"up": {"uv": [3.84375, 6.375, 3.5625, 6.09375], "texture": "#0"},
				"down": {"uv": [4.125, 6.09375, 3.84375, 6.375], "texture": "#0"}
			}
		},
		{
			"name": "wheel12",
			"from": [-0.64, 4.104, 1.6],
			"to": [1.92, 6.344, 3.84],
			"rotation": {"angle": 0, "axis": "y", "origin": [8, 3.56, 9.28]},
			"faces": {
				"north": {"uv": [5.375, 7.4375, 5.625, 7.65625], "texture": "#0"},
				"east": {"uv": [5.15625, 7.4375, 5.375, 7.65625], "texture": "#0"},
				"south": {"uv": [5.84375, 7.4375, 6.09375, 7.65625], "texture": "#0"},
				"west": {"uv": [5.625, 7.4375, 5.84375, 7.65625], "texture": "#0"},
				"up": {"uv": [5.625, 7.4375, 5.375, 7.21875], "texture": "#0"},
				"down": {"uv": [5.875, 7.21875, 5.625, 7.4375], "texture": "#0"}
			}
		},
		{
			"name": "wheel13",
			"from": [-0.64, 4.104, 4.48],
			"to": [1.92, 6.344, 6.72],
			"rotation": {"angle": 0, "axis": "y", "origin": [8, 3.56, 9.28]},
			"faces": {
				"north": {"uv": [4.4375, 7.4375, 4.6875, 7.65625], "texture": "#0"},
				"east": {"uv": [4.21875, 7.4375, 4.4375, 7.65625], "texture": "#0"},
				"south": {"uv": [4.90625, 7.4375, 5.15625, 7.65625], "texture": "#0"},
				"west": {"uv": [4.6875, 7.4375, 4.90625, 7.65625], "texture": "#0"},
				"up": {"uv": [4.6875, 7.4375, 4.4375, 7.21875], "texture": "#0"},
				"down": {"uv": [4.9375, 7.21875, 4.6875, 7.4375], "texture": "#0"}
			}
		},
		{
			"name": "wheel14",
			"from": [-0.64, 6.632, 4.48],
			"to": [2.24, 8.552, 6.4],
			"rotation": {"angle": 0, "axis": "y", "origin": [8, 3.56, 9.28]},
			"faces": {
				"north": {"uv": [1.875, 7.84375, 2.15625, 8.03125], "texture": "#0"},
				"east": {"uv": [1.6875, 7.84375, 1.875, 8.03125], "texture": "#0"},
				"south": {"uv": [2.34375, 7.84375, 2.625, 8.03125], "texture": "#0"},
				"west": {"uv": [2.15625, 7.84375, 2.34375, 8.03125], "texture": "#0"},
				"up": {"uv": [2.15625, 7.84375, 1.875, 7.65625], "texture": "#0"},
				"down": {"uv": [2.4375, 7.65625, 2.15625, 7.84375], "texture": "#0"}
			}
		},
		{
			"name": "wheel15",
			"from": [-0.64, 4.104, 7.36],
			"to": [1.92, 6.344, 9.6],
			"rotation": {"angle": 0, "axis": "y", "origin": [8, 3.56, 9.28]},
			"faces": {
				"north": {"uv": [3.5, 7.4375, 3.75, 7.65625], "texture": "#0"},
				"east": {"uv": [3.28125, 7.4375, 3.5, 7.65625], "texture": "#0"},
				"south": {"uv": [3.96875, 7.4375, 4.21875, 7.65625], "texture": "#0"},
				"west": {"uv": [3.75, 7.4375, 3.96875, 7.65625], "texture": "#0"},
				"up": {"uv": [3.75, 7.4375, 3.5, 7.21875], "texture": "#0"},
				"down": {"uv": [4, 7.21875, 3.75, 7.4375], "texture": "#0"}
			}
		},
		{
			"name": "wheel16",
			"from": [-0.64, 6.632, 8.96],
			"to": [2.24, 8.552, 10.88],
			"rotation": {"angle": 0, "axis": "y", "origin": [8, 3.56, 9.28]},
			"faces": {
				"north": {"uv": [6.28125, 7.625, 6.5625, 7.8125], "texture": "#0"},
				"east": {"uv": [6.09375, 7.625, 6.28125, 7.8125], "texture": "#0"},
				"south": {"uv": [6.75, 7.625, 7.03125, 7.8125], "texture": "#0"},
				"west": {"uv": [6.5625, 7.625, 6.75, 7.8125], "texture": "#0"},
				"up": {"uv": [6.5625, 7.625, 6.28125, 7.4375], "texture": "#0"},
				"down": {"uv": [6.84375, 7.4375, 6.5625, 7.625], "texture": "#0"}
			}
		},
		{
			"name": "wheel17",
			"from": [-0.64, 4.104, 10.56],
			"to": [1.92, 6.344, 12.8],
			"rotation": {"angle": 0, "axis": "y", "origin": [8, 3.56, 9.28]},
			"faces": {
				"north": {"uv": [1.875, 7.4375, 2.125, 7.65625], "texture": "#0"},
				"east": {"uv": [1.65625, 7.4375, 1.875, 7.65625], "texture": "#0"},
				"south": {"uv": [2.34375, 7.4375, 2.59375, 7.65625], "texture": "#0"},
				"west": {"uv": [2.125, 7.4375, 2.34375, 7.65625], "texture": "#0"},
				"up": {"uv": [2.125, 7.4375, 1.875, 7.21875], "texture": "#0"},
				"down": {"uv": [2.375, 7.21875, 2.125, 7.4375], "texture": "#0"}
			}
		},
		{
			"name": "wheel18",
			"from": [-0.64, 4.104, 13.44],
			"to": [1.92, 6.344, 15.68],
			"rotation": {"angle": 0, "axis": "y", "origin": [8, 3.56, 9.28]},
			"faces": {
				"north": {"uv": [6.53125, 7.21875, 6.78125, 7.4375], "texture": "#0"},
				"east": {"uv": [6.3125, 7.21875, 6.53125, 7.4375], "texture": "#0"},
				"south": {"uv": [7, 7.21875, 7.25, 7.4375], "texture": "#0"},
				"west": {"uv": [6.78125, 7.21875, 7, 7.4375], "texture": "#0"},
				"up": {"uv": [6.78125, 7.21875, 6.53125, 7], "texture": "#0"},
				"down": {"uv": [7.03125, 7, 6.78125, 7.21875], "texture": "#0"}
			}
		},
		{
			"name": "wheel19",
			"from": [-0.64, 6.632, 13.76],
			"to": [2.24, 8.552, 15.68],
			"rotation": {"angle": 0, "axis": "y", "origin": [8, 3.56, 9.28]},
			"faces": {
				"north": {"uv": [0.9375, 7.8125, 1.21875, 8], "texture": "#0"},
				"east": {"uv": [0.75, 7.8125, 0.9375, 8], "texture": "#0"},
				"south": {"uv": [1.40625, 7.8125, 1.6875, 8], "texture": "#0"},
				"west": {"uv": [1.21875, 7.8125, 1.40625, 8], "texture": "#0"},
				"up": {"uv": [1.21875, 7.8125, 0.9375, 7.625], "texture": "#0"},
				"down": {"uv": [1.5, 7.625, 1.21875, 7.8125], "texture": "#0"}
			}
		},
		{
			"name": "wheel20",
			"from": [-0.64, 4.104, 16.32],
			"to": [1.92, 6.344, 18.56],
			"rotation": {"angle": 0, "axis": "y", "origin": [8, 3.56, 9.28]},
			"faces": {
				"north": {"uv": [1.15625, 7.21875, 1.40625, 7.4375], "texture": "#0"},
				"east": {"uv": [0.9375, 7.21875, 1.15625, 7.4375], "texture": "#0"},
				"south": {"uv": [1.625, 7.21875, 1.875, 7.4375], "texture": "#0"},
				"west": {"uv": [1.40625, 7.21875, 1.625, 7.4375], "texture": "#0"},
				"up": {"uv": [1.40625, 7.21875, 1.15625, 7], "texture": "#0"},
				"down": {"uv": [1.65625, 7, 1.40625, 7.21875], "texture": "#0"}
			}
		},
		{
			"name": "wheel21",
			"from": [-0.96, 5.48, 20.16],
			"to": [2.24, 8.36, 23.04],
			"rotation": {"angle": 0, "axis": "y", "origin": [8, 3.56, 9.28]},
			"faces": {
				"north": {"uv": [0.28125, 6.28125, 0.59375, 6.5625], "texture": "#0"},
				"east": {"uv": [0, 6.28125, 0.28125, 6.5625], "texture": "#0"},
				"south": {"uv": [0.875, 6.28125, 1.1875, 6.5625], "texture": "#0"},
				"west": {"uv": [0.59375, 6.28125, 0.875, 6.5625], "texture": "#0"},
				"up": {"uv": [0.59375, 6.28125, 0.28125, 6], "texture": "#0"},
				"down": {"uv": [0.90625, 6, 0.59375, 6.28125], "texture": "#0"}
			}
		}
	],
	"display": {
		"head": {
			"translation": [0, -26.25, 0],
			"scale": [4, 4, 4]
		}
	},
	"groups": [
		{
			"name": "KV_2",
			"origin": [8, 1, 8],
			"color": 0,
			"children": [
				{
					"name": "turret",
					"origin": [7.84, 16.57921, 11.21702],
					"color": 1,
					"children": [0, 1, 2, 3, 4, 5, 6, 7, 8, 9, 10, 11, 12, 13, 14, 15]
				},
				{
					"name": "hull",
					"origin": [7.56235, 14.37342, 11.82066],
					"color": 2,
					"children": [16, 17, 18, 19, 20, 21, 22, 23, 24, 25, 26, 27, 28, 29, 30, 31, 32, 33, 34, 35, 36, 37, 38, 39, 40, 41, 42, 43, 44, 45, 46, 47, 48, 49]
				},
				{
					"name": "tracks",
					"origin": [15.2, 12.44323, -0.74369],
					"color": 3,
					"children": [50, 51, 52, 53, 54, 55, 56, 57, 58, 59, 60, 61, 62, 63, 64, 65]
				},
				{
					"name": "wheel0",
					"origin": [14.88, 12.36, 1.28],
					"color": 4,
					"children": [66]
				},
				{
					"name": "wheel1",
					"origin": [15.04, 10.664, 5.44],
					"color": 5,
					"children": [67]
				},
				{
					"name": "wheel2",
					"origin": [15.04, 10.664, 8.32],
					"color": 6,
					"children": [68]
				},
				{
					"name": "wheel3",
					"origin": [14.88, 13.032, 8.16],
					"color": 7,
					"children": [69]
				},
				{
					"name": "wheel4",
					"origin": [15.04, 10.664, 11.2],
					"color": 8,
					"children": [70]
				},
				{
					"name": "wheel5",
					"origin": [14.88, 13.032, 12.64],
					"color": 9,
					"children": [71]
				},
				{
					"name": "wheel6",
					"origin": [15.04, 10.664, 14.4],
					"color": 0,
					"children": [72]
				},
				{
					"name": "wheel7",
					"origin": [15.04, 10.664, 17.28],
					"color": 1,
					"children": [73]
				},
				{
					"name": "wheel8",
					"origin": [14.88, 13.032, 17.44],
					"color": 2,
					"children": [74]
				},
				{
					"name": "wheel9",
					"origin": [15.04, 10.664, 20.16],
					"color": 3,
					"children": [75]
				},
				{
					"name": "wheel10",
					"origin": [15.04, 12.36, 24.32],
					"color": 4,
					"children": [76]
				},
				{
					"name": "wheel11",
					"origin": [0.8, 12.36, 1.28],
					"color": 5,
					"children": [77]
				},
				{
					"name": "wheel12",
					"origin": [0.64, 10.664, 5.44],
					"color": 6,
					"children": [78]
				},
				{
					"name": "wheel13",
					"origin": [0.64, 10.664, 8.32],
					"color": 7,
					"children": [79]
				},
				{
					"name": "wheel14",
					"origin": [0.8, 13.032, 8.16],
					"color": 8,
					"children": [80]
				},
				{
					"name": "wheel15",
					"origin": [0.64, 10.664, 11.2],
					"color": 9,
					"children": [81]
				},
				{
					"name": "wheel16",
					"origin": [0.8, 13.032, 12.64],
					"color": 0,
					"children": [82]
				},
				{
					"name": "wheel17",
					"origin": [0.64, 10.664, 14.4],
					"color": 1,
					"children": [83]
				},
				{
					"name": "wheel18",
					"origin": [0.64, 10.664, 17.28],
					"color": 2,
					"children": [84]
				},
				{
					"name": "wheel19",
					"origin": [0.8, 13.032, 17.44],
					"color": 3,
					"children": [85]
				},
				{
					"name": "wheel20",
					"origin": [0.64, 10.664, 20.16],
					"color": 4,
					"children": [86]
				},
				{
					"name": "wheel21",
					"origin": [0.64, 12.36, 24.32],
					"color": 5,
					"children": [87]
				}
			]
		}
	]
}