{
	"credit": "Made with Blockbench",
	"textures": {
		"0": "items/m4_sherman"
	},
	"elements": [
		{
			"name": "hull",
			"from": [-2.175, 9.17988, -6.56731],
			"to": [18.175, 12.47988, 0.58269],
			"rotation": {"angle": -22.5, "axis": "x", "origin": [8, 10.82988, -2.99231]},
			"faces": {
				"north": {"uv": [5.15625, 2.8125, 6.3125, 3], "texture": "#0"},
				"east": {"uv": [4.75, 2.8125, 5.15625, 3], "texture": "#0"},
				"south": {"uv": [6.71875, 2.8125, 7.875, 3], "texture": "#0"},
				"west": {"uv": [6.3125, 2.8125, 6.71875, 3], "texture": "#0"},
				"up": {"uv": [6.3125, 2.8125, 5.15625, 2.40625], "texture": "#0"},
				"down": {"uv": [7.46875, 2.40625, 6.3125, 2.8125], "texture": "#0"}
			}
		},
		{
			"name": "hull",
			"from": [1.675, 3.75, -5.9],
			"to": [14.325, 7.05, 26],
			"rotation": {"angle": 0, "axis": "y", "origin": [8, 1, 6.2]},
			"faces": {
				"north": {"uv": [1.8125, 1.8125, 2.53125, 2], "texture": "#0"},
				"east": {"uv": [0, 1.8125, 1.8125, 2], "texture": "#0"},
				"south": {"uv": [4.34375, 1.8125, 5.0625, 2], "texture": "#0"},
				"west": {"uv": [2.53125, 1.8125, 4.34375, 2], "texture": "#0"},
				"up": {"uv": [2.53125, 1.8125, 1.8125, 0], "texture": "#0"},
				"down": {"uv": [3.25, 0, 2.53125, 1.8125], "texture": "#0"}
			}
		},
		{
			"name": "hull",
			"from": [13.225, 12.8, -5.35],
			"to": [13.775, 13.35, -3.7],
			"rotation": {"angle": 0, "axis": "y", "origin": [8, 1, 6.2]},
			"faces": {
				"north": {"uv": [0.09375, 1.125, 0.125, 1.15625], "texture": "#0"},
				"east": {"uv": [0, 1.125, 0.09375, 1.15625], "texture": "#0"},
				"south": {"uv": [0.21875, 1.125, 0.25, 1.15625], "texture": "#0"},
				"west": {"uv": [0.125, 1.125, 0.21875, 1.15625], "texture": "#0"},
				"up": {"uv": [0.125, 1.125, 0.09375, 1.03125], "texture": "#0"},
				"down": {"uv": [0.15625, 1.03125, 0.125, 1.125], "texture": "#0"}
			}
		},
		{
			"name": "hull",
			"from": [-1.075, 3.2, 7.3],
			"to": [1.675, 5.95, 8.4],
			"rotation": {"angle": 0, "axis": "y", "origin": [8, 1, 6.2]},
			"faces": {
				"north": {"uv": [5, 4.6875, 5.15625, 4.84375], "texture": "#0"},
				"east": {"uv": [4.9375, 4.6875, 5, 4.84375], "texture": "#0"},
				"south": {"uv": [5.21875, 4.6875, 5.375, 4.84375], "texture": "#0"},
				"west": {"uv": [5.15625, 4.6875, 5.21875, 4.84375], "texture": "#0"},
				"up": {"uv": [5.15625, 4.6875, 5, 4.625], "texture": "#0"},
				"down": {"uv": [5.3125, 4.625, 5.15625, 4.6875], "texture": "#0"}
			}
		},
		{
			"name": "hull",
			"from": [-1.075, 3.2, 16.1],
			"to": [1.675, 5.95, 17.2],
			"rotation": {"angle": 0, "axis": "y", "origin": [8, 1, 6.2]},
			"faces": {
				"north": {"uv": [4.8125, 3.84375, 4.96875, 4], "texture": "#0"},
				"east": {"uv": [4.75, 3.84375, 4.8125, 4], "texture": "#0"},
				"south": {"uv": [5.03125, 3.84375, 5.1875, 4], "texture": "#0"},
				"west": {"uv": [4.96875, 3.84375, 5.03125, 4], "texture": "#0"},
				"up": {"uv": [4.96875, 3.84375, 4.8125, 3.78125], "texture": "#0"},
				"down": {"uv": [5.125, 3.78125, 4.96875, 3.84375], "texture": "#0"}
			}
		},
		{
			"name": "hull",
			"from": [14.325, 3.2, 16.1],
			"to": [17.075, 5.95, 17.2],
			"rotation": {"angle": 0, "axis": "y", "origin": [8, 1, 6.2]},
			"faces": {
				"north": {"uv": [3.6875, 4.75, 3.84375, 4.90625], "texture": "#0"},
				"east": {"uv": [3.625, 4.75, 3.6875, 4.90625], "texture": "#0"},
				"south": {"uv": [3.90625, 4.75, 4.0625, 4.90625], "texture": "#0"},
				"west": {"uv": [3.84375, 4.75, 3.90625, 4.90625], "texture": "#0"},
				"up": {"uv": [3.84375, 4.75, 3.6875, 4.6875], "texture": "#0"},
				"down": {"uv": [4, 4.6875, 3.84375, 4.75], "texture": "#0"}
			}
		},
		{
			"name": "hull",
			"from": [15.425, 11.64347, -4.14419],
			"to": [16.525, 12.74347, -3.04419],
			"rotation": {"angle": 0, "axis": "y", "origin": [8, 1, 6.2]},
			"faces": {
				"north": {"uv": [0.0625, 0.84375, 0.125, 0.90625], "texture": "#0"},
				"east": {"uv": [0, 0.84375, 0.0625, 0.90625], "texture": "#0"},
				"south": {"uv": [0.1875, 0.84375, 0.25, 0.90625], "texture": "#0"},
				"west": {"uv": [0.125, 0.84375, 0.1875, 0.90625], "texture": "#0"},
				"up": {"uv": [0.125, 0.84375, 0.0625, 0.78125], "texture": "#0"},
				"down": {"uv": [0.1875, 0.78125, 0.125, 0.84375], "texture": "#0"}
			}
		},
		{
			"name": "hull",
			"from": [14.325, 3.2, 7.3],
			"to": [17.075, 5.95, 8.4],
			"rotation": {"angle": 0, "axis": "y", "origin": [8, 1, 6.2]},
			"faces": {
				"north": {"uv": [3.25, 4.75, 3.40625, 4.90625], "texture": "#0"},
				"east": {"uv": [3.1875, 4.75, 3.25, 4.90625], "texture": "#0"},
				"south": {"uv": [3.46875, 4.75, 3.625, 4.90625], "texture": "#0"},
				"west": {"uv": [3.40625, 4.75, 3.46875, 4.90625], "texture": "#0"},
				"up": {"uv": [3.40625, 4.75, 3.25, 4.6875], "texture": "#0"},
				"down": {"uv": [3.5625, 4.6875, 3.40625, 4.75], "texture": "#0"}
			}
		},
		{
			"name": "hull",
			"from": [-0.525, 11.64347, -4.14419],
			"to": [0.575, 12.74347, -3.04419],
			"rotation": {"angle": 0, "axis": "y", "origin": [8, 1, 6.2]},
			"faces": {
				"north": {"uv": [0.0625, 0.96875, 0.125, 1.03125], "texture": "#0"},
				"east": {"uv": [0, 0.96875, 0.0625, 1.03125], "texture": "#0"},
				"south": {"uv": [0.1875, 0.96875, 0.25, 1.03125], "texture": "#0"},
				"west": {"uv": [0.125, 0.96875, 0.1875, 1.03125], "texture": "#0"},
				"up": {"uv": [0.125, 0.96875, 0.0625, 0.90625], "texture": "#0"},
				"down": {"uv": [0.1875, 0.90625, 0.125, 0.96875], "texture": "#0"}
			}
		},
		{
			"name": "hull",
			"from": [14.325, 3.2, -1.5],
			"to": [17.075, 5.95, -0.4],
			"rotation": {"angle": 0, "axis": "y", "origin": [8, 1, 6.2]},
			"faces": {
				"north": {"uv": [4.75, 1.15625, 4.90625, 1.3125], "texture": "#0"},
				"east": {"uv": [4.6875, 1.15625, 4.75, 1.3125], "texture": "#0"},
				"south": {"uv": [4.96875, 1.15625, 5.125, 1.3125], "texture": "#0"},
				"west": {"uv": [4.90625, 1.15625, 4.96875, 1.3125], "texture": "#0"},
				"up": {"uv": [4.90625, 1.15625, 4.75, 1.09375], "texture": "#0"},
				"down": {"uv": [5.0625, 1.09375, 4.90625, 1.15625], "texture": "#0"}
			}
		},
		{
			"name": "hull",
			"from": [1.675, 7.05, -8.65],
			"to": [14.325, 8.7, -7],
			"rotation": {"angle": 0, "axis": "y", "origin": [8, 1, 6.2]},
			"faces": {
				"north": {"uv": [0.09375, 1.53125, 0.8125, 1.625], "texture": "#0"},
				"east": {"uv": [0, 1.53125, 0.09375, 1.625], "texture": "#0"},
				"south": {"uv": [0.90625, 1.53125, 1.625, 1.625], "texture": "#0"},
				"west": {"uv": [0.8125, 1.53125, 0.90625, 1.625], "texture": "#0"},
				"up": {"uv": [0.8125, 1.53125, 0.09375, 1.4375], "texture": "#0"},
				"down": {"uv": [1.53125, 1.4375, 0.8125, 1.53125], "texture": "#0"}
			}
		},
		{
			"name": "hull",
			"from": [1.675, 3.91126, -7.07494],
			"to": [14.325, 8.31126, -5.42494],
			"rotation": {"angle": -45, "axis": "x", "origin": [8, 5.56126, -6.24994]},
			"faces": {
				"north": {"uv": [0.09375, 0.53125, 0.8125, 0.78125], "texture": "#0"},
				"east": {"uv": [0, 0.53125, 0.09375, 0.78125], "texture": "#0"},
				"south": {"uv": [0.90625, 0.53125, 1.625, 0.78125], "texture": "#0"},
				"west": {"uv": [0.8125, 0.53125, 0.90625, 0.78125], "texture": "#0"},
				"up": {"uv": [0.8125, 0.53125, 0.09375, 0.4375], "texture": "#0"},
				"down": {"uv": [1.53125, 0.4375, 0.8125, 0.53125], "texture": "#0"}
			}
		},
		{
			"name": "hull",
			"from": [-1.075, 3.2, -1.5],
			"to": [1.675, 5.95, -0.4],
			"rotation": {"angle": 0, "axis": "y", "origin": [8, 1, 6.2]},
			"faces": {
				"north": {"uv": [5, 4.90625, 5.15625, 5.0625], "texture": "#0"},
				"east": {"uv": [4.9375, 4.90625, 5, 5.0625], "texture": "#0"},
				"south": {"uv": [5.21875, 4.90625, 5.375, 5.0625], "texture": "#0"},
				"west": {"uv": [5.15625, 4.90625, 5.21875, 5.0625], "texture": "#0"},
				"up": {"uv": [5.15625, 4.90625, 5, 4.84375], "texture": "#0"},
				"down": {"uv": [5.3125, 4.84375, 5.15625, 4.90625], "texture": "#0"}
			}
		},
		{
			"name": "hull",
			"from": [-2.175, 7.05, -7],
			"to": [1.675, 10.35, -5.9],
			"rotation": {"angle": 0, "axis": "y", "origin": [8, 1, 6.2]},
			"faces": {
				"north": {"uv": [3.8125, 3.125, 4.03125, 3.3125], "texture": "#0"},
				"east": {"uv": [3.75, 3.125, 3.8125, 3.3125], "texture": "#0"},
				"south": {"uv": [4.09375, 3.125, 4.3125, 3.3125], "texture": "#0"},
				"west": {"uv": [4.03125, 3.125, 4.09375, 3.3125], "texture": "#0"},
				"up": {"uv": [4.03125, 3.125, 3.8125, 3.0625], "texture": "#0"},
				"down": {"uv": [4.25, 3.0625, 4.03125, 3.125], "texture": "#0"}
			}
		},
		{
			"name": "hull",
			"from": [-2.175, 7.05, -10.3],
			"to": [1.675, 8.7, -7],
			"rotation": {"angle": 0, "axis": "y", "origin": [8, 1, 6.2]},
			"faces": {
				"north": {"uv": [1.1875, 3.46875, 1.40625, 3.5625], "texture": "#0"},
				"east": {"uv": [1, 3.46875, 1.1875, 3.5625], "texture": "#0"},
				"south": {"uv": [1.59375, 3.46875, 1.8125, 3.5625], "texture": "#0"},
				"west": {"uv": [1.40625, 3.46875, 1.59375, 3.5625], "texture": "#0"},
				"up": {"uv": [1.40625, 3.46875, 1.1875, 3.28125], "texture": "#0"},
				"down": {"uv": [1.625, 3.28125, 1.40625, 3.46875], "texture": "#0"}
			}
		},
		{
			"name": "hull",
			"from": [14.325, 7.05, -10.3],
			"to": [18.175, 8.7, -7],
			"rotation": {"angle": 0, "axis": "y", "origin": [8, 1, 6.2]},
			"faces": {
				"north": {"uv": [3.4375, 1.53125, 3.65625, 1.625], "texture": "#0"},
				"east": {"uv": [3.25, 1.53125, 3.4375, 1.625], "texture": "#0"},
				"south": {"uv": [3.84375, 1.53125, 4.0625, 1.625], "texture": "#0"},
				"west": {"uv": [3.65625, 1.53125, 3.84375, 1.625], "texture": "#0"},
				"up": {"uv": [3.65625, 1.53125, 3.4375, 1.34375], "texture": "#0"},
				"down": {"uv": [3.875, 1.34375, 3.65625, 1.53125], "texture": "#0"}
			}
		},
		{
			"name": "hull",
			"from": [14.325, 7.05, -7],
			"to": [18.175, 10.35, -5.9],
			"rotation": {"angle": 0, "axis": "y", "origin": [8, 1, 6.2]},
			"faces": {
				"north": {"uv": [3.8125, 2.3125, 4.03125, 2.5], "texture": "#0"},
				"east": {"uv": [3.75, 2.3125, 3.8125, 2.5], "texture": "#0"},
				"south": {"uv": [4.09375, 2.3125, 4.3125, 2.5], "texture": "#0"},
				"west": {"uv": [4.03125, 2.3125, 4.09375, 2.5], "texture": "#0"},
				"up": {"uv": [4.03125, 2.3125, 3.8125, 2.25], "texture": "#0"},
				"down": {"uv": [4.25, 2.25, 4.03125, 2.3125], "texture": "#0"}
			}
		},
		{
			"name": "hull",
			"from": [12.675, 11.45, -3.7],
			"to": [14.325, 14.2, -0.95],
			"rotation": {"angle": 0, "axis": "y", "origin": [8, 1, 6.2]},
			"faces": {
				"north": {"uv": [5, 4.375, 5.09375, 4.53125], "texture": "#0"},
				"east": {"uv": [4.84375, 4.375, 5, 4.53125], "texture": "#0"},
				"south": {"uv": [5.25, 4.375, 5.34375, 4.53125], "texture": "#0"},
				"west": {"uv": [5.09375, 4.375, 5.25, 4.53125], "texture": "#0"},
				"up": {"uv": [5.09375, 4.375, 5, 4.21875], "texture": "#0"},
				"down": {"uv": [5.1875, 4.21875, 5.09375, 4.375], "texture": "#0"}
			}
		},
		{
			"name": "hull",
			"from": [-2.175, 7.05, -0.95],
			"to": [18.175, 14.2, 10.6],
			"rotation": {"angle": 0, "axis": "y", "origin": [8, 1, 6.2]},
			"faces": {
				"north": {"uv": [5.40625, 2, 6.5625, 2.40625], "texture": "#0"},
				"east": {"uv": [4.75, 2, 5.40625, 2.40625], "texture": "#0"},
				"south": {"uv": [7.21875, 2, 8.375, 2.40625], "texture": "#0"},
				"west": {"uv": [6.5625, 2, 7.21875, 2.40625], "texture": "#0"},
				"up": {"uv": [6.5625, 2, 5.40625, 1.34375], "texture": "#0"},
				"down": {"uv": [7.71875, 1.34375, 6.5625, 2], "texture": "#0"}
			}
		},
		{
			"name": "hull",
			"from": [1.675, 6.5675, -8.61297],
			"to": [14.325, 10.4175, -4.76297],
			"rotation": {"angle": 45, "axis": "x", "origin": [8, 7.6675, -6.68797]},
			"faces": {
				"north": {"uv": [0.21875, 2.21875, 0.9375, 2.4375], "texture": "#0"},
				"east": {"uv": [0, 2.21875, 0.21875, 2.4375], "texture": "#0"},
				"south": {"uv": [1.15625, 2.21875, 1.875, 2.4375], "texture": "#0"},
				"west": {"uv": [0.9375, 2.21875, 1.15625, 2.4375], "texture": "#0"},
				"up": {"uv": [0.9375, 2.21875, 0.21875, 2], "texture": "#0"},
				"down": {"uv": [1.65625, 2, 0.9375, 2.21875], "texture": "#0"}
			}
		},
		{
			"name": "hull",
			"from": [1.675, 11.45, -3.7],
			"to": [3.325, 14.2, -0.95],
			"rotation": {"angle": 0, "axis": "y", "origin": [8, 1, 6.2]},
			"faces": {
				"north": {"uv": [4.90625, 3.625, 5, 3.78125], "texture": "#0"},
				"east": {"uv": [4.75, 3.625, 4.90625, 3.78125], "texture": "#0"},
				"south": {"uv": [5.15625, 3.625, 5.25, 3.78125], "texture": "#0"},
				"west": {"uv": [5, 3.625, 5.15625, 3.78125], "texture": "#0"},
				"up": {"uv": [5, 3.625, 4.90625, 3.46875], "texture": "#0"},
				"down": {"uv": [5.09375, 3.46875, 5, 3.625], "texture": "#0"}
			}
		},
		{
			"name": "hull",
			"from": [-2.175, 7.05, -5.9],
			"to": [18.175, 10.35, -0.95],
			"rotation": {"angle": 0, "axis": "y", "origin": [8, 1, 6.2]},
			"faces": {
				"north": {"uv": [5.03125, 3.28125, 6.1875, 3.46875], "texture": "#0"},
				"east": {"uv": [4.75, 3.28125, 5.03125, 3.46875], "texture": "#0"},
				"south": {"uv": [6.46875, 3.28125, 7.625, 3.46875], "texture": "#0"},
				"west": {"uv": [6.1875, 3.28125, 6.46875, 3.46875], "texture": "#0"},
				"up": {"uv": [6.1875, 3.28125, 5.03125, 3], "texture": "#0"},
				"down": {"uv": [7.34375, 3, 6.1875, 3.28125], "texture": "#0"}
			}
		},
		{
			"name": "hull",
			"from": [-2.175, 11.30855, 2.2476],
			"to": [18.175, 15.15855, 11.3476],
			"rotation": {"angle": 22.5, "axis": "x", "origin": [7.725, -5.19145, 4.0476]},
			"faces": {
				"north": {"uv": [0.875, 4.9375, 2.03125, 5.15625], "texture": "#0"},
				"east": {"uv": [0, 4.9375, 0.875, 5.15625], "texture": "#0"},
				"south": {"uv": [2.90625, 4.9375, 4.0625, 5.15625], "texture": "#0"},
				"west": {"uv": [2.03125, 4.9375, 2.90625, 5.15625], "texture": "#0"},
				"up": {"uv": [2.03125, 4.9375, 0.875, 4.0625], "texture": "#0"},
				"down": {"uv": [3.1875, 4.0625, 2.03125, 4.9375], "texture": "#0"}
			}
		},
		{
			"name": "hull",
			"from": [-2.175, 7.05, 10.6],
			"to": [18.175, 10.9, 26],
			"rotation": {"angle": 0, "axis": "x", "origin": [8, 1, 6.2]},
			"faces": {
				"north": {"uv": [4.125, 0.875, 5.28125, 1.09375], "texture": "#0"},
				"east": {"uv": [3.25, 0.875, 4.125, 1.09375], "texture": "#0"},
				"south": {"uv": [6.15625, 0.875, 7.3125, 1.09375], "texture": "#0"},
				"west": {"uv": [5.28125, 0.875, 6.15625, 1.09375], "texture": "#0"},
				"up": {"uv": [5.28125, 0.875, 4.125, 0], "texture": "#0"},
				"down": {"uv": [6.4375, 0, 5.28125, 0.875], "texture": "#0"}
			}
		},
		{
			"name": "turret",
			"from": [2.775, 14.2, 1.25],
			"to": [13.225, 19.15, 11.7],
			"rotation": {"angle": 0, "axis": "y", "origin": [8, 1, 6.2]},
			"faces": {
				"north": {"uv": [0.59375, 5.75, 1.1875, 6.03125], "texture": "#0"},
				"east": {"uv": [0, 5.75, 0.59375, 6.03125], "texture": "#0"},
				"south": {"uv": [1.78125, 5.75, 2.375, 6.03125], "texture": "#0"},
				"west": {"uv": [1.1875, 5.75, 1.78125, 6.03125], "texture": "#0"},
				"up": {"uv": [1.1875, 5.75, 0.59375, 5.15625], "texture": "#0"},
				"down": {"uv": [1.78125, 5.15625, 1.1875, 5.75], "texture": "#0"}
			}
		},
		{
			"name": "turret",
			"from": [14.10863, 14.2, 5.71673],
			"to": [16.30863, 19.15, 7.91673],
			"rotation": {"angle": -45, "axis": "y", "origin": [19.05863, -5.05, 2.41673]},
			"faces": {
				"north": {"uv": [1.5, 3.6875, 1.625, 3.96875], "texture": "#0"},
				"east": {"uv": [1.375, 3.6875, 1.5, 3.96875], "texture": "#0"},
				"south": {"uv": [1.75, 3.6875, 1.875, 3.96875], "texture": "#0"},
				"west": {"uv": [1.625, 3.6875, 1.75, 3.96875], "texture": "#0"},
				"up": {"uv": [1.625, 3.6875, 1.5, 3.5625], "texture": "#0"},
				"down": {"uv": [1.75, 3.5625, 1.625, 3.6875], "texture": "#0"}
			}
		},
		{
			"name": "turret",
			"from": [2.775, 12.18941, -4.15573],
			"to": [13.225, 17.68941, -1.95573],
			"rotation": {"angle": 22.5, "axis": "x", "origin": [7.725, -2.11059, 4.09427]},
			"faces": {
				"north": {"uv": [0.125, 2.5625, 0.71875, 2.875], "texture": "#0"},
				"east": {"uv": [0, 2.5625, 0.125, 2.875], "texture": "#0"},
				"south": {"uv": [0.84375, 2.5625, 1.4375, 2.875], "texture": "#0"},
				"west": {"uv": [0.71875, 2.5625, 0.84375, 2.875], "texture": "#0"},
				"up": {"uv": [0.71875, 2.5625, 0.125, 2.4375], "texture": "#0"},
				"down": {"uv": [1.3125, 2.4375, 0.71875, 2.5625], "texture": "#0"}
			}
		},
		{
			"name": "turret",
			"from": [6.625, 14.75, -0.4],
			"to": [9.375, 19.15, 1.25],
			"rotation": {"angle": 0, "axis": "y", "origin": [8, 1, 6.2]},
			"faces": {
				"north": {"uv": [4.53125, 4.78125, 4.6875, 5.03125], "texture": "#0"},
				"east": {"uv": [4.4375, 4.78125, 4.53125, 5.03125], "texture": "#0"},
				"south": {"uv": [4.78125, 4.78125, 4.9375, 5.03125], "texture": "#0"},
				"west": {"uv": [4.6875, 4.78125, 4.78125, 5.03125], "texture": "#0"},
				"up": {"uv": [4.6875, 4.78125, 4.53125, 4.6875], "texture": "#0"},
				"down": {"uv": [4.84375, 4.6875, 4.6875, 4.78125], "texture": "#0"}
			}
		},
		{
			"name": "turret",
			"from": [3.875, 14.76445, 0.65],
			"to": [12.125, 18.61445, 1.2],
			"rotation": {"angle": 0, "axis": "x", "origin": [12.675, 0.01445, 4.66367]},
			"faces": {
				"north": {"uv": [3.15625, 2.03125, 3.625, 2.25], "texture": "#0"},
				"east": {"uv": [3.125, 2.03125, 3.15625, 2.25], "texture": "#0"},
				"south": {"uv": [3.65625, 2.03125, 4.125, 2.25], "texture": "#0"},
				"west": {"uv": [3.625, 2.03125, 3.65625, 2.25], "texture": "#0"},
				"up": {"uv": [3.625, 2.03125, 3.15625, 2], "texture": "#0"},
				"down": {"uv": [4.09375, 2, 3.625, 2.03125], "texture": "#0"}
			}
		},
		{
			"name": "turret",
			"from": [7.175, 16.4, -10.3],
			"to": [8.825, 18.05, -0.4],
			"rotation": {"angle": 0, "axis": "y", "origin": [8, 1, 6.2]},
			"faces": {
				"north": {"uv": [2.9375, 2.5625, 3.03125, 2.65625], "texture": "#0"},
				"east": {"uv": [2.375, 2.5625, 2.9375, 2.65625], "texture": "#0"},
				"south": {"uv": [3.59375, 2.5625, 3.6875, 2.65625], "texture": "#0"},
				"west": {"uv": [3.03125, 2.5625, 3.59375, 2.65625], "texture": "#0"},
				"up": {"uv": [3.03125, 2.5625, 2.9375, 2], "texture": "#0"},
				"down": {"uv": [3.125, 2, 3.03125, 2.5625], "texture": "#0"}
			}
		},
		{
			"name": "turret",
			"from": [1.21936, 14.2, 2.80564],
			"to": [2.86936, 19.15, 9.95564],
			"rotation": {"angle": 0, "axis": "y", "origin": [8, 1, 6.2]},
			"faces": {
				"north": {"uv": [0.40625, 3.28125, 0.5, 3.5625], "texture": "#0"},
				"east": {"uv": [0, 3.28125, 0.40625, 3.5625], "texture": "#0"},
				"south": {"uv": [0.90625, 3.28125, 1, 3.5625], "texture": "#0"},
				"west": {"uv": [0.5, 3.28125, 0.90625, 3.5625], "texture": "#0"},
				"up": {"uv": [0.5, 3.28125, 0.40625, 2.875], "texture": "#0"},
				"down": {"uv": [0.59375, 2.875, 0.5, 3.28125], "texture": "#0"}
			}
		},
		{
			"name": "turret",
			"from": [13.13064, 14.2, 2.80564],
			"to": [14.78064, 19.15, 9.95564],
			"rotation": {"angle": 0, "axis": "y", "origin": [8, 1, 6.2]},
			"faces": {
				"north": {"uv": [2.78125, 3.0625, 2.875, 3.34375], "texture": "#0"},
				"east": {"uv": [2.375, 3.0625, 2.78125, 3.34375], "texture": "#0"},
				"south": {"uv": [3.28125, 3.0625, 3.375, 3.34375], "texture": "#0"},
				"west": {"uv": [2.875, 3.0625, 3.28125, 3.34375], "texture": "#0"},
				"up": {"uv": [2.875, 3.0625, 2.78125, 2.65625], "texture": "#0"},
				"down": {"uv": [2.96875, 2.65625, 2.875, 3.0625], "texture": "#0"}
			}
		},
		{
			"name": "turret",
			"from": [2.775, 15.01239, 11.68744],
			"to": [13.225, 18.86239, 15.53744],
			"rotation": {"angle": 0, "axis": "y", "origin": [8, 1, 6.2]},
			"faces": {
				"north": {"uv": [0.21875, 0.21875, 0.8125, 0.4375], "texture": "#0"},
				"east": {"uv": [0, 0.21875, 0.21875, 0.4375], "texture": "#0"},
				"south": {"uv": [1.03125, 0.21875, 1.625, 0.4375], "texture": "#0"},
				"west": {"uv": [0.8125, 0.21875, 1.03125, 0.4375], "texture": "#0"},
				"up": {"uv": [0.8125, 0.21875, 0.21875, 0], "texture": "#0"},
				"down": {"uv": [1.40625, 0, 0.8125, 0.21875], "texture": "#0"}
			}
		},
		{
			"name": "turret",
			"from": [4.425, 19.15, 3.45],
			"to": [11.575, 19.7, 10.05],
			"rotation": {"angle": 0, "axis": "y", "origin": [8, 1, 6.2]},
			"faces": {
				"north": {"uv": [0.375, 1.15625, 0.78125, 1.1875], "texture": "#0"},
				"east": {"uv": [0, 1.15625, 0.375, 1.1875], "texture": "#0"},
				"south": {"uv": [1.15625, 1.15625, 1.5625, 1.1875], "texture": "#0"},
				"west": {"uv": [0.78125, 1.15625, 1.15625, 1.1875], "texture": "#0"},
				"up": {"uv": [0.78125, 1.15625, 0.375, 0.78125], "texture": "#0"},
				"down": {"uv": [1.1875, 0.78125, 0.78125, 1.15625], "texture": "#0"}
			}
		},
		{
			"name": "turret",
			"from": [13.225, 19.15, 3.45],
			"to": [16.525, 19.7, 10.05],
			"rotation": {"angle": 0, "axis": "z", "origin": [7.725, -1.75, 4]},
			"faces": {
				"north": {"uv": [3.34375, 3.03125, 3.53125, 3.0625], "texture": "#0"},
				"east": {"uv": [2.96875, 3.03125, 3.34375, 3.0625], "texture": "#0"},
				"south": {"uv": [3.90625, 3.03125, 4.09375, 3.0625], "texture": "#0"},
				"west": {"uv": [3.53125, 3.03125, 3.90625, 3.0625], "texture": "#0"},
				"up": {"uv": [3.53125, 3.03125, 3.34375, 2.65625], "texture": "#0"},
				"down": {"uv": [3.71875, 2.65625, 3.53125, 3.03125], "texture": "#0"}
			}
		},
		{
			"name": "turret",
			"from": [6.62026, 14.2, 12.86673],
			"to": [8.82026, 19.15, 15.06673],
			"rotation": {"angle": -45, "axis": "y", "origin": [18.72026, -5.05, 2.41673]},
			"faces": {
				"north": {"uv": [1.46875, 2.96875, 1.59375, 3.25], "texture": "#0"},
				"east": {"uv": [1.34375, 2.96875, 1.46875, 3.25], "texture": "#0"},
				"south": {"uv": [1.71875, 2.96875, 1.84375, 3.25], "texture": "#0"},
				"west": {"uv": [1.59375, 2.96875, 1.71875, 3.25], "texture": "#0"},
				"up": {"uv": [1.59375, 2.96875, 1.46875, 2.84375], "texture": "#0"},
				"down": {"uv": [1.71875, 2.84375, 1.59375, 2.96875], "texture": "#0"}
			}
		},
		{
			"name": "turret",
			"from": [-0.525, 19.15, 3.45],
			"to": [2.775, 19.7, 10.05],
			"rotation": {"angle": 0, "axis": "z", "origin": [7.725, -1.75, 4]},
			"faces": {
				"north": {"uv": [0.96875, 3.25, 1.15625, 3.28125], "texture": "#0"},
				"east": {"uv": [0.59375, 3.25, 0.96875, 3.28125], "texture": "#0"},
				"south": {"uv": [1.53125, 3.25, 1.71875, 3.28125], "texture": "#0"},
				"west": {"uv": [1.15625, 3.25, 1.53125, 3.28125], "texture": "#0"},
				"up": {"uv": [1.15625, 3.25, 0.96875, 2.875], "texture": "#0"},
				"down": {"uv": [1.34375, 2.875, 1.15625, 3.25], "texture": "#0"}
			}
		},
		{
			"name": "turret",
			"from": [11.40916, 14.2, 18.35528],
			"to": [13.60916, 19.15, 20.55528],
			"rotation": {"angle": -45, "axis": "y", "origin": [19.10916, -5.05, 2.95528]},
			"faces": {
				"north": {"uv": [1.5625, 2.5625, 1.6875, 2.84375], "texture": "#0"},
				"east": {"uv": [1.4375, 2.5625, 1.5625, 2.84375], "texture": "#0"},
				"south": {"uv": [1.8125, 2.5625, 1.9375, 2.84375], "texture": "#0"},
				"west": {"uv": [1.6875, 2.5625, 1.8125, 2.84375], "texture": "#0"},
				"up": {"uv": [1.6875, 2.5625, 1.5625, 2.4375], "texture": "#0"},
				"down": {"uv": [1.8125, 2.4375, 1.6875, 2.5625], "texture": "#0"}
			}
		},
		{
			"name": "turret",
			"from": [19.60863, 14.2, 10.58855],
			"to": [21.80863, 19.15, 12.78855],
			"rotation": {"angle": -45, "axis": "y", "origin": [19.05863, -5.05, 1.78855]},
			"faces": {
				"north": {"uv": [2.5, 2.125, 2.625, 2.40625], "texture": "#0"},
				"east": {"uv": [2.375, 2.125, 2.5, 2.40625], "texture": "#0"},
				"south": {"uv": [2.75, 2.125, 2.875, 2.40625], "texture": "#0"},
				"west": {"uv": [2.625, 2.125, 2.75, 2.40625], "texture": "#0"},
				"up": {"uv": [2.625, 2.125, 2.5, 2], "texture": "#0"},
				"down": {"uv": [2.75, 2, 2.625, 2.125], "texture": "#0"}
			}
		},
		{
			"name": "turret",
			"from": [3.325, 13.1, 10.6],
			"to": [12.675, 14.2, 13.9],
			"rotation": {"angle": 0, "axis": "y", "origin": [8, 1, 6.2]},
			"faces": {
				"north": {"uv": [3.4375, 1.28125, 3.96875, 1.34375], "texture": "#0"},
				"east": {"uv": [3.25, 1.28125, 3.4375, 1.34375], "texture": "#0"},
				"south": {"uv": [4.15625, 1.28125, 4.6875, 1.34375], "texture": "#0"},
				"west": {"uv": [3.96875, 1.28125, 4.15625, 1.34375], "texture": "#0"},
				"up": {"uv": [3.96875, 1.28125, 3.4375, 1.09375], "texture": "#0"},
				"down": {"uv": [4.5, 1.09375, 3.96875, 1.28125], "texture": "#0"}
			}
		},
		{
			"name": "turret",
			"from": [2.775, 18.5552, 11.626],
			"to": [13.225, 19.1052, 15.476],
			"rotation": {"angle": 0, "axis": "x", "origin": [8, 18.2802, 12.176]},
			"faces": {
				"north": {"uv": [0.21875, 1.40625, 0.8125, 1.4375], "texture": "#0"},
				"east": {"uv": [0, 1.40625, 0.21875, 1.4375], "texture": "#0"},
				"south": {"uv": [1.03125, 1.40625, 1.625, 1.4375], "texture": "#0"},
				"west": {"uv": [0.8125, 1.40625, 1.03125, 1.4375], "texture": "#0"},
				"up": {"uv": [0.8125, 1.40625, 0.21875, 1.1875], "texture": "#0"},
				"down": {"uv": [1.40625, 1.1875, 0.8125, 1.40625], "texture": "#0"}
			}
		},
		{
			"name": "tracks",
			"from": [14.875, 1.06997, -9.65458],
			"to": [18.175, 1.61997, -5.65458],
			"rotation": {"angle": 22.5, "axis": "x", "origin": [16.525, 1.34497, -6.07958]},
			"faces": {
				"north": {"uv": [3.375, 3.59375, 3.1875, 3.625], "texture": "#0"},
				"east": {"uv": [3.59375, 3.59375, 3.375, 3.625], "texture": "#0"},
				"south": {"uv": [3.78125, 3.59375, 3.59375, 3.625], "texture": "#0"},
				"west": {"uv": [3.1875, 3.59375, 2.96875, 3.625], "texture": "#0"},
				"up": {"uv": [3.1875, 3.59375, 3.375, 3.375], "texture": "#0"},
				"down": {"uv": [3.375, 3.375, 3.5625, 3.59375], "texture": "#0"}
			}
		},
		{
			"name": "tracks",
			"from": [14.875, 1.78778, 21.30342],
			"to": [18.175, 2.33778, 26.10342],
			"rotation": {"angle": -22.5, "axis": "x", "origin": [16.525, 2.06278, 23.22842]},
			"faces": {
				"north": {"uv": [3.5625, 3.34375, 3.375, 3.375], "texture": "#0"},
				"east": {"uv": [3.8125, 3.34375, 3.5625, 3.375], "texture": "#0"},
				"south": {"uv": [4, 3.34375, 3.8125, 3.375], "texture": "#0"},
				"west": {"uv": [3.375, 3.34375, 3.125, 3.375], "texture": "#0"},
				"up": {"uv": [3.375, 3.34375, 3.5625, 3.09375], "texture": "#0"},
				"down": {"uv": [3.5625, 3.09375, 3.75, 3.34375], "texture": "#0"}
			}
		},
		{
			"name": "tracks",
			"from": [14.875, 3, -9.74063],
			"to": [18.175, 6.4, -9.19063],
			"rotation": {"angle": 0, "axis": "x", "origin": [16.525, 4.09936, -9.46563]},
			"faces": {
				"north": {"uv": [0.65625, 4.6875, 0.46875, 4.9375], "texture": "#0"},
				"east": {"uv": [0.6875, 4.6875, 0.65625, 4.9375], "texture": "#0"},
				"south": {"uv": [0.875, 4.6875, 0.6875, 4.9375], "texture": "#0"},
				"west": {"uv": [0.46875, 4.6875, 0.4375, 4.9375], "texture": "#0"},
				"up": {"uv": [0.46875, 4.6875, 0.65625, 4.65625], "texture": "#0"},
				"down": {"uv": [0.65625, 4.65625, 0.84375, 4.6875], "texture": "#0"}
			}
		},
		{
			"name": "tracks",
			"from": [14.875, 3.2, 25.4],
			"to": [18.175, 6.5, 25.95],
			"rotation": {"angle": 0, "axis": "x", "origin": [16.525, 4.24414, 27.71166]},
			"faces": {
				"north": {"uv": [2.5625, 3.78125, 2.75, 3.59375], "rotation": 180, "texture": "#0"},
				"east": {"uv": [2.9375, 3.78125, 2.75, 3.8125], "rotation": 90, "texture": "#0"},
				"south": {"uv": [2.75, 3.59375, 2.9375, 3.78125], "texture": "#0"},
				"west": {"uv": [2.5625, 3.78125, 2.375, 3.8125], "rotation": 270, "texture": "#0"},
				"up": {"uv": [3.125, 3.78125, 2.9375, 3.8125], "texture": "#0"},
				"down": {"uv": [2.75, 3.78125, 2.5625, 3.8125], "rotation": 180, "texture": "#0"}
			}
		},
		{
			"name": "tracks",
			"from": [14.875, 5.9546, 25.36878],
			"to": [18.175, 6.5046, 25.91878],
			"rotation": {"angle": -22.5, "axis": "x", "origin": [-1.9, 6.2296, 25.64378]},
			"faces": {
				"north": {"uv": [1.40625, 1.125, 1.21875, 1.15625], "texture": "#0"},
				"east": {"uv": [1.4375, 1.125, 1.40625, 1.15625], "texture": "#0"},
				"south": {"uv": [1.625, 1.125, 1.4375, 1.15625], "texture": "#0"},
				"west": {"uv": [1.21875, 1.125, 1.1875, 1.15625], "texture": "#0"},
				"up": {"uv": [1.21875, 1.125, 1.40625, 1.09375], "texture": "#0"},
				"down": {"uv": [1.40625, 1.09375, 1.59375, 1.125], "texture": "#0"}
			}
		},
		{
			"name": "tracks",
			"from": [14.875, 1, -5.9],
			"to": [18.175, 1.55, 21.6],
			"rotation": {"angle": 0, "axis": "y", "origin": [8, 1, 6.2]},
			"faces": {
				"north": {"uv": [6.1875, 5.65625, 6, 5.6875], "texture": "#0"},
				"east": {"uv": [7.75, 5.65625, 6.1875, 5.6875], "texture": "#0"},
				"south": {"uv": [7.9375, 5.65625, 7.75, 5.6875], "texture": "#0"},
				"west": {"uv": [6, 5.65625, 4.4375, 5.6875], "texture": "#0"},
				"up": {"uv": [6, 5.65625, 6.1875, 4.09375], "texture": "#0"},
				"down": {"uv": [6.1875, 4.09375, 6.375, 5.65625], "texture": "#0"}
			}
		},
		{
			"name": "tracks",
			"from": [14.875, 6.03891, -9.40739],
			"to": [18.175, 6.58891, 25.79261],
			"rotation": {"angle": 0, "axis": "y", "origin": [8, 1, 6.2]},
			"faces": {
				"north": {"uv": [4.5625, 4.03125, 4.375, 4.0625], "texture": "#0"},
				"east": {"uv": [6.5625, 4.03125, 4.5625, 4.0625], "texture": "#0"},
				"south": {"uv": [6.75, 4.03125, 6.5625, 4.0625], "texture": "#0"},
				"west": {"uv": [4.375, 4.03125, 2.375, 4.0625], "texture": "#0"},
				"up": {"uv": [4.375, 4.03125, 4.5625, 2.03125], "texture": "#0"},
				"down": {"uv": [4.5625, 2.03125, 4.75, 4.03125], "texture": "#0"}
			}
		},
		{
			"name": "tracks",
			"from": [-2.175, 6.03891, -9.40739],
			"to": [1.125, 6.58891, 25.79261],
			"rotation": {"angle": 0, "axis": "y", "origin": [8, 1, 6.2]},
			"faces": {
				"north": {"uv": [4.375, 4.03125, 4.5625, 4.0625], "texture": "#0"},
				"east": {"uv": [2.375, 4.03125, 4.375, 4.0625], "texture": "#0"},
				"south": {"uv": [6.5625, 4.03125, 6.75, 4.0625], "texture": "#0"},
				"west": {"uv": [4.5625, 4.03125, 6.5625, 4.0625], "texture": "#0"},
				"up": {"uv": [4.5625, 4.03125, 4.375, 2.03125], "texture": "#0"},
				"down": {"uv": [4.75, 2.03125, 4.5625, 4.03125], "texture": "#0"}
			}
		},
		{
			"name": "tracks",
			"from": [-2.175, 3, -9.74063],
			"to": [1.125, 6.4, -9.19063],
			"rotation": {"angle": 0, "axis": "x", "origin": [-0.525, 4.09936, -9.46563]},
			"faces": {
				"north": {"uv": [0.46875, 4.6875, 0.65625, 4.9375], "texture": "#0"},
				"east": {"uv": [0.4375, 4.6875, 0.46875, 4.9375], "texture": "#0"},
				"south": {"uv": [0.6875, 4.6875, 0.875, 4.9375], "texture": "#0"},
				"west": {"uv": [0.65625, 4.6875, 0.6875, 4.9375], "texture": "#0"},
				"up": {"uv": [0.65625, 4.6875, 0.46875, 4.65625], "texture": "#0"},
				"down": {"uv": [0.84375, 4.65625, 0.65625, 4.6875], "texture": "#0"}
			}
		},
		{
			"name": "tracks",
			"from": [-2.175, 1.06997, -9.65458],
			"to": [1.125, 1.61997, -5.65458],
			"rotation": {"angle": 22.5, "axis": "x", "origin": [-0.525, 1.34497, -6.07958]},
			"faces": {
				"north": {"uv": [3.1875, 3.59375, 3.375, 3.625], "texture": "#0"},
				"east": {"uv": [2.96875, 3.59375, 3.1875, 3.625], "texture": "#0"},
				"south": {"uv": [3.59375, 3.59375, 3.78125, 3.625], "texture": "#0"},
				"west": {"uv": [3.375, 3.59375, 3.59375, 3.625], "texture": "#0"},
				"up": {"uv": [3.375, 3.59375, 3.1875, 3.375], "texture": "#0"},
				"down": {"uv": [3.5625, 3.375, 3.375, 3.59375], "texture": "#0"}
			}
		},
		{
			"name": "tracks",
			"from": [-2.175, 1, -5.9],
			"to": [1.125, 1.55, 21.6],
			"rotation": {"angle": 0, "axis": "y", "origin": [8, 1, 6.2]},
			"faces": {
				"north": {"uv": [6, 5.65625, 6.1875, 5.6875], "texture": "#0"},
				"east": {"uv": [4.4375, 5.65625, 6, 5.6875], "texture": "#0"},
				"south": {"uv": [7.75, 5.65625, 7.9375, 5.6875], "texture": "#0"},
				"west": {"uv": [6.1875, 5.65625, 7.75, 5.6875], "texture": "#0"},
				"up": {"uv": [6.1875, 5.65625, 6, 4.09375], "texture": "#0"},
				"down": {"uv": [6.375, 4.09375, 6.1875, 5.65625], "texture": "#0"}
			}
		},
		{
			"name": "tracks",
			"from": [-2.175, 3.14978, 25.88102],
			"to": [1.125, 6.44978, 26.43102],
			"rotation": {"angle": 0, "axis": "x", "origin": [-0.525, 5.79978, 26.15602]},
			"faces": {
				"north": {"uv": [2.75, 3.78125, 2.5625, 3.59375], "rotation": 180, "texture": "#0"},
				"east": {"uv": [2.375, 3.78125, 2.5625, 3.8125], "rotation": 90, "texture": "#0"},
				"south": {"uv": [2.9375, 3.59375, 2.75, 3.78125], "texture": "#0"},
				"west": {"uv": [2.75, 3.78125, 2.9375, 3.8125], "rotation": 270, "texture": "#0"},
				"up": {"uv": [2.9375, 3.78125, 3.125, 3.8125], "texture": "#0"},
				"down": {"uv": [2.5625, 3.78125, 2.75, 3.8125], "rotation": 180, "texture": "#0"}
			}
		},
		{
			"name": "tracks",
			"from": [-2.175, 1.78778, 21.30342],
			"to": [1.125, 2.33778, 26.10342],
			"rotation": {"angle": -22.5, "axis": "x", "origin": [-0.525, 2.06278, 23.22842]},
			"faces": {
				"north": {"uv": [3.375, 3.34375, 3.5625, 3.375], "texture": "#0"},
				"east": {"uv": [3.125, 3.34375, 3.375, 3.375], "texture": "#0"},
				"south": {"uv": [3.8125, 3.34375, 4, 3.375], "texture": "#0"},
				"west": {"uv": [3.5625, 3.34375, 3.8125, 3.375], "texture": "#0"},
				"up": {"uv": [3.5625, 3.34375, 3.375, 3.09375], "texture": "#0"},
				"down": {"uv": [3.75, 3.09375, 3.5625, 3.34375], "texture": "#0"}
			}
		},
		{
			"name": "tracks",
			"from": [-2.175, 5.9546, 25.36878],
			"to": [1.125, 6.5046, 25.91878],
			"rotation": {"angle": -22.5, "axis": "x", "origin": [17.9, 6.2296, 25.64378]},
			"faces": {
				"north": {"uv": [1.21875, 1.125, 1.40625, 1.15625], "texture": "#0"},
				"east": {"uv": [1.1875, 1.125, 1.21875, 1.15625], "texture": "#0"},
				"south": {"uv": [1.4375, 1.125, 1.625, 1.15625], "texture": "#0"},
				"west": {"uv": [1.40625, 1.125, 1.4375, 1.15625], "texture": "#0"},
				"up": {"uv": [1.40625, 1.125, 1.21875, 1.09375], "texture": "#0"},
				"down": {"uv": [1.59375, 1.09375, 1.40625, 1.125], "texture": "#0"}
			}
		},
		{
			"name": "wheel0",
			"from": [-1.625, 2.58123, -8.87624],
			"to": [1.675, 5.88123, -5.57624],
			"rotation": {"angle": 0, "axis": "y", "origin": [8, 1, 6.2]},
			"faces": {
				"north": {"uv": [3.4375, 0.5625, 3.625, 0.75], "texture": "#0"},
				"east": {"uv": [3.25, 0.5625, 3.4375, 0.75], "texture": "#0"},
				"south": {"uv": [3.8125, 0.5625, 4, 0.75], "texture": "#0"},
				"west": {"uv": [3.625, 0.5625, 3.8125, 0.75], "texture": "#0"},
				"up": {"uv": [3.625, 0.5625, 3.4375, 0.375], "texture": "#0"},
				"down": {"uv": [3.8125, 0.375, 3.625, 0.5625], "texture": "#0"}
			}
		},
		{
			"name": "wheel1",
			"from": [-1.625, 1.55, -4.25],
			"to": [0.575, 4.3, -1.5],
			"rotation": {"angle": 0, "axis": "y", "origin": [8, 1, 6.2]},
			"faces": {
				"north": {"uv": [0.15625, 4.1875, 0.28125, 4.34375], "texture": "#0"},
				"east": {"uv": [0, 4.1875, 0.15625, 4.34375], "texture": "#0"},
				"south": {"uv": [0.4375, 4.1875, 0.5625, 4.34375], "texture": "#0"},
				"west": {"uv": [0.28125, 4.1875, 0.4375, 4.34375], "texture": "#0"},
				"up": {"uv": [0.28125, 4.1875, 0.15625, 4.03125], "texture": "#0"},
				"down": {"uv": [0.40625, 4.03125, 0.28125, 4.1875], "texture": "#0"}
			}
		},
		{
			"name": "wheel2",
			"from": [-1.625, 1.55, -0.4],
			"to": [0.575, 4.3, 2.35],
			"rotation": {"angle": 0, "axis": "y", "origin": [8, 1, 6.2]},
			"faces": {
				"north": {"uv": [4.0625, 1.625, 4.1875, 1.78125], "texture": "#0"},
				"east": {"uv": [3.90625, 1.625, 4.0625, 1.78125], "texture": "#0"},
				"south": {"uv": [4.34375, 1.625, 4.46875, 1.78125], "texture": "#0"},
				"west": {"uv": [4.1875, 1.625, 4.34375, 1.78125], "texture": "#0"},
				"up": {"uv": [4.1875, 1.625, 4.0625, 1.46875], "texture": "#0"},
				"down": {"uv": [4.3125, 1.46875, 4.1875, 1.625], "texture": "#0"}
			}
		},
		{
			"name": "wheel3",
			"from": [-1.625, 1.55, 4.55],
			"to": [0.575, 4.3, 7.3],
			"rotation": {"angle": 0, "axis": "y", "origin": [8, 1, 6.2]},
			"faces": {
				"north": {"uv": [3.875, 2.6875, 4, 2.84375], "texture": "#0"},
				"east": {"uv": [3.71875, 2.6875, 3.875, 2.84375], "texture": "#0"},
				"south": {"uv": [4.15625, 2.6875, 4.28125, 2.84375], "texture": "#0"},
				"west": {"uv": [4, 2.6875, 4.15625, 2.84375], "texture": "#0"},
				"up": {"uv": [4, 2.6875, 3.875, 2.53125], "texture": "#0"},
				"down": {"uv": [4.125, 2.53125, 4, 2.6875], "texture": "#0"}
			}
		},
		{
			"name": "wheel4",
			"from": [-1.625, 1.55, 8.4],
			"to": [0.575, 4.3, 11.15],
			"rotation": {"angle": 0, "axis": "y", "origin": [8, 1, 6.2]},
			"faces": {
				"north": {"uv": [3.84375, 3.75, 3.96875, 3.90625], "texture": "#0"},
				"east": {"uv": [3.6875, 3.75, 3.84375, 3.90625], "texture": "#0"},
				"south": {"uv": [4.125, 3.75, 4.25, 3.90625], "texture": "#0"},
				"west": {"uv": [3.96875, 3.75, 4.125, 3.90625], "texture": "#0"},
				"up": {"uv": [3.96875, 3.75, 3.84375, 3.59375], "texture": "#0"},
				"down": {"uv": [4.09375, 3.59375, 3.96875, 3.75], "texture": "#0"}
			}
		},
		{
			"name": "wheel5",
			"from": [-1.625, 1.55, 13.35],
			"to": [0.575, 4.3, 16.1],
			"rotation": {"angle": 0, "axis": "y", "origin": [8, 1, 6.2]},
			"faces": {
				"north": {"uv": [3.28125, 3.78125, 3.40625, 3.9375], "texture": "#0"},
				"east": {"uv": [3.125, 3.78125, 3.28125, 3.9375], "texture": "#0"},
				"south": {"uv": [3.5625, 3.78125, 3.6875, 3.9375], "texture": "#0"},
				"west": {"uv": [3.40625, 3.78125, 3.5625, 3.9375], "texture": "#0"},
				"up": {"uv": [3.40625, 3.78125, 3.28125, 3.625], "texture": "#0"},
				"down": {"uv": [3.53125, 3.625, 3.40625, 3.78125], "texture": "#0"}
			}
		},
		{
			"name": "wheel6",
			"from": [-1.625, 1.55, 17.2],
			"to": [0.575, 4.3, 19.95],
			"rotation": {"angle": 0, "axis": "y", "origin": [8, 1, 6.2]},
			"faces": {
				"north": {"uv": [1.34375, 0.9375, 1.46875, 1.09375], "texture": "#0"},
				"east": {"uv": [1.1875, 0.9375, 1.34375, 1.09375], "texture": "#0"},
				"south": {"uv": [1.625, 0.9375, 1.75, 1.09375], "texture": "#0"},
				"west": {"uv": [1.46875, 0.9375, 1.625, 1.09375], "texture": "#0"},
				"up": {"uv": [1.46875, 0.9375, 1.34375, 0.78125], "texture": "#0"},
				"down": {"uv": [1.59375, 0.78125, 1.46875, 0.9375], "texture": "#0"}
			}
		},
		{
			"name": "wheel7",
			"from": [-1.625, 3.2, 22.15],
			"to": [1.675, 5.95, 24.9],
			"rotation": {"angle": 0, "axis": "y", "origin": [8, 1, 6.2]},
			"faces": {
				"north": {"uv": [0.84375, 3.71875, 1.03125, 3.875], "texture": "#0"},
				"east": {"uv": [0.6875, 3.71875, 0.84375, 3.875], "texture": "#0"},
				"south": {"uv": [1.1875, 3.71875, 1.375, 3.875], "texture": "#0"},
				"west": {"uv": [1.03125, 3.71875, 1.1875, 3.875], "texture": "#0"},
				"up": {"uv": [1.03125, 3.71875, 0.84375, 3.5625], "texture": "#0"},
				"down": {"uv": [1.21875, 3.5625, 1.03125, 3.71875], "texture": "#0"}
			}
		},
		{
			"name": "wheel8",
			"from": [14.325, 2.59984, -8.86995],
			"to": [17.625, 5.89984, -5.56995],
			"rotation": {"angle": 0, "axis": "y", "origin": [8, 1, 6.2]},
			"faces": {
				"north": {"uv": [3.4375, 0.1875, 3.625, 0.375], "texture": "#0"},
				"east": {"uv": [3.25, 0.1875, 3.4375, 0.375], "texture": "#0"},
				"south": {"uv": [3.8125, 0.1875, 4, 0.375], "texture": "#0"},
				"west": {"uv": [3.625, 0.1875, 3.8125, 0.375], "texture": "#0"},
				"up": {"uv": [3.625, 0.1875, 3.4375, 0], "texture": "#0"},
				"down": {"uv": [3.8125, 0, 3.625, 0.1875], "texture": "#0"}
			}
		},
		{
			"name": "wheel9",
			"from": [15.425, 1.55, -4.25],
			"to": [17.625, 4.3, -1.5],
			"rotation": {"angle": 0, "axis": "y", "origin": [8, 1, 6.2]},
			"faces": {
				"north": {"uv": [3.34375, 4.21875, 3.46875, 4.375], "texture": "#0"},
				"east": {"uv": [3.1875, 4.21875, 3.34375, 4.375], "texture": "#0"},
				"south": {"uv": [3.625, 4.21875, 3.75, 4.375], "texture": "#0"},
				"west": {"uv": [3.46875, 4.21875, 3.625, 4.375], "texture": "#0"},
				"up": {"uv": [3.46875, 4.21875, 3.34375, 4.0625], "texture": "#0"},
				"down": {"uv": [3.59375, 4.0625, 3.46875, 4.21875], "texture": "#0"}
			}
		},
		{
			"name": "wheel10",
			"from": [15.425, 1.55, -0.4],
			"to": [17.625, 4.3, 2.35],
			"rotation": {"angle": 0, "axis": "y", "origin": [8, 1, 6.2]},
			"faces": {
				"north": {"uv": [0.15625, 4.5, 0.28125, 4.65625], "texture": "#0"},
				"east": {"uv": [0, 4.5, 0.15625, 4.65625], "texture": "#0"},
				"south": {"uv": [0.4375, 4.5, 0.5625, 4.65625], "texture": "#0"},
				"west": {"uv": [0.28125, 4.5, 0.4375, 4.65625], "texture": "#0"},
				"up": {"uv": [0.28125, 4.5, 0.15625, 4.34375], "texture": "#0"},
				"down": {"uv": [0.40625, 4.34375, 0.28125, 4.5], "texture": "#0"}
			}
		},
		{
			"name": "wheel11",
			"from": [15.425, 1.55, 4.55],
			"to": [17.625, 4.3, 7.3],
			"rotation": {"angle": 0, "axis": "y", "origin": [8, 1, 6.2]},
			"faces": {
				"north": {"uv": [3.34375, 4.53125, 3.46875, 4.6875], "texture": "#0"},
				"east": {"uv": [3.1875, 4.53125, 3.34375, 4.6875], "texture": "#0"},
				"south": {"uv": [3.625, 4.53125, 3.75, 4.6875], "texture": "#0"},
				"west": {"uv": [3.46875, 4.53125, 3.625, 4.6875], "texture": "#0"},
				"up": {"uv": [3.46875, 4.53125, 3.34375, 4.375], "texture": "#0"},
				"down": {"uv": [3.59375, 4.375, 3.46875, 4.53125], "texture": "#0"}
			}
		},
		{
			"name": "wheel12",
			"from": [15.425, 1.55, 8.4],
			"to": [17.625, 4.3, 11.15],
			"rotation": {"angle": 0, "axis": "y", "origin": [8, 1, 6.2]},
			"faces": {
				"north": {"uv": [4.59375, 4.21875, 4.71875, 4.375], "texture": "#0"},
				"east": {"uv": [4.4375, 4.21875, 4.59375, 4.375], "texture": "#0"},
				"south": {"uv": [4.875, 4.21875, 5, 4.375], "texture": "#0"},
				"west": {"uv": [4.71875, 4.21875, 4.875, 4.375], "texture": "#0"},
				"up": {"uv": [4.71875, 4.21875, 4.59375, 4.0625], "texture": "#0"},
				"down": {"uv": [4.84375, 4.0625, 4.71875, 4.21875], "texture": "#0"}
			}
		},
		{
			"name": "wheel13",
			"from": [15.425, 1.55, 13.35],
			"to": [17.625, 4.3, 16.1],
			"rotation": {"angle": 0, "axis": "y", "origin": [8, 1, 6.2]},
			"faces": {
				"north": {"uv": [4.59375, 4.53125, 4.71875, 4.6875], "texture": "#0"},
				"east": {"uv": [4.4375, 4.53125, 4.59375, 4.6875], "texture": "#0"},
				"south": {"uv": [4.875, 4.53125, 5, 4.6875], "texture": "#0"},
				"west": {"uv": [4.71875, 4.53125, 4.875, 4.6875], "texture": "#0"},
				"up": {"uv": [4.71875, 4.53125, 4.59375, 4.375], "texture": "#0"},
				"down": {"uv": [4.84375, 4.375, 4.71875, 4.53125], "texture": "#0"}
			}
		},
		{
			"name": "wheel14",
			"from": [15.425, 1.55, 17.2],
			"to": [17.625, 4.3, 19.95],
			"rotation": {"angle": 0, "axis": "y", "origin": [8, 1, 6.2]},
			"faces": {
				"north": {"uv": [4.625, 1.5, 4.75, 1.65625], "texture": "#0"},
				"east": {"uv": [4.46875, 1.5, 4.625, 1.65625], "texture": "#0"},
				"south": {"uv": [4.90625, 1.5, 5.03125, 1.65625], "texture": "#0"},
				"west": {"uv": [4.75, 1.5, 4.90625, 1.65625], "texture": "#0"},
				"up": {"uv": [4.75, 1.5, 4.625, 1.34375], "texture": "#0"},
				"down": {"uv": [4.875, 1.34375, 4.75, 1.5], "texture": "#0"}
			}
		},
		{
			"name": "wheel15",
			"from": [14.325, 3.2, 22.15],
			"to": [17.625, 5.95, 24.9],
			"rotation": {"angle": 0, "axis": "y", "origin": [8, 1, 6.2]},
			"faces": {
				"north": {"uv": [0.15625, 3.71875, 0.34375, 3.875], "texture": "#0"},
				"east": {"uv": [0, 3.71875, 0.15625, 3.875], "texture": "#0"},
				"south": {"uv": [0.5, 3.71875, 0.6875, 3.875], "texture": "#0"},
				"west": {"uv": [0.34375, 3.71875, 0.5, 3.875], "texture": "#0"},
				"up": {"uv": [0.34375, 3.71875, 0.15625, 3.5625], "texture": "#0"},
				"down": {"uv": [0.53125, 3.5625, 0.34375, 3.71875], "texture": "#0"}
			}
		}
	],
	"display": {
		"head": {
			"rotation": [0, -1, 0],
			"translation": [0, -13.75, 0],
			"scale": [4, 4, 4]
		}
	},
	"groups": [
		{
			"name": "sherman",
			"origin": [8, -10, 4],
			"color": 0,
			"children": [
				{
					"name": "hull",
					"origin": [8, -1, 5.8],
					"color": 1,
					"children": [0, 1, 2, 3, 4, 5, 6, 7, 8, 9, 10, 11, 12, 13, 14, 15, 16, 17, 18, 19, 20, 21, 22, 23]
				},
				{
					"name": "turret",
					"origin": [7.99986, 26.33359, 6.86081],
					"color": 2,
					"children": [24, 25, 26, 27, 28, 29, 30, 31, 32, 33, 34, 35, 36, 37, 38, 39, 40]
				},
				{
					"name": "tracks",
					"origin": [8, 2.3, 5.8],
					"color": 3,
					"children": [41, 42, 43, 44, 45, 46, 47, 48, 49, 50, 51, 52, 53, 54]
				},
				{
					"name": "wheels",
					"origin": [8, 2.3, 5.8],
					"color": 4,
					"children": [
						{
							"name": "wheel0",
							"origin": [0.025, 13.23123, -5.42624],
							"color": 5,
							"children": [55]
						},
						{
							"name": "wheel1",
							"origin": [-0.525, 11.925, -1.075],
							"color": 6,
							"children": [56]
						},
						{
							"name": "wheel2",
							"origin": [-0.525, 11.925, 2.775],
							"color": 7,
							"children": [57]
						},
						{
							"name": "wheel3",
							"origin": [-0.525, 11.925, 7.725],
							"color": 8,
							"children": [58]
						},
						{
							"name": "wheel4",
							"origin": [-0.525, 11.925, 11.575],
							"color": 9,
							"children": [59]
						},
						{
							"name": "wheel5",
							"origin": [-0.525, 11.925, 16.525],
							"color": 0,
							"children": [60]
						},
						{
							"name": "wheel6",
							"origin": [-0.525, 11.925, 20.375],
							"color": 1,
							"children": [61]
						},
						{
							"name": "wheel7",
							"origin": [0.025, 13.575, 25.325],
							"color": 2,
							"children": [62]
						},
						{
							"name": "wheel8",
							"origin": [15.975, 13.24984, -5.41994],
							"color": 3,
							"children": [63]
						},
						{
							"name": "wheel9",
							"origin": [16.525, 11.925, -1.075],
							"color": 4,
							"children": [64]
						},
						{
							"name": "wheel10",
							"origin": [16.525, 11.925, 2.775],
							"color": 5,
							"children": [65]
						},
						{
							"name": "wheel11",
							"origin": [16.525, 11.925, 7.725],
							"color": 6,
							"children": [66]
						},
						{
							"name": "wheel12",
							"origin": [16.525, 11.925, 11.575],
							"color": 7,
							"children": [67]
						},
						{
							"name": "wheel13",
							"origin": [16.525, 11.925, 16.525],
							"color": 8,
							"children": [68]
						},
						{
							"name": "wheel14",
							"origin": [16.525, 11.925, 20.375],
							"color": 9,
							"children": [69]
						},
						{
							"name": "wheel15",
							"origin": [15.975, 13.575, 25.325],
							"color": 0,
							"children": [70]
						}
					]
				}
			]
		}
	]
}