{
	"credit": "Made with Blockbench",
	"textures": {
		"0": "items/t34"
	},
	"elements": [
		{
			"name": "turret",
			"from": [2.61072, 13.3934, 1.9589],
			"to": [3.92052, 19.5058, 8.5079],
			"rotation": {"angle": -22.5, "axis": "y", "origin": [3.48392, 16.4496, 4.7968]},
			"faces": {
				"north": {"uv": [5, 4, 5.09375, 4.4375], "texture": "#0"},
				"east": {"uv": [4.53125, 4, 5, 4.4375], "texture": "#0"},
				"south": {"uv": [5.5625, 4, 5.65625, 4.4375], "texture": "#0"},
				"west": {"uv": [5.09375, 4, 5.5625, 4.4375], "texture": "#0"},
				"up": {"uv": [5.09375, 4, 5, 3.53125], "texture": "#0"},
				"down": {"uv": [5.1875, 3.53125, 5.09375, 4], "texture": "#0"}
			}
		},
		{
			"name": "turret",
			"from": [3.4157, 12.5202, 2.7046],
			"to": [13.0209, 13.6117, 12.3098],
			"rotation": {"angle": 0, "axis": "y", "origin": [8, 0.2954, 11]},
			"faces": {
				"north": {"uv": [0.6875, 5.9375, 1.375, 6], "texture": "#0"},
				"east": {"uv": [0, 5.9375, 0.6875, 6], "texture": "#0"},
				"south": {"uv": [2.0625, 5.9375, 2.75, 6], "texture": "#0"},
				"west": {"uv": [1.375, 5.9375, 2.0625, 6], "texture": "#0"},
				"up": {"uv": [1.375, 5.9375, 0.6875, 5.25], "texture": "#0"},
				"down": {"uv": [2.0625, 5.25, 1.375, 5.9375], "texture": "#0"}
			}
		},
		{
			"name": "turret",
			"from": [3.634, 13.3261, 1.29075],
			"to": [12.8026, 19.4385, 3.03715],
			"rotation": {"angle": 0, "axis": "x", "origin": [8.2183, 16.3823, 3.25545]},
			"faces": {
				"north": {"uv": [0.125, 1.75, 0.78125, 2.1875], "texture": "#0"},
				"east": {"uv": [0, 1.75, 0.125, 2.1875], "texture": "#0"},
				"south": {"uv": [0.90625, 1.75, 1.5625, 2.1875], "texture": "#0"},
				"west": {"uv": [0.78125, 1.75, 0.90625, 2.1875], "texture": "#0"},
				"up": {"uv": [0.78125, 1.75, 0.125, 1.625], "texture": "#0"},
				"down": {"uv": [1.4375, 1.625, 0.78125, 1.75], "texture": "#0"}
			}
		},
		{
			"name": "turret",
			"from": [5.817, 12.9568, 0.5216],
			"to": [10.6196, 14.2666, 2.7046],
			"rotation": {"angle": 0, "axis": "y", "origin": [8, 0.2954, 11]},
			"faces": {
				"north": {"uv": [0.15625, 2.34375, 0.5, 2.4375], "texture": "#0"},
				"east": {"uv": [0, 2.34375, 0.15625, 2.4375], "texture": "#0"},
				"south": {"uv": [0.65625, 2.34375, 1, 2.4375], "texture": "#0"},
				"west": {"uv": [0.5, 2.34375, 0.65625, 2.4375], "texture": "#0"},
				"up": {"uv": [0.5, 2.34375, 0.15625, 2.1875], "texture": "#0"},
				"down": {"uv": [0.84375, 2.1875, 0.5, 2.34375], "texture": "#0"}
			}
		},
		{
			"name": "turret",
			"from": [4.9438, 14.2666, -0.7882],
			"to": [11.4928, 19.0692, 1.8314],
			"rotation": {"angle": 0, "axis": "y", "origin": [8, 0.2954, 11]},
			"faces": {
				"north": {"uv": [4.84375, 6.65625, 5.3125, 7], "texture": "#0"},
				"east": {"uv": [4.65625, 6.65625, 4.84375, 7], "texture": "#0"},
				"south": {"uv": [5.5, 6.65625, 5.96875, 7], "texture": "#0"},
				"west": {"uv": [5.3125, 6.65625, 5.5, 7], "texture": "#0"},
				"up": {"uv": [5.3125, 6.65625, 4.84375, 6.46875], "texture": "#0"},
				"down": {"uv": [5.78125, 6.46875, 5.3125, 6.65625], "texture": "#0"}
			}
		},
		{
			"name": "turret",
			"from": [6.6902, 16.4496, -2.79656],
			"to": [9.7464, 18.196, -0.7882],
			"rotation": {"angle": 0, "axis": "y", "origin": [8, 0.2954, 11]},
			"faces": {
				"north": {"uv": [2.1875, 5.375, 2.40625, 5.5], "texture": "#0"},
				"east": {"uv": [2.0625, 5.375, 2.1875, 5.5], "texture": "#0"},
				"south": {"uv": [2.53125, 5.375, 2.75, 5.5], "texture": "#0"},
				"west": {"uv": [2.40625, 5.375, 2.53125, 5.5], "texture": "#0"},
				"up": {"uv": [2.40625, 5.375, 2.1875, 5.25], "texture": "#0"},
				"down": {"uv": [2.625, 5.25, 2.40625, 5.375], "texture": "#0"}
			}
		},
		{
			"name": "turret",
			"from": [6.6902, 16.31986, -3.57615],
			"to": [9.7464, 17.19306, -1.39315],
			"rotation": {"angle": -45, "axis": "x", "origin": [8.2183, 16.53816, -2.92125]},
			"faces": {
				"north": {"uv": [2.1875, 6.5625, 2.40625, 6.625], "texture": "#0"},
				"east": {"uv": [2.03125, 6.5625, 2.1875, 6.625], "texture": "#0"},
				"south": {"uv": [2.5625, 6.5625, 2.78125, 6.625], "texture": "#0"},
				"west": {"uv": [2.40625, 6.5625, 2.5625, 6.625], "texture": "#0"},
				"up": {"uv": [2.40625, 6.5625, 2.1875, 6.40625], "texture": "#0"},
				"down": {"uv": [2.625, 6.40625, 2.40625, 6.5625], "texture": "#0"}
			}
		},
		{
			"name": "turret",
			"from": [6.6902, 15.1398, -3.8444],
			"to": [9.7464, 16.4496, -0.7882],
			"rotation": {"angle": 0, "axis": "y", "origin": [8, 0.2954, 11]},
			"faces": {
				"north": {"uv": [5.6875, 0.21875, 5.90625, 0.3125], "texture": "#0"},
				"east": {"uv": [5.46875, 0.21875, 5.6875, 0.3125], "texture": "#0"},
				"south": {"uv": [6.125, 0.21875, 6.34375, 0.3125], "texture": "#0"},
				"west": {"uv": [5.90625, 0.21875, 6.125, 0.3125], "texture": "#0"},
				"up": {"uv": [5.90625, 0.21875, 5.6875, 0], "texture": "#0"},
				"down": {"uv": [6.125, 0, 5.90625, 0.21875], "texture": "#0"}
			}
		},
		{
			"name": "turret",
			"from": [7.5634, 16.2313, -15.28332],
			"to": [8.8732, 17.5411, -2.79656],
			"rotation": {"angle": 0, "axis": "y", "origin": [8, 0.2954, 11]},
			"faces": {
				"north": {"uv": [0.875, 0.875, 0.96875, 0.96875], "texture": "#0"},
				"east": {"uv": [0, 0.875, 0.875, 0.96875], "texture": "#0"},
				"south": {"uv": [1.84375, 0.875, 1.9375, 0.96875], "texture": "#0"},
				"west": {"uv": [0.96875, 0.875, 1.84375, 0.96875], "texture": "#0"},
				"up": {"uv": [0.96875, 0.875, 0.875, 0], "texture": "#0"},
				"down": {"uv": [1.0625, 0, 0.96875, 0.875], "texture": "#0"}
			}
		},
		{
			"name": "turret",
			"from": [3.634, 13.3934, 3.1412],
			"to": [12.8026, 19.5058, 14.0562],
			"rotation": {"angle": 0, "axis": "y", "origin": [8, 0.2954, 11]},
			"faces": {
				"north": {"uv": [10.75, 7.21875, 11.40625, 7.65625], "texture": "#0"},
				"east": {"uv": [9.96875, 7.21875, 10.75, 7.65625], "texture": "#0"},
				"south": {"uv": [12.1875, 7.21875, 12.84375, 7.65625], "texture": "#0"},
				"west": {"uv": [11.40625, 7.21875, 12.1875, 7.65625], "texture": "#0"},
				"up": {"uv": [11.40625, 7.21875, 10.75, 6.4375], "texture": "#0"},
				"down": {"uv": [12.0625, 6.4375, 11.40625, 7.21875], "texture": "#0"}
			}
		},
		{
			"name": "turret",
			"from": [2.7608, 13.3934, 5.5425],
			"to": [4.0706, 19.5058, 10.3451],
			"rotation": {"angle": 0, "axis": "y", "origin": [8, 0.2954, 11]},
			"faces": {
				"north": {"uv": [4.65625, 7.34375, 4.75, 7.78125], "texture": "#0"},
				"east": {"uv": [4.3125, 7.34375, 4.65625, 7.78125], "texture": "#0"},
				"south": {"uv": [5.09375, 7.34375, 5.1875, 7.78125], "texture": "#0"},
				"west": {"uv": [4.75, 7.34375, 5.09375, 7.78125], "texture": "#0"},
				"up": {"uv": [4.75, 7.34375, 4.65625, 7], "texture": "#0"},
				"down": {"uv": [4.84375, 7, 4.75, 7.34375], "texture": "#0"}
			}
		},
		{
			"name": "turret",
			"from": [2.31207, 13.3934, 7.51565],
			"to": [3.62187, 19.5058, 14.06465],
			"rotation": {"angle": 22.5, "axis": "y", "origin": [3.18527, 16.4496, 10.35355]},
			"faces": {
				"north": {"uv": [5, 3.09375, 5.09375, 3.53125], "texture": "#0"},
				"east": {"uv": [4.53125, 3.09375, 5, 3.53125], "texture": "#0"},
				"south": {"uv": [5.5625, 3.09375, 5.65625, 3.53125], "texture": "#0"},
				"west": {"uv": [5.09375, 3.09375, 5.5625, 3.53125], "texture": "#0"},
				"up": {"uv": [5.09375, 3.09375, 5, 2.625], "texture": "#0"},
				"down": {"uv": [5.1875, 2.625, 5.09375, 3.09375], "texture": "#0"}
			}
		},
		{
			"name": "turret",
			"from": [5.3804, 19.5058, 5.3242],
			"to": [11.0562, 19.9424, 11],
			"rotation": {"angle": 0, "axis": "y", "origin": [8, 0.2954, 11]},
			"faces": {
				"north": {"uv": [0.40625, 4, 0.8125, 4.03125], "texture": "#0"},
				"east": {"uv": [0, 4, 0.40625, 4.03125], "texture": "#0"},
				"south": {"uv": [1.21875, 4, 1.625, 4.03125], "texture": "#0"},
				"west": {"uv": [0.8125, 4, 1.21875, 4.03125], "texture": "#0"},
				"up": {"uv": [0.8125, 4, 0.40625, 3.59375], "texture": "#0"},
				"down": {"uv": [1.21875, 3.59375, 0.8125, 4], "texture": "#0"}
			}
		},
		{
			"name": "turret",
			"from": [5.3804, 19.49608, 5.6951],
			"to": [11.0562, 19.93268, 11.3709],
			"rotation": {"angle": 0, "axis": "x", "origin": [8.2183, 20.58758, 13.7722]},
			"faces": {
				"north": {"uv": [0.40625, 3.5625, 0.8125, 3.59375], "texture": "#0"},
				"east": {"uv": [0, 3.5625, 0.40625, 3.59375], "texture": "#0"},
				"south": {"uv": [1.21875, 3.5625, 1.625, 3.59375], "texture": "#0"},
				"west": {"uv": [0.8125, 3.5625, 1.21875, 3.59375], "texture": "#0"},
				"up": {"uv": [0.8125, 3.5625, 0.40625, 3.15625], "texture": "#0"},
				"down": {"uv": [1.21875, 3.15625, 0.8125, 3.5625], "texture": "#0"}
			}
		},
		{
			"name": "turret",
			"from": [4.9438, 19.5058, 3.1412],
			"to": [5.817, 20.8156, 4.0144],
			"rotation": {"angle": 0, "axis": "y", "origin": [8, 0.2954, 11]},
			"faces": {
				"north": {"uv": [0.59375, 0.0625, 0.65625, 0.15625], "texture": "#0"},
				"east": {"uv": [0.53125, 0.0625, 0.59375, 0.15625], "texture": "#0"},
				"south": {"uv": [0.71875, 0.0625, 0.78125, 0.15625], "texture": "#0"},
				"west": {"uv": [0.65625, 0.0625, 0.71875, 0.15625], "texture": "#0"},
				"up": {"uv": [0.65625, 0.0625, 0.59375, 0], "texture": "#0"},
				"down": {"uv": [0.71875, 0, 0.65625, 0.0625], "texture": "#0"}
			}
		},
		{
			"name": "turret",
			"from": [12.48975, 13.3934, 1.80958],
			"to": [13.79955, 19.5058, 8.35858],
			"rotation": {"angle": 22.5, "axis": "y", "origin": [13.36295, 16.4496, 4.64748]},
			"faces": {
				"north": {"uv": [1.625, 4.03125, 1.71875, 4.46875], "texture": "#0"},
				"east": {"uv": [1.15625, 4.03125, 1.625, 4.46875], "texture": "#0"},
				"south": {"uv": [2.1875, 4.03125, 2.28125, 4.46875], "texture": "#0"},
				"west": {"uv": [1.71875, 4.03125, 2.1875, 4.46875], "texture": "#0"},
				"up": {"uv": [1.71875, 4.03125, 1.625, 3.5625], "texture": "#0"},
				"down": {"uv": [1.8125, 3.5625, 1.71875, 4.03125], "texture": "#0"}
			}
		},
		{
			"name": "turret",
			"from": [12.7884, 13.3934, 7.66498],
			"to": [14.0982, 19.5058, 14.21398],
			"rotation": {"angle": -22.5, "axis": "y", "origin": [13.6616, 16.4496, 10.50288]},
			"faces": {
				"north": {"uv": [0.46875, 4.5, 0.5625, 4.9375], "texture": "#0"},
				"east": {"uv": [0, 4.5, 0.46875, 4.9375], "texture": "#0"},
				"south": {"uv": [1.03125, 4.5, 1.125, 4.9375], "texture": "#0"},
				"west": {"uv": [0.5625, 4.5, 1.03125, 4.9375], "texture": "#0"},
				"up": {"uv": [0.5625, 4.5, 0.46875, 4.03125], "texture": "#0"},
				"down": {"uv": [0.65625, 4.03125, 0.5625, 4.5], "texture": "#0"}
			}
		},
		{
			"name": "turret",
			"from": [12.8026, 13.3934, 5.5425],
			"to": [14.1124, 19.5058, 10.3451],
			"rotation": {"angle": 0, "axis": "y", "origin": [8, 0.2954, 11]},
			"faces": {
				"north": {"uv": [0.34375, 0.34375, 0.4375, 0.78125], "texture": "#0"},
				"east": {"uv": [0, 0.34375, 0.34375, 0.78125], "texture": "#0"},
				"south": {"uv": [0.78125, 0.34375, 0.875, 0.78125], "texture": "#0"},
				"west": {"uv": [0.4375, 0.34375, 0.78125, 0.78125], "texture": "#0"},
				"up": {"uv": [0.4375, 0.34375, 0.34375, 0], "texture": "#0"},
				"down": {"uv": [0.53125, 0, 0.4375, 0.34375], "texture": "#0"}
			}
		},
		{
			"name": "turret",
			"from": [3.634, 13.7248, 12.85377],
			"to": [12.8026, 19.4006, 14.60017],
			"rotation": {"angle": 0, "axis": "x", "origin": [8.2183, 16.3444, 13.72697]},
			"faces": {
				"north": {"uv": [0.125, 2.75, 0.78125, 3.15625], "texture": "#0"},
				"east": {"uv": [0, 2.75, 0.125, 3.15625], "texture": "#0"},
				"south": {"uv": [0.90625, 2.75, 1.5625, 3.15625], "texture": "#0"},
				"west": {"uv": [0.78125, 2.75, 0.90625, 3.15625], "texture": "#0"},
				"up": {"uv": [0.78125, 2.75, 0.125, 2.625], "texture": "#0"},
				"down": {"uv": [1.4375, 2.625, 0.78125, 2.75], "texture": "#0"}
			}
		},
		{
			"name": "turret",
			"from": [3.634, 13.3934, 13.6196],
			"to": [12.8026, 14.2666, 15.06038],
			"rotation": {"angle": 0, "axis": "y", "origin": [8, 0.2954, 11]},
			"faces": {
				"north": {"uv": [4.71875, 2.34375, 5.375, 2.40625], "texture": "#0"},
				"east": {"uv": [4.625, 2.34375, 4.71875, 2.40625], "texture": "#0"},
				"south": {"uv": [5.46875, 2.34375, 6.125, 2.40625], "texture": "#0"},
				"west": {"uv": [5.375, 2.34375, 5.46875, 2.40625], "texture": "#0"},
				"up": {"uv": [5.375, 2.34375, 4.71875, 2.25], "texture": "#0"},
				"down": {"uv": [6.03125, 2.25, 5.375, 2.34375], "texture": "#0"}
			}
		},
		{
			"name": "tracks",
			"from": [16.2954, 2.69409, -8.98842],
			"to": [20.2248, 6.38336, -8.55182],
			"rotation": {"angle": 0, "axis": "y", "origin": [8, 0.2954, 11]},
			"faces": {
				"north": {"uv": [0.03125, 5.625, 0.3125, 5.875], "texture": "#0"},
				"east": {"uv": [0, 5.625, 0.03125, 5.875], "texture": "#0"},
				"south": {"uv": [0.34375, 5.625, 0.625, 5.875], "texture": "#0"},
				"west": {"uv": [0.3125, 5.625, 0.34375, 5.875], "texture": "#0"},
				"up": {"uv": [0.3125, 5.625, 0.03125, 5.59375], "texture": "#0"},
				"down": {"uv": [0.59375, 5.59375, 0.3125, 5.625], "texture": "#0"}
			}
		},
		{
			"name": "tracks",
			"from": [16.2954, 0.2954, -3.8444],
			"to": [20.2248, 0.732, 24.5346],
			"rotation": {"angle": 0, "axis": "y", "origin": [8, 0.2954, 11]},
			"faces": {
				"north": {"uv": [10.375, 10.21875, 10.65625, 10.25], "texture": "#0"},
				"east": {"uv": [8.34375, 10.21875, 10.375, 10.25], "texture": "#0"},
				"south": {"uv": [12.6875, 10.21875, 12.96875, 10.25], "texture": "#0"},
				"west": {"uv": [10.65625, 10.21875, 12.6875, 10.25], "texture": "#0"},
				"up": {"uv": [10.65625, 10.21875, 10.375, 8.1875], "texture": "#0"},
				"down": {"uv": [10.9375, 8.1875, 10.65625, 10.21875], "texture": "#0"}
			}
		},
		{
			"name": "tracks",
			"from": [16.2954, 1.56655, -9.1416],
			"to": [20.2248, 2.00315, -3.4658],
			"rotation": {"angle": 22.5, "axis": "x", "origin": [18.2601, 1.78485, -6.522]},
			"faces": {
				"north": {"uv": [7.15625, 5.84375, 7.4375, 5.875], "texture": "#0"},
				"east": {"uv": [6.75, 5.84375, 7.15625, 5.875], "texture": "#0"},
				"south": {"uv": [7.84375, 5.84375, 8.125, 5.875], "texture": "#0"},
				"west": {"uv": [7.4375, 5.84375, 7.84375, 5.875], "texture": "#0"},
				"up": {"uv": [7.4375, 5.84375, 7.15625, 5.4375], "texture": "#0"},
				"down": {"uv": [7.71875, 5.4375, 7.4375, 5.84375], "texture": "#0"}
			}
		},
		{
			"name": "tracks",
			"from": [16.2954, 7.281, -7.7738],
			"to": [20.2248, 7.7176, 29.3372],
			"rotation": {"angle": 0, "axis": "y", "origin": [8, 0.2954, 11]},
			"faces": {
				"north": {"uv": [9.40625, 8.125, 9.6875, 8.15625], "texture": "#0"},
				"east": {"uv": [6.75, 8.125, 9.40625, 8.15625], "texture": "#0"},
				"south": {"uv": [12.34375, 8.125, 12.625, 8.15625], "texture": "#0"},
				"west": {"uv": [9.6875, 8.125, 12.34375, 8.15625], "texture": "#0"},
				"up": {"uv": [9.6875, 8.125, 9.40625, 5.46875], "texture": "#0"},
				"down": {"uv": [9.96875, 5.46875, 9.6875, 8.125], "texture": "#0"}
			}
		},
		{
			"name": "tracks",
			"from": [16.2954, 6.03517, -8.38615],
			"to": [20.2248, 7.78157, -7.94955],
			"rotation": {"angle": 45, "axis": "x", "origin": [18.2601, 6.90837, -8.16785]},
			"faces": {
				"north": {"uv": [4.75, 5.28125, 5.03125, 5.40625], "texture": "#0"},
				"east": {"uv": [4.71875, 5.28125, 4.75, 5.40625], "texture": "#0"},
				"south": {"uv": [5.0625, 5.28125, 5.34375, 5.40625], "texture": "#0"},
				"west": {"uv": [5.03125, 5.28125, 5.0625, 5.40625], "texture": "#0"},
				"up": {"uv": [5.03125, 5.28125, 4.75, 5.25], "texture": "#0"},
				"down": {"uv": [5.3125, 5.25, 5.03125, 5.28125], "texture": "#0"}
			}
		},
		{
			"name": "tracks",
			"from": [16.2954, 1.8774, 30.00213],
			"to": [20.2248, 6.43987, 30.43873],
			"rotation": {"angle": 0, "axis": "y", "origin": [8, 0.2954, 11]},
			"faces": {
				"north": {"uv": [0.03125, 5.28125, 0.3125, 5.59375], "texture": "#0"},
				"east": {"uv": [0, 5.28125, 0.03125, 5.59375], "texture": "#0"},
				"south": {"uv": [0.34375, 5.28125, 0.625, 5.59375], "texture": "#0"},
				"west": {"uv": [0.3125, 5.28125, 0.34375, 5.59375], "texture": "#0"},
				"up": {"uv": [0.3125, 5.28125, 0.03125, 5.25], "texture": "#0"},
				"down": {"uv": [0.59375, 5.25, 0.3125, 5.28125], "texture": "#0"}
			}
		},
		{
			"name": "tracks",
			"from": [16.2954, 6.08534, 29.47086],
			"to": [20.2248, 7.76625, 29.90746],
			"rotation": {"angle": -45, "axis": "x", "origin": [18.2601, 6.95854, 29.68916]},
			"faces": {
				"north": {"uv": [5.21875, 3.90625, 5.5, 4], "texture": "#0"},
				"east": {"uv": [5.1875, 3.90625, 5.21875, 4], "texture": "#0"},
				"south": {"uv": [5.53125, 3.90625, 5.8125, 4], "texture": "#0"},
				"west": {"uv": [5.5, 3.90625, 5.53125, 4], "texture": "#0"},
				"up": {"uv": [5.5, 3.90625, 5.21875, 3.875], "texture": "#0"},
				"down": {"uv": [5.78125, 3.875, 5.5, 3.90625], "texture": "#0"}
			}
		},
		{
			"name": "tracks",
			"from": [16.2954, 1.07897, 24.37397],
			"to": [20.2248, 1.51557, 30.48637],
			"rotation": {"angle": -22.5, "axis": "x", "origin": [18.2601, 1.29727, 27.43017]},
			"faces": {
				"north": {"uv": [4.96875, 4.875, 5.25, 4.90625], "texture": "#0"},
				"east": {"uv": [4.53125, 4.875, 4.96875, 4.90625], "texture": "#0"},
				"south": {"uv": [5.6875, 4.875, 5.96875, 4.90625], "texture": "#0"},
				"west": {"uv": [5.25, 4.875, 5.6875, 4.90625], "texture": "#0"},
				"up": {"uv": [5.25, 4.875, 4.96875, 4.4375], "texture": "#0"},
				"down": {"uv": [5.53125, 4.4375, 5.25, 4.875], "texture": "#0"}
			}
		},
		{
			"name": "tracks",
			"from": [-3.7882, 1.56655, -9.1416],
			"to": [0.1412, 2.00315, -3.4658],
			"rotation": {"angle": 22.5, "axis": "x", "origin": [-1.8235, 1.78485, -6.522]},
			"faces": {
				"north": {"uv": [5.59375, 3.03125, 5.875, 3.0625], "texture": "#0"},
				"east": {"uv": [5.1875, 3.03125, 5.59375, 3.0625], "texture": "#0"},
				"south": {"uv": [6.28125, 3.03125, 6.5625, 3.0625], "texture": "#0"},
				"west": {"uv": [5.875, 3.03125, 6.28125, 3.0625], "texture": "#0"},
				"up": {"uv": [5.875, 3.03125, 5.59375, 2.625], "texture": "#0"},
				"down": {"uv": [6.15625, 2.625, 5.875, 3.03125], "texture": "#0"}
			}
		},
		{
			"name": "tracks",
			"from": [-3.7882, 2.69409, -8.98842],
			"to": [0.1412, 6.38336, -8.55182],
			"rotation": {"angle": 0, "axis": "y", "origin": [8, 0.2954, 11]},
			"faces": {
				"north": {"uv": [2.09375, 5.53125, 2.375, 5.78125], "texture": "#0"},
				"east": {"uv": [2.0625, 5.53125, 2.09375, 5.78125], "texture": "#0"},
				"south": {"uv": [2.40625, 5.53125, 2.6875, 5.78125], "texture": "#0"},
				"west": {"uv": [2.375, 5.53125, 2.40625, 5.78125], "texture": "#0"},
				"up": {"uv": [2.375, 5.53125, 2.09375, 5.5], "texture": "#0"},
				"down": {"uv": [2.65625, 5.5, 2.375, 5.53125], "texture": "#0"}
			}
		},
		{
			"name": "tracks",
			"from": [-3.7882, 6.03517, -8.38615],
			"to": [0.1412, 7.78157, -7.94955],
			"rotation": {"angle": 45, "axis": "x", "origin": [-1.8235, 6.90837, -8.16785]},
			"faces": {
				"north": {"uv": [4.125, 5.28125, 4.40625, 5.40625], "texture": "#0"},
				"east": {"uv": [4.09375, 5.28125, 4.125, 5.40625], "texture": "#0"},
				"south": {"uv": [4.4375, 5.28125, 4.71875, 5.40625], "texture": "#0"},
				"west": {"uv": [4.40625, 5.28125, 4.4375, 5.40625], "texture": "#0"},
				"up": {"uv": [4.40625, 5.28125, 4.125, 5.25], "texture": "#0"},
				"down": {"uv": [4.6875, 5.25, 4.40625, 5.28125], "texture": "#0"}
			}
		},
		{
			"name": "tracks",
			"from": [-3.7882, 7.281, -7.7738],
			"to": [0.1412, 7.7176, 29.3372],
			"rotation": {"angle": 0, "axis": "y", "origin": [8, 0.2954, 11]},
			"faces": {
				"north": {"uv": [6.1875, 8.09375, 6.46875, 8.125], "texture": "#0"},
				"east": {"uv": [3.53125, 8.09375, 6.1875, 8.125], "texture": "#0"},
				"south": {"uv": [9.125, 8.09375, 9.40625, 8.125], "texture": "#0"},
				"west": {"uv": [6.46875, 8.09375, 9.125, 8.125], "texture": "#0"},
				"up": {"uv": [6.46875, 8.09375, 6.1875, 5.4375], "texture": "#0"},
				"down": {"uv": [6.75, 5.4375, 6.46875, 8.09375], "texture": "#0"}
			}
		},
		{
			"name": "tracks",
			"from": [-3.7882, 6.08534, 29.47086],
			"to": [0.1412, 7.76625, 29.90746],
			"rotation": {"angle": -45, "axis": "x", "origin": [-1.8235, 6.95854, 29.68916]},
			"faces": {
				"north": {"uv": [1.71875, 4.84375, 2, 4.9375], "texture": "#0"},
				"east": {"uv": [1.6875, 4.84375, 1.71875, 4.9375], "texture": "#0"},
				"south": {"uv": [2.03125, 4.84375, 2.3125, 4.9375], "texture": "#0"},
				"west": {"uv": [2, 4.84375, 2.03125, 4.9375], "texture": "#0"},
				"up": {"uv": [2, 4.84375, 1.71875, 4.8125], "texture": "#0"},
				"down": {"uv": [2.28125, 4.8125, 2, 4.84375], "texture": "#0"}
			}
		},
		{
			"name": "tracks",
			"from": [-3.7882, 1.8774, 30.00213],
			"to": [0.1412, 6.43987, 30.43873],
			"rotation": {"angle": 0, "axis": "y", "origin": [8, 0.2954, 11]},
			"faces": {
				"north": {"uv": [1.71875, 4.5, 2, 4.8125], "texture": "#0"},
				"east": {"uv": [1.6875, 4.5, 1.71875, 4.8125], "texture": "#0"},
				"south": {"uv": [2.03125, 4.5, 2.3125, 4.8125], "texture": "#0"},
				"west": {"uv": [2, 4.5, 2.03125, 4.8125], "texture": "#0"},
				"up": {"uv": [2, 4.5, 1.71875, 4.46875], "texture": "#0"},
				"down": {"uv": [2.28125, 4.46875, 2, 4.5], "texture": "#0"}
			}
		},
		{
			"name": "tracks",
			"from": [-3.7882, 1.07897, 24.37397],
			"to": [0.1412, 1.51557, 30.48637],
			"rotation": {"angle": -22.5, "axis": "x", "origin": [-1.8235, 1.29727, 27.43017]},
			"faces": {
				"north": {"uv": [1.125, 4.9375, 1.40625, 4.96875], "texture": "#0"},
				"east": {"uv": [0.6875, 4.9375, 1.125, 4.96875], "texture": "#0"},
				"south": {"uv": [1.84375, 4.9375, 2.125, 4.96875], "texture": "#0"},
				"west": {"uv": [1.40625, 4.9375, 1.84375, 4.96875], "texture": "#0"},
				"up": {"uv": [1.40625, 4.9375, 1.125, 4.5], "texture": "#0"},
				"down": {"uv": [1.6875, 4.5, 1.40625, 4.9375], "texture": "#0"}
			}
		},
		{
			"name": "tracks",
			"from": [-3.7882, 0.2954, -3.8444],
			"to": [0.1412, 0.732, 24.5346],
			"rotation": {"angle": 0, "axis": "y", "origin": [8, 0.2954, 11]},
			"faces": {
				"north": {"uv": [7.78125, 10.1875, 8.0625, 10.21875], "texture": "#0"},
				"east": {"uv": [5.75, 10.1875, 7.78125, 10.21875], "texture": "#0"},
				"south": {"uv": [10.09375, 10.1875, 10.375, 10.21875], "texture": "#0"},
				"west": {"uv": [8.0625, 10.1875, 10.09375, 10.21875], "texture": "#0"},
				"up": {"uv": [8.0625, 10.1875, 7.78125, 8.15625], "texture": "#0"},
				"down": {"uv": [8.34375, 8.15625, 8.0625, 10.1875], "texture": "#0"}
			}
		},
		{
			"name": "body",
			"from": [0.5778, 2.89233, -8.89539],
			"to": [15.8588, 5.94853, -6.27579],
			"rotation": {"angle": -45, "axis": "x", "origin": [8.2183, 4.42043, -7.58559]},
			"faces": {
				"north": {"uv": [0.1875, 6.1875, 1.28125, 6.40625], "texture": "#0"},
				"east": {"uv": [0, 6.1875, 0.1875, 6.40625], "texture": "#0"},
				"south": {"uv": [1.46875, 6.1875, 2.5625, 6.40625], "texture": "#0"},
				"west": {"uv": [1.28125, 6.1875, 1.46875, 6.40625], "texture": "#0"},
				"up": {"uv": [1.28125, 6.1875, 0.1875, 6], "texture": "#0"},
				"down": {"uv": [2.375, 6, 1.28125, 6.1875], "texture": "#0"}
			}
		},
		{
			"name": "body",
			"from": [0.5778, 4.05016, -9.56386],
			"to": [15.8588, 6.4078, -6.9006],
			"rotation": {"angle": 0, "axis": "y", "origin": [8, 0.2954, 11]},
			"faces": {
				"north": {"uv": [3.59375, 6.3125, 4.6875, 6.46875], "texture": "#0"},
				"east": {"uv": [3.40625, 6.3125, 3.59375, 6.46875], "texture": "#0"},
				"south": {"uv": [4.875, 6.3125, 5.96875, 6.46875], "texture": "#0"},
				"west": {"uv": [4.6875, 6.3125, 4.875, 6.46875], "texture": "#0"},
				"up": {"uv": [4.6875, 6.3125, 3.59375, 6.125], "texture": "#0"},
				"down": {"uv": [5.78125, 6.125, 4.6875, 6.3125], "texture": "#0"}
			}
		},
		{
			"name": "body",
			"from": [0.5778, 6.01433, -9.5785],
			"to": [15.8588, 9.07053, 0.8999],
			"rotation": {"angle": -45, "axis": "x", "origin": [8.2183, 7.76073, -5.6491]},
			"faces": {
				"north": {"uv": [9.625, 0.75, 10.71875, 0.96875], "texture": "#0"},
				"east": {"uv": [8.875, 0.75, 9.625, 0.96875], "texture": "#0"},
				"south": {"uv": [11.46875, 0.75, 12.5625, 0.96875], "texture": "#0"},
				"west": {"uv": [10.71875, 0.75, 11.46875, 0.96875], "texture": "#0"},
				"up": {"uv": [10.71875, 0.75, 9.625, 0], "texture": "#0"},
				"down": {"uv": [11.8125, 0, 10.71875, 0.75], "texture": "#0"}
			}
		},
		{
			"name": "body",
			"from": [2.3242, 9.07053, -6.0857],
			"to": [7.1268, 9.50713, -1.2831],
			"rotation": {"angle": -45, "axis": "x", "origin": [8.2183, 7.76073, -5.6491]},
			"faces": {
				"north": {"uv": [7.09375, 6.21875, 7.4375, 6.25], "texture": "#0"},
				"east": {"uv": [6.75, 6.21875, 7.09375, 6.25], "texture": "#0"},
				"south": {"uv": [7.78125, 6.21875, 8.125, 6.25], "texture": "#0"},
				"west": {"uv": [7.4375, 6.21875, 7.78125, 6.25], "texture": "#0"},
				"up": {"uv": [7.4375, 6.21875, 7.09375, 5.875], "texture": "#0"},
				"down": {"uv": [7.78125, 5.875, 7.4375, 6.21875], "texture": "#0"}
			}
		},
		{
			"name": "body",
			"from": [11.0562, 9.0274, -5.5908],
			"to": [13.2392, 11.2104, -2.9712],
			"rotation": {"angle": 0, "axis": "y", "origin": [8, 0.2954, 11]},
			"faces": {
				"north": {"uv": [1.75, 2.8125, 1.90625, 2.96875], "texture": "#0"},
				"east": {"uv": [1.5625, 2.8125, 1.75, 2.96875], "texture": "#0"},
				"south": {"uv": [2.09375, 2.8125, 2.25, 2.96875], "texture": "#0"},
				"west": {"uv": [1.90625, 2.8125, 2.09375, 2.96875], "texture": "#0"},
				"up": {"uv": [1.90625, 2.8125, 1.75, 2.625], "texture": "#0"},
				"down": {"uv": [2.0625, 2.625, 1.90625, 2.8125], "texture": "#0"}
			}
		},
		{
			"name": "body",
			"from": [11.9294, 9.9006, -7.3372],
			"to": [12.366, 10.3372, -5.5908],
			"rotation": {"angle": 0, "axis": "y", "origin": [8, 0.2954, 11]},
			"faces": {
				"north": {"uv": [0.125, 0.125, 0.15625, 0.15625], "texture": "#0"},
				"east": {"uv": [0, 0.125, 0.125, 0.15625], "texture": "#0"},
				"south": {"uv": [0.28125, 0.125, 0.3125, 0.15625], "texture": "#0"},
				"west": {"uv": [0.15625, 0.125, 0.28125, 0.15625], "texture": "#0"},
				"up": {"uv": [0.15625, 0.125, 0.125, 0], "texture": "#0"},
				"down": {"uv": [0.1875, 0, 0.15625, 0.125], "texture": "#0"}
			}
		},
		{
			"name": "body",
			"from": [-2.4784, 8.19733, -4.3393],
			"to": [0.5778, 9.07053, -1.7197],
			"rotation": {"angle": -45, "axis": "x", "origin": [9.5281, 7.76073, -5.6491]},
			"faces": {
				"north": {"uv": [7.25, 2.4375, 7.46875, 2.5], "texture": "#0"},
				"east": {"uv": [7.0625, 2.4375, 7.25, 2.5], "texture": "#0"},
				"south": {"uv": [7.65625, 2.4375, 7.875, 2.5], "texture": "#0"},
				"west": {"uv": [7.46875, 2.4375, 7.65625, 2.5], "texture": "#0"},
				"up": {"uv": [7.46875, 2.4375, 7.25, 2.25], "texture": "#0"},
				"down": {"uv": [7.6875, 2.25, 7.46875, 2.4375], "texture": "#0"}
			}
		},
		{
			"name": "body",
			"from": [-2.4784, 6.01433, -1.7197],
			"to": [0.5778, 9.07053, 0.8999],
			"rotation": {"angle": -45, "axis": "x", "origin": [9.5281, 7.76073, -5.6491]},
			"faces": {
				"north": {"uv": [6.9375, 7.5625, 7.15625, 7.78125], "texture": "#0"},
				"east": {"uv": [6.75, 7.5625, 6.9375, 7.78125], "texture": "#0"},
				"south": {"uv": [7.34375, 7.5625, 7.5625, 7.78125], "texture": "#0"},
				"west": {"uv": [7.15625, 7.5625, 7.34375, 7.78125], "texture": "#0"},
				"up": {"uv": [7.15625, 7.5625, 6.9375, 7.375], "texture": "#0"},
				"down": {"uv": [7.375, 7.375, 7.15625, 7.5625], "texture": "#0"}
			}
		},
		{
			"name": "body",
			"from": [-2.4784, 9.0274, -5.5908],
			"to": [0.5778, 9.9006, 28.464],
			"rotation": {"angle": 0, "axis": "y", "origin": [8, 0.2954, 11]},
			"faces": {
				"north": {"uv": [5.3125, 10.5625, 5.53125, 10.625], "texture": "#0"},
				"east": {"uv": [2.875, 10.5625, 5.3125, 10.625], "texture": "#0"},
				"south": {"uv": [7.96875, 10.5625, 8.1875, 10.625], "texture": "#0"},
				"west": {"uv": [5.53125, 10.5625, 7.96875, 10.625], "texture": "#0"},
				"up": {"uv": [5.53125, 10.5625, 5.3125, 8.125], "texture": "#0"},
				"down": {"uv": [5.75, 8.125, 5.53125, 10.5625], "texture": "#0"}
			}
		},
		{
			"name": "body",
			"from": [-3.7882, 7.88293, -10.35595],
			"to": [0.5778, 8.31953, -8.17295],
			"rotation": {"angle": -45, "axis": "x", "origin": [18.0418, 8.10123, -9.26445]},
			"faces": {
				"north": {"uv": [1.21875, 0.84375, 1.53125, 0.875], "texture": "#0"},
				"east": {"uv": [1.0625, 0.84375, 1.21875, 0.875], "texture": "#0"},
				"south": {"uv": [1.6875, 0.84375, 2, 0.875], "texture": "#0"},
				"west": {"uv": [1.53125, 0.84375, 1.6875, 0.875], "texture": "#0"},
				"up": {"uv": [1.53125, 0.84375, 1.21875, 0.6875], "texture": "#0"},
				"down": {"uv": [1.84375, 0.6875, 1.53125, 0.84375], "texture": "#0"}
			}
		},
		{
			"name": "body",
			"from": [-3.7882, 8.5908, -8.647],
			"to": [0.5778, 9.0274, 30.2104],
			"rotation": {"angle": 0, "axis": "y", "origin": [8, 0.2954, 11]},
			"faces": {
				"north": {"uv": [6.875, 5.40625, 7.1875, 5.4375], "texture": "#0"},
				"east": {"uv": [4.09375, 5.40625, 6.875, 5.4375], "texture": "#0"},
				"south": {"uv": [9.96875, 5.40625, 10.28125, 5.4375], "texture": "#0"},
				"west": {"uv": [7.1875, 5.40625, 9.96875, 5.4375], "texture": "#0"},
				"up": {"uv": [7.1875, 5.40625, 6.875, 2.625], "texture": "#0"},
				"down": {"uv": [7.5, 2.625, 7.1875, 5.40625], "texture": "#0"}
			}
		},
		{
			"name": "body",
			"from": [-4.6614, 9.0274, 18.4222],
			"to": [-2.4784, 11.2104, 24.9712],
			"rotation": {"angle": 0, "axis": "y", "origin": [8, 0.2954, 11]},
			"faces": {
				"north": {"uv": [3.875, 6.9375, 4.03125, 7.09375], "texture": "#0"},
				"east": {"uv": [3.40625, 6.9375, 3.875, 7.09375], "texture": "#0"},
				"south": {"uv": [4.5, 6.9375, 4.65625, 7.09375], "texture": "#0"},
				"west": {"uv": [4.03125, 6.9375, 4.5, 7.09375], "texture": "#0"},
				"up": {"uv": [4.03125, 6.9375, 3.875, 6.46875], "texture": "#0"},
				"down": {"uv": [4.1875, 6.46875, 4.03125, 6.9375], "texture": "#0"}
			}
		},
		{
			"name": "body",
			"from": [-2.4784, 9.9006, -1.2248],
			"to": [0.5778, 12.7385, 26.281],
			"rotation": {"angle": 0, "axis": "y", "origin": [8, 0.2954, 11]},
			"faces": {
				"north": {"uv": [8.1875, 12.21875, 8.40625, 12.40625], "texture": "#0"},
				"east": {"uv": [6.21875, 12.21875, 8.1875, 12.40625], "texture": "#0"},
				"south": {"uv": [10.375, 12.21875, 10.59375, 12.40625], "texture": "#0"},
				"west": {"uv": [8.40625, 12.21875, 10.375, 12.40625], "texture": "#0"},
				"up": {"uv": [8.40625, 12.21875, 8.1875, 10.25], "texture": "#0"},
				"down": {"uv": [8.625, 10.25, 8.40625, 12.21875], "texture": "#0"}
			}
		},
		{
			"name": "body",
			"from": [-2.4784, 7.32413, -3.4661],
			"to": [0.5778, 8.19733, -1.7197],
			"rotation": {"angle": -45, "axis": "x", "origin": [9.5281, 7.76073, -5.6491]},
			"faces": {
				"north": {"uv": [6.28125, 2.75, 6.5, 2.8125], "texture": "#0"},
				"east": {"uv": [6.15625, 2.75, 6.28125, 2.8125], "texture": "#0"},
				"south": {"uv": [6.625, 2.75, 6.84375, 2.8125], "texture": "#0"},
				"west": {"uv": [6.5, 2.75, 6.625, 2.8125], "texture": "#0"},
				"up": {"uv": [6.5, 2.75, 6.28125, 2.625], "texture": "#0"},
				"down": {"uv": [6.71875, 2.625, 6.5, 2.75], "texture": "#0"}
			}
		},
		{
			"name": "body",
			"from": [-3.7882, 11.647, -1.2248],
			"to": [-2.4784, 12.9568, 0.085],
			"rotation": {"angle": 0, "axis": "y", "origin": [8, 0.2954, 11]},
			"faces": {
				"north": {"uv": [2, 0.09375, 2.09375, 0.1875], "texture": "#0"},
				"east": {"uv": [1.90625, 0.09375, 2, 0.1875], "texture": "#0"},
				"south": {"uv": [2.1875, 0.09375, 2.28125, 0.1875], "texture": "#0"},
				"west": {"uv": [2.09375, 0.09375, 2.1875, 0.1875], "texture": "#0"},
				"up": {"uv": [2.09375, 0.09375, 2, 0], "texture": "#0"},
				"down": {"uv": [2.1875, 0, 2.09375, 0.09375], "texture": "#0"}
			}
		},
		{
			"name": "body",
			"from": [15.8588, 9.0274, -5.5908],
			"to": [18.915, 9.9006, 28.464],
			"rotation": {"angle": 0, "axis": "y", "origin": [8, 0.2954, 11]},
			"faces": {
				"north": {"uv": [2.4375, 10.5, 2.65625, 10.5625], "texture": "#0"},
				"east": {"uv": [0, 10.5, 2.4375, 10.5625], "texture": "#0"},
				"south": {"uv": [5.09375, 10.5, 5.3125, 10.5625], "texture": "#0"},
				"west": {"uv": [2.65625, 10.5, 5.09375, 10.5625], "texture": "#0"},
				"up": {"uv": [2.65625, 10.5, 2.4375, 8.0625], "texture": "#0"},
				"down": {"uv": [2.875, 8.0625, 2.65625, 10.5], "texture": "#0"}
			}
		},
		{
			"name": "body",
			"from": [15.8588, 8.19733, -4.3393],
			"to": [18.915, 9.07053, -1.7197],
			"rotation": {"angle": -45, "axis": "x", "origin": [27.8653, 7.76073, -5.6491]},
			"faces": {
				"north": {"uv": [6, 1.90625, 6.21875, 1.96875], "texture": "#0"},
				"east": {"uv": [5.8125, 1.90625, 6, 1.96875], "texture": "#0"},
				"south": {"uv": [6.40625, 1.90625, 6.625, 1.96875], "texture": "#0"},
				"west": {"uv": [6.21875, 1.90625, 6.40625, 1.96875], "texture": "#0"},
				"up": {"uv": [6.21875, 1.90625, 6, 1.71875], "texture": "#0"},
				"down": {"uv": [6.4375, 1.71875, 6.21875, 1.90625], "texture": "#0"}
			}
		},
		{
			"name": "body",
			"from": [15.8588, 7.88293, -10.35595],
			"to": [20.2248, 8.31953, -8.17295],
			"rotation": {"angle": -45, "axis": "x", "origin": [18.0418, 8.10123, -9.26445]},
			"faces": {
				"north": {"uv": [5.8125, 4.03125, 6.125, 4.0625], "texture": "#0"},
				"east": {"uv": [5.65625, 4.03125, 5.8125, 4.0625], "texture": "#0"},
				"south": {"uv": [6.28125, 4.03125, 6.59375, 4.0625], "texture": "#0"},
				"west": {"uv": [6.125, 4.03125, 6.28125, 4.0625], "texture": "#0"},
				"up": {"uv": [6.125, 4.03125, 5.8125, 3.875], "texture": "#0"},
				"down": {"uv": [6.4375, 3.875, 6.125, 4.03125], "texture": "#0"}
			}
		},
		{
			"name": "body",
			"from": [15.8588, 8.5908, -8.647],
			"to": [20.2248, 9.0274, 30.2104],
			"rotation": {"angle": 0, "axis": "y", "origin": [8, 0.2954, 11]},
			"faces": {
				"north": {"uv": [2.78125, 8.03125, 3.09375, 8.0625], "texture": "#0"},
				"east": {"uv": [0, 8.03125, 2.78125, 8.0625], "texture": "#0"},
				"south": {"uv": [5.875, 8.03125, 6.1875, 8.0625], "texture": "#0"},
				"west": {"uv": [3.09375, 8.03125, 5.875, 8.0625], "texture": "#0"},
				"up": {"uv": [3.09375, 8.03125, 2.78125, 5.25], "texture": "#0"},
				"down": {"uv": [3.40625, 5.25, 3.09375, 8.03125], "texture": "#0"}
			}
		},
		{
			"name": "body",
			"from": [15.8588, 6.8444, -8.647],
			"to": [15.8588, 8.5908, -6.464],
			"rotation": {"angle": 0, "axis": "y", "origin": [8, 0.2954, 11]},
			"faces": {
				"north": {"uv": [0.15625, 0.15625, 0.15625, 0.28125], "texture": "#0"},
				"east": {"uv": [0, 0.15625, 0.15625, 0.28125], "texture": "#0"},
				"south": {"uv": [0.3125, 0.15625, 0.3125, 0.28125], "texture": "#0"},
				"west": {"uv": [0.15625, 0.15625, 0.3125, 0.28125], "texture": "#0"},
				"up": {"uv": [0.15625, 0.15625, 0.15625, 0], "texture": "#0"},
				"down": {"uv": [0.15625, 0, 0.15625, 0.15625], "texture": "#0"}
			}
		},
		{
			"name": "body",
			"from": [0.5778, 6.8444, -8.647],
			"to": [0.5778, 8.5908, -6.464],
			"rotation": {"angle": 0, "axis": "y", "origin": [8, 0.2954, 11]},
			"faces": {
				"north": {"uv": [0.6875, 0.15625, 0.6875, 0.28125], "texture": "#0"},
				"east": {"uv": [0.53125, 0.15625, 0.6875, 0.28125], "texture": "#0"},
				"south": {"uv": [0.84375, 0.15625, 0.84375, 0.28125], "texture": "#0"},
				"west": {"uv": [0.6875, 0.15625, 0.84375, 0.28125], "texture": "#0"},
				"up": {"uv": [0.6875, 0.15625, 0.6875, 0], "texture": "#0"},
				"down": {"uv": [0.6875, 0, 0.6875, 0.15625], "texture": "#0"}
			}
		},
		{
			"name": "body",
			"from": [15.8588, 9.9006, -1.2248],
			"to": [18.915, 12.7385, 26.281],
			"rotation": {"angle": 0, "axis": "y", "origin": [8, 0.2954, 11]},
			"faces": {
				"north": {"uv": [11.9375, 6.25, 12.15625, 6.4375], "texture": "#0"},
				"east": {"uv": [9.96875, 6.25, 11.9375, 6.4375], "texture": "#0"},
				"south": {"uv": [14.125, 6.25, 14.34375, 6.4375], "texture": "#0"},
				"west": {"uv": [12.15625, 6.25, 14.125, 6.4375], "texture": "#0"},
				"up": {"uv": [12.15625, 6.25, 11.9375, 4.28125], "texture": "#0"},
				"down": {"uv": [12.375, 4.28125, 12.15625, 6.25], "texture": "#0"}
			}
		},
		{
			"name": "body",
			"from": [15.8588, 6.01433, -1.7197],
			"to": [18.915, 9.07053, 0.8999],
			"rotation": {"angle": -45, "axis": "x", "origin": [27.8653, 7.76073, -5.6491]},
			"faces": {
				"north": {"uv": [3.59375, 7.28125, 3.8125, 7.5], "texture": "#0"},
				"east": {"uv": [3.40625, 7.28125, 3.59375, 7.5], "texture": "#0"},
				"south": {"uv": [4, 7.28125, 4.21875, 7.5], "texture": "#0"},
				"west": {"uv": [3.8125, 7.28125, 4, 7.5], "texture": "#0"},
				"up": {"uv": [3.8125, 7.28125, 3.59375, 7.09375], "texture": "#0"},
				"down": {"uv": [4.03125, 7.09375, 3.8125, 7.28125], "texture": "#0"}
			}
		},
		{
			"name": "body",
			"from": [15.8588, 7.32413, -3.4661],
			"to": [18.915, 8.19733, -1.7197],
			"rotation": {"angle": -45, "axis": "x", "origin": [27.8653, 7.76073, -5.6491]},
			"faces": {
				"north": {"uv": [3.53125, 5.375, 3.75, 5.4375], "texture": "#0"},
				"east": {"uv": [3.40625, 5.375, 3.53125, 5.4375], "texture": "#0"},
				"south": {"uv": [3.875, 5.375, 4.09375, 5.4375], "texture": "#0"},
				"west": {"uv": [3.75, 5.375, 3.875, 5.4375], "texture": "#0"},
				"up": {"uv": [3.75, 5.375, 3.53125, 5.25], "texture": "#0"},
				"down": {"uv": [3.96875, 5.25, 3.75, 5.375], "texture": "#0"}
			}
		},
		{
			"name": "body",
			"from": [1.451, 12.5202, 13.183],
			"to": [14.9856, 13.3934, 25.8444],
			"rotation": {"angle": 0, "axis": "y", "origin": [8, 0.2954, 11]},
			"faces": {
				"north": {"uv": [8.40625, 5.1875, 9.375, 5.25], "texture": "#0"},
				"east": {"uv": [7.5, 5.1875, 8.40625, 5.25], "texture": "#0"},
				"south": {"uv": [10.28125, 5.1875, 11.25, 5.25], "texture": "#0"},
				"west": {"uv": [9.375, 5.1875, 10.28125, 5.25], "texture": "#0"},
				"up": {"uv": [9.375, 5.1875, 8.40625, 4.28125], "texture": "#0"},
				"down": {"uv": [10.34375, 4.28125, 9.375, 5.1875], "texture": "#0"}
			}
		},
		{
			"name": "body",
			"from": [0.5778, 11.647, -1.2248],
			"to": [15.8588, 12.7385, 26.281],
			"rotation": {"angle": 0, "axis": "y", "origin": [8, 0.2954, 11]},
			"faces": {
				"north": {"uv": [9.46875, 4.21875, 10.5625, 4.28125], "texture": "#0"},
				"east": {"uv": [7.5, 4.21875, 9.46875, 4.28125], "texture": "#0"},
				"south": {"uv": [12.53125, 4.21875, 13.625, 4.28125], "texture": "#0"},
				"west": {"uv": [10.5625, 4.21875, 12.53125, 4.28125], "texture": "#0"},
				"up": {"uv": [10.5625, 4.21875, 9.46875, 2.25], "texture": "#0"},
				"down": {"uv": [11.65625, 2.25, 10.5625, 4.21875], "texture": "#0"}
			}
		},
		{
			"name": "body",
			"from": [0.5778, 6.4078, -5.5908],
			"to": [15.8588, 9.0274, 28.464],
			"rotation": {"angle": 0, "axis": "y", "origin": [8, 0.2954, 11]},
			"faces": {
				"north": {"uv": [2.4375, 2.4375, 3.53125, 2.625], "texture": "#0"},
				"east": {"uv": [0, 2.4375, 2.4375, 2.625], "texture": "#0"},
				"south": {"uv": [5.96875, 2.4375, 7.0625, 2.625], "texture": "#0"},
				"west": {"uv": [3.53125, 2.4375, 5.96875, 2.625], "texture": "#0"},
				"up": {"uv": [3.53125, 2.4375, 2.4375, 0], "texture": "#0"},
				"down": {"uv": [4.625, 0, 3.53125, 2.4375], "texture": "#0"}
			}
		},
		{
			"name": "body",
			"from": [0.5778, 2.4784, -7.3372],
			"to": [15.8588, 6.4078, 25.4078],
			"rotation": {"angle": 0, "axis": "y", "origin": [8, 0.2954, 11]},
			"faces": {
				"north": {"uv": [2.34375, 4.96875, 3.4375, 5.25], "texture": "#0"},
				"east": {"uv": [0, 4.96875, 2.34375, 5.25], "texture": "#0"},
				"south": {"uv": [5.78125, 4.96875, 6.875, 5.25], "texture": "#0"},
				"west": {"uv": [3.4375, 4.96875, 5.78125, 5.25], "texture": "#0"},
				"up": {"uv": [3.4375, 4.96875, 2.34375, 2.625], "texture": "#0"},
				"down": {"uv": [4.53125, 2.625, 3.4375, 4.96875], "texture": "#0"}
			}
		},
		{
			"name": "body",
			"from": [-2.4784, 9.48022, 28.14605],
			"to": [0.5778, 12.97303, 29.89245],
			"rotation": {"angle": -45, "axis": "x", "origin": [8.2183, 7.51552, 28.58265]},
			"faces": {
				"north": {"uv": [13.75, 2, 13.96875, 2.25], "texture": "#0"},
				"east": {"uv": [13.625, 2, 13.75, 2.25], "texture": "#0"},
				"south": {"uv": [14.09375, 2, 14.3125, 2.25], "texture": "#0"},
				"west": {"uv": [13.96875, 2, 14.09375, 2.25], "texture": "#0"},
				"up": {"uv": [13.96875, 2, 13.75, 1.875], "texture": "#0"},
				"down": {"uv": [14.1875, 1.875, 13.96875, 2], "texture": "#0"}
			}
		},
		{
			"name": "body",
			"from": [0.5778, 6.42402, 29.01925],
			"to": [15.8588, 12.97303, 29.89245],
			"rotation": {"angle": -45, "axis": "x", "origin": [8.2183, 7.51552, 28.58265]},
			"faces": {
				"north": {"uv": [0.0625, 1.03125, 1.15625, 1.5], "texture": "#0"},
				"east": {"uv": [0, 1.03125, 0.0625, 1.5], "texture": "#0"},
				"south": {"uv": [1.21875, 1.03125, 2.3125, 1.5], "texture": "#0"},
				"west": {"uv": [1.15625, 1.03125, 1.21875, 1.5], "texture": "#0"},
				"up": {"uv": [1.15625, 1.03125, 0.0625, 0.96875], "texture": "#0"},
				"down": {"uv": [2.25, 0.96875, 1.15625, 1.03125], "texture": "#0"}
			}
		},
		{
			"name": "body",
			"from": [15.8588, 9.48022, 28.14605],
			"to": [18.915, 12.97303, 29.89245],
			"rotation": {"angle": -45, "axis": "x", "origin": [8.2183, 7.51552, 28.58265]},
			"faces": {
				"north": {"uv": [14.5625, 3.78125, 14.78125, 4.03125], "texture": "#0"},
				"east": {"uv": [14.4375, 3.78125, 14.5625, 4.03125], "texture": "#0"},
				"south": {"uv": [14.90625, 3.78125, 15.125, 4.03125], "texture": "#0"},
				"west": {"uv": [14.78125, 3.78125, 14.90625, 4.03125], "texture": "#0"},
				"up": {"uv": [14.78125, 3.78125, 14.5625, 3.65625], "texture": "#0"},
				"down": {"uv": [15, 3.65625, 14.78125, 3.78125], "texture": "#0"}
			}
		},
		{
			"name": "body",
			"from": [15.8588, 7.88293, 29.73635],
			"to": [20.2248, 8.31953, 31.91935],
			"rotation": {"angle": 45, "axis": "x", "origin": [-1.6052, 8.10123, 30.82785]},
			"faces": {
				"north": {"uv": [5.96875, 4.9375, 6.28125, 4.96875], "texture": "#0"},
				"east": {"uv": [5.8125, 4.9375, 5.96875, 4.96875], "texture": "#0"},
				"south": {"uv": [6.4375, 4.9375, 6.75, 4.96875], "texture": "#0"},
				"west": {"uv": [6.28125, 4.9375, 6.4375, 4.96875], "texture": "#0"},
				"up": {"uv": [6.28125, 4.9375, 5.96875, 4.78125], "texture": "#0"},
				"down": {"uv": [6.59375, 4.78125, 6.28125, 4.9375], "texture": "#0"}
			}
		},
		{
			"name": "body",
			"from": [-3.7882, 7.88293, 29.73635],
			"to": [0.5778, 8.31953, 31.91935],
			"rotation": {"angle": 45, "axis": "x", "origin": [-1.6052, 8.10123, 30.82785]},
			"faces": {
				"north": {"uv": [6.125, 2.40625, 6.4375, 2.4375], "texture": "#0"},
				"east": {"uv": [5.96875, 2.40625, 6.125, 2.4375], "texture": "#0"},
				"south": {"uv": [6.59375, 2.40625, 6.90625, 2.4375], "texture": "#0"},
				"west": {"uv": [6.4375, 2.40625, 6.59375, 2.4375], "texture": "#0"},
				"up": {"uv": [6.4375, 2.40625, 6.125, 2.25], "texture": "#0"},
				"down": {"uv": [6.75, 2.25, 6.4375, 2.40625], "texture": "#0"}
			}
		},
		{
			"name": "body",
			"from": [0.5778, 5.02115, 28.4878],
			"to": [15.8588, 6.24363, 29.361],
			"rotation": {"angle": -45, "axis": "x", "origin": [8.2183, 8.20813, 28.0512]},
			"faces": {
				"north": {"uv": [0.0625, 1.5625, 1.15625, 1.625], "texture": "#0"},
				"east": {"uv": [0, 1.5625, 0.0625, 1.625], "texture": "#0"},
				"south": {"uv": [1.21875, 1.5625, 2.3125, 1.625], "texture": "#0"},
				"west": {"uv": [1.15625, 1.5625, 1.21875, 1.625], "texture": "#0"},
				"up": {"uv": [1.15625, 1.5625, 0.0625, 1.5], "texture": "#0"},
				"down": {"uv": [2.25, 1.5, 1.15625, 1.5625], "texture": "#0"}
			}
		},
		{
			"name": "body",
			"from": [0.5778, 2.79581, 24.81412],
			"to": [15.8588, 8.82089, 28.74352],
			"rotation": {"angle": 45, "axis": "x", "origin": [8.2183, 5.85201, 26.77882]},
			"faces": {
				"north": {"uv": [3.6875, 5.71875, 4.78125, 6.125], "texture": "#0"},
				"east": {"uv": [3.40625, 5.71875, 3.6875, 6.125], "texture": "#0"},
				"south": {"uv": [5.0625, 5.71875, 6.15625, 6.125], "texture": "#0"},
				"west": {"uv": [4.78125, 5.71875, 5.0625, 6.125], "texture": "#0"},
				"up": {"uv": [4.78125, 5.71875, 3.6875, 5.4375], "texture": "#0"},
				"down": {"uv": [5.875, 5.4375, 4.78125, 5.71875], "texture": "#0"}
			}
		},
		{
			"name": "body",
			"from": [18.915, 9.0274, 18.4222],
			"to": [21.098, 11.2104, 24.9712],
			"rotation": {"angle": 0, "axis": "y", "origin": [8, 0.2954, 11]},
			"faces": {
				"north": {"uv": [1.5625, 2.1875, 1.71875, 2.34375], "texture": "#0"},
				"east": {"uv": [1.09375, 2.1875, 1.5625, 2.34375], "texture": "#0"},
				"south": {"uv": [2.1875, 2.1875, 2.34375, 2.34375], "texture": "#0"},
				"west": {"uv": [1.71875, 2.1875, 2.1875, 2.34375], "texture": "#0"},
				"up": {"uv": [1.71875, 2.1875, 1.5625, 1.71875], "texture": "#0"},
				"down": {"uv": [1.875, 1.71875, 1.71875, 2.1875], "texture": "#0"}
			}
		},
		{
			"name": "body",
			"from": [15.8588, 2.0418, -3.4078],
			"to": [16.732, 3.7882, 24.098],
			"rotation": {"angle": 0, "axis": "y", "origin": [8, 0.2954, 11]},
			"faces": {
				"north": {"uv": [1.96875, 12.53125, 2.03125, 12.65625], "texture": "#0"},
				"east": {"uv": [0, 12.53125, 1.96875, 12.65625], "texture": "#0"},
				"south": {"uv": [4, 12.53125, 4.0625, 12.65625], "texture": "#0"},
				"west": {"uv": [2.03125, 12.53125, 4, 12.65625], "texture": "#0"},
				"up": {"uv": [2.03125, 12.53125, 1.96875, 10.5625], "texture": "#0"},
				"down": {"uv": [2.09375, 10.5625, 2.03125, 12.53125], "texture": "#0"}
			}
		},
		{
			"name": "body",
			"from": [-0.2954, 2.0418, -3.4078],
			"to": [0.5778, 3.7882, 24.098],
			"rotation": {"angle": 0, "axis": "y", "origin": [8, 0.2954, 11]},
			"faces": {
				"north": {"uv": [10.59375, 12.40625, 10.65625, 12.53125], "texture": "#0"},
				"east": {"uv": [8.625, 12.40625, 10.59375, 12.53125], "texture": "#0"},
				"south": {"uv": [12.625, 12.40625, 12.6875, 12.53125], "texture": "#0"},
				"west": {"uv": [10.65625, 12.40625, 12.625, 12.53125], "texture": "#0"},
				"up": {"uv": [10.65625, 12.40625, 10.59375, 10.4375], "texture": "#0"},
				"down": {"uv": [10.71875, 10.4375, 10.65625, 12.40625], "texture": "#0"}
			}
		},
		{
			"name": "body",
			"from": [4.0706, 7.29723, 29.89245],
			"to": [5.817, 11.66323, 31.20225],
			"rotation": {"angle": -45, "axis": "x", "origin": [8.2183, 7.51552, 28.58265]},
			"faces": {
				"north": {"uv": [1.90625, 3.5, 2.03125, 3.8125], "texture": "#0"},
				"east": {"uv": [1.8125, 3.5, 1.90625, 3.8125], "texture": "#0"},
				"south": {"uv": [2.125, 3.5, 2.25, 3.8125], "texture": "#0"},
				"west": {"uv": [2.03125, 3.5, 2.125, 3.8125], "texture": "#0"},
				"up": {"uv": [2.03125, 3.5, 1.90625, 3.40625], "texture": "#0"},
				"down": {"uv": [2.15625, 3.40625, 2.03125, 3.5], "texture": "#0"}
			}
		},
		{
			"name": "body",
			"from": [10.6196, 7.29723, 29.89245],
			"to": [12.366, 11.66323, 31.20225],
			"rotation": {"angle": -45, "axis": "x", "origin": [8.2183, 7.51552, 28.58265]},
			"faces": {
				"north": {"uv": [1.96875, 1.71875, 2.09375, 2.03125], "texture": "#0"},
				"east": {"uv": [1.875, 1.71875, 1.96875, 2.03125], "texture": "#0"},
				"south": {"uv": [2.1875, 1.71875, 2.3125, 2.03125], "texture": "#0"},
				"west": {"uv": [2.09375, 1.71875, 2.1875, 2.03125], "texture": "#0"},
				"up": {"uv": [2.09375, 1.71875, 1.96875, 1.625], "texture": "#0"},
				"down": {"uv": [2.21875, 1.625, 2.09375, 1.71875], "texture": "#0"}
			}
		},
		{
			"name": "body",
			"from": [0.5778, 9.0274, -2.5346],
			"to": [15.8588, 11.647, 26.281],
			"rotation": {"angle": 0, "axis": "y", "origin": [8, 0.2954, 11]},
			"faces": {
				"north": {"uv": [6.6875, 2.0625, 7.78125, 2.25], "texture": "#0"},
				"east": {"uv": [4.625, 2.0625, 6.6875, 2.25], "texture": "#0"},
				"south": {"uv": [9.84375, 2.0625, 10.9375, 2.25], "texture": "#0"},
				"west": {"uv": [7.78125, 2.0625, 9.84375, 2.25], "texture": "#0"},
				"up": {"uv": [7.78125, 2.0625, 6.6875, 0], "texture": "#0"},
				"down": {"uv": [8.875, 0, 7.78125, 2.0625], "texture": "#0"}
			}
		},
		{
			"name": "wheel1",
			"from": [-3.3516, 3.3516, -8.2104],
			"to": [0.5778, 6.8444, -4.7176],
			"rotation": {"angle": 0, "axis": "y", "origin": [8, 0.2954, 11]},
			"faces": {
				"north": {"uv": [0.25, 7.34375, 0.53125, 7.59375], "texture": "#0"},
				"east": {"uv": [0, 7.34375, 0.25, 7.59375], "texture": "#0"},
				"south": {"uv": [0.78125, 7.34375, 1.0625, 7.59375], "texture": "#0"},
				"west": {"uv": [0.53125, 7.34375, 0.78125, 7.59375], "texture": "#0"},
				"up": {"uv": [0.53125, 7.34375, 0.25, 7.09375], "texture": "#0"},
				"down": {"uv": [0.8125, 7.09375, 0.53125, 7.34375], "texture": "#0"}
			}
		},
		{
			"name": "wheel2",
			"from": [-3.7882, 1.6052, -3.4078],
			"to": [-0.2954, 6.4078, 1.3948],
			"rotation": {"angle": 0, "axis": "y", "origin": [8, 0.2954, 11]},
			"faces": {
				"north": {"uv": [5.65625, 3.53125, 5.90625, 3.875], "texture": "#0"},
				"east": {"uv": [5.3125, 3.53125, 5.65625, 3.875], "texture": "#0"},
				"south": {"uv": [6.25, 3.53125, 6.5, 3.875], "texture": "#0"},
				"west": {"uv": [5.90625, 3.53125, 6.25, 3.875], "texture": "#0"},
				"up": {"uv": [5.90625, 3.53125, 5.65625, 3.1875], "texture": "#0"},
				"down": {"uv": [6.15625, 3.1875, 5.90625, 3.53125], "texture": "#0"}
			}
		},
		{
			"name": "wheel3",
			"from": [-3.7882, 1.6052, 2.268],
			"to": [-0.2954, 6.4078, 7.0706],
			"rotation": {"angle": 0, "axis": "y", "origin": [8, 0.2954, 11]},
			"faces": {
				"north": {"uv": [4.96875, 1.71875, 5.21875, 2.0625], "texture": "#0"},
				"east": {"uv": [4.625, 1.71875, 4.96875, 2.0625], "texture": "#0"},
				"south": {"uv": [5.5625, 1.71875, 5.8125, 2.0625], "texture": "#0"},
				"west": {"uv": [5.21875, 1.71875, 5.5625, 2.0625], "texture": "#0"},
				"up": {"uv": [5.21875, 1.71875, 4.96875, 1.375], "texture": "#0"},
				"down": {"uv": [5.46875, 1.375, 5.21875, 1.71875], "texture": "#0"}
			}
		},
		{
			"name": "wheel4",
			"from": [-3.7882, 1.6052, 7.9438],
			"to": [-0.2954, 6.4078, 12.7464],
			"rotation": {"angle": 0, "axis": "y", "origin": [8, 0.2954, 11]},
			"faces": {
				"north": {"uv": [4.96875, 1.03125, 5.21875, 1.375], "texture": "#0"},
				"east": {"uv": [4.625, 1.03125, 4.96875, 1.375], "texture": "#0"},
				"south": {"uv": [5.5625, 1.03125, 5.8125, 1.375], "texture": "#0"},
				"west": {"uv": [5.21875, 1.03125, 5.5625, 1.375], "texture": "#0"},
				"up": {"uv": [5.21875, 1.03125, 4.96875, 0.6875], "texture": "#0"},
				"down": {"uv": [5.46875, 0.6875, 5.21875, 1.03125], "texture": "#0"}
			}
		},
		{
			"name": "wheel5",
			"from": [-3.7882, 1.6052, 13.6196],
			"to": [-0.2954, 6.4078, 18.4222],
			"rotation": {"angle": 0, "axis": "y", "origin": [8, 0.2954, 11]},
			"faces": {
				"north": {"uv": [4.96875, 0.34375, 5.21875, 0.6875], "texture": "#0"},
				"east": {"uv": [4.625, 0.34375, 4.96875, 0.6875], "texture": "#0"},
				"south": {"uv": [5.5625, 0.34375, 5.8125, 0.6875], "texture": "#0"},
				"west": {"uv": [5.21875, 0.34375, 5.5625, 0.6875], "texture": "#0"},
				"up": {"uv": [5.21875, 0.34375, 4.96875, 0], "texture": "#0"},
				"down": {"uv": [5.46875, 0, 5.21875, 0.34375], "texture": "#0"}
			}
		},
		{
			"name": "wheel6",
			"from": [-3.7882, 1.6052, 19.2954],
			"to": [-0.2954, 6.4078, 24.098],
			"rotation": {"angle": 0, "axis": "y", "origin": [8, 0.2954, 11]},
			"faces": {
				"north": {"uv": [1.40625, 0.34375, 1.65625, 0.6875], "texture": "#0"},
				"east": {"uv": [1.0625, 0.34375, 1.40625, 0.6875], "texture": "#0"},
				"south": {"uv": [2, 0.34375, 2.25, 0.6875], "texture": "#0"},
				"west": {"uv": [1.65625, 0.34375, 2, 0.6875], "texture": "#0"},
				"up": {"uv": [1.65625, 0.34375, 1.40625, 0], "texture": "#0"},
				"down": {"uv": [1.90625, 0, 1.65625, 0.34375], "texture": "#0"}
			}
		},
		{
			"name": "wheel7",
			"from": [-3.3516, 2.4784, 25.4078],
			"to": [0.5778, 6.4078, 29.3372],
			"rotation": {"angle": 0, "axis": "y", "origin": [8, 0.2954, 11]},
			"faces": {
				"north": {"uv": [7.03125, 6.53125, 7.3125, 6.8125], "texture": "#0"},
				"east": {"uv": [6.75, 6.53125, 7.03125, 6.8125], "texture": "#0"},
				"south": {"uv": [7.59375, 6.53125, 7.875, 6.8125], "texture": "#0"},
				"west": {"uv": [7.3125, 6.53125, 7.59375, 6.8125], "texture": "#0"},
				"up": {"uv": [7.3125, 6.53125, 7.03125, 6.25], "texture": "#0"},
				"down": {"uv": [7.59375, 6.25, 7.3125, 6.53125], "texture": "#0"}
			}
		},
		{
			"name": "wheel8",
			"from": [15.8588, 3.3516, -8.2104],
			"to": [19.7882, 6.8444, -4.7176],
			"rotation": {"angle": 0, "axis": "y", "origin": [8, 0.2954, 11]},
			"faces": {
				"north": {"uv": [1.3125, 7.34375, 1.59375, 7.59375], "texture": "#0"},
				"east": {"uv": [1.0625, 7.34375, 1.3125, 7.59375], "texture": "#0"},
				"south": {"uv": [1.84375, 7.34375, 2.125, 7.59375], "texture": "#0"},
				"west": {"uv": [1.59375, 7.34375, 1.84375, 7.59375], "texture": "#0"},
				"up": {"uv": [1.59375, 7.34375, 1.3125, 7.09375], "texture": "#0"},
				"down": {"uv": [1.875, 7.09375, 1.59375, 7.34375], "texture": "#0"}
			}
		},
		{
			"name": "wheel9",
			"from": [16.732, 1.6052, -3.4078],
			"to": [20.2248, 6.4078, 1.3948],
			"rotation": {"angle": 0, "axis": "y", "origin": [8, 0.2954, 11]},
			"faces": {
				"north": {"uv": [1.53125, 6.75, 1.78125, 7.09375], "texture": "#0"},
				"east": {"uv": [1.1875, 6.75, 1.53125, 7.09375], "texture": "#0"},
				"south": {"uv": [2.125, 6.75, 2.375, 7.09375], "texture": "#0"},
				"west": {"uv": [1.78125, 6.75, 2.125, 7.09375], "texture": "#0"},
				"up": {"uv": [1.78125, 6.75, 1.53125, 6.40625], "texture": "#0"},
				"down": {"uv": [2.03125, 6.40625, 1.78125, 6.75], "texture": "#0"}
			}
		},
		{
			"name": "wheel10",
			"from": [16.732, 1.6052, 2.268],
			"to": [20.2248, 6.4078, 7.0706],
			"rotation": {"angle": 0, "axis": "y", "origin": [8, 0.2954, 11]},
			"faces": {
				"north": {"uv": [5.875, 4.4375, 6.125, 4.78125], "texture": "#0"},
				"east": {"uv": [5.53125, 4.4375, 5.875, 4.78125], "texture": "#0"},
				"south": {"uv": [6.46875, 4.4375, 6.71875, 4.78125], "texture": "#0"},
				"west": {"uv": [6.125, 4.4375, 6.46875, 4.78125], "texture": "#0"},
				"up": {"uv": [6.125, 4.4375, 5.875, 4.09375], "texture": "#0"},
				"down": {"uv": [6.375, 4.09375, 6.125, 4.4375], "texture": "#0"}
			}
		},
		{
			"name": "wheel11",
			"from": [16.732, 1.6052, 7.9438],
			"to": [20.2248, 6.4078, 12.7464],
			"rotation": {"angle": 0, "axis": "y", "origin": [8, 0.2954, 11]},
			"faces": {
				"north": {"uv": [0.34375, 6.75, 0.59375, 7.09375], "texture": "#0"},
				"east": {"uv": [0, 6.75, 0.34375, 7.09375], "texture": "#0"},
				"south": {"uv": [0.9375, 6.75, 1.1875, 7.09375], "texture": "#0"},
				"west": {"uv": [0.59375, 6.75, 0.9375, 7.09375], "texture": "#0"},
				"up": {"uv": [0.59375, 6.75, 0.34375, 6.40625], "texture": "#0"},
				"down": {"uv": [0.84375, 6.40625, 0.59375, 6.75], "texture": "#0"}
			}
		},
		{
			"name": "wheel12",
			"from": [16.732, 1.6052, 13.6196],
			"to": [20.2248, 6.4078, 18.4222],
			"rotation": {"angle": 0, "axis": "y", "origin": [8, 0.2954, 11]},
			"faces": {
				"north": {"uv": [5.8125, 1.375, 6.0625, 1.71875], "texture": "#0"},
				"east": {"uv": [5.46875, 1.375, 5.8125, 1.71875], "texture": "#0"},
				"south": {"uv": [6.40625, 1.375, 6.65625, 1.71875], "texture": "#0"},
				"west": {"uv": [6.0625, 1.375, 6.40625, 1.71875], "texture": "#0"},
				"up": {"uv": [6.0625, 1.375, 5.8125, 1.03125], "texture": "#0"},
				"down": {"uv": [6.3125, 1.03125, 6.0625, 1.375], "texture": "#0"}
			}
		},
		{
			"name": "wheel13",
			"from": [16.732, 1.6052, 19.2954],
			"to": [20.2248, 6.4078, 24.098],
			"rotation": {"angle": 0, "axis": "y", "origin": [8, 0.2954, 11]},
			"faces": {
				"north": {"uv": [5.8125, 0.6875, 6.0625, 1.03125], "texture": "#0"},
				"east": {"uv": [5.46875, 0.6875, 5.8125, 1.03125], "texture": "#0"},
				"south": {"uv": [6.40625, 0.6875, 6.65625, 1.03125], "texture": "#0"},
				"west": {"uv": [6.0625, 0.6875, 6.40625, 1.03125], "texture": "#0"},
				"up": {"uv": [6.0625, 0.6875, 5.8125, 0.34375], "texture": "#0"},
				"down": {"uv": [6.3125, 0.34375, 6.0625, 0.6875], "texture": "#0"}
			}
		},
		{
			"name": "wheel14",
			"from": [15.8588, 2.4784, 25.4078],
			"to": [19.7882, 6.4078, 29.3372],
			"rotation": {"angle": 0, "axis": "y", "origin": [8, 0.2954, 11]},
			"faces": {
				"north": {"uv": [7.03125, 7.09375, 7.3125, 7.375], "texture": "#0"},
				"east": {"uv": [6.75, 7.09375, 7.03125, 7.375], "texture": "#0"},
				"south": {"uv": [7.59375, 7.09375, 7.875, 7.375], "texture": "#0"},
				"west": {"uv": [7.3125, 7.09375, 7.59375, 7.375], "texture": "#0"},
				"up": {"uv": [7.3125, 7.09375, 7.03125, 6.8125], "texture": "#0"},
				"down": {"uv": [7.59375, 6.8125, 7.3125, 7.09375], "texture": "#0"}
			}
		}
	],
	"display": {
		"thirdperson_righthand": {
			"rotation": [90, 0, 0],
			"scale": [4, 4, 4]
		},
		"thirdperson_lefthand": {
			"rotation": [90, 0, 0],
			"scale": [4, 4, 4]
		},
		"gui": {
			"rotation": [0, 133, 0],
			"scale": [0.3, 0.3, 0.3]
		},
		"head": {
			"translation": [0, -12, 0],
			"scale": [4, 4, 4]
		}
	},
	"groups": [
		{
			"name": "T_34",
			"origin": [8, -7, 11],
			"color": 0,
			"children": [
				{
					"name": "turret",
					"origin": [8.08325, 25.11798, 8.00804],
					"color": 1,
					"children": [0, 1, 2, 3, 4, 5, 6, 7, 8, 9, 10, 11, 12, 13, 14, 15, 16, 17, 18, 19]
				},
				{
					"name": "tracks",
					"origin": [8, 4.97, 11],
					"color": 2,
					"children": [20, 21, 22, 23, 24, 25, 26, 27, 28, 29, 30, 31, 32, 33, 34, 35]
				},
				{
					"name": "body",
					"origin": [8, 4.97, 11],
					"color": 3,
					"children": [36, 37, 38, 39, 40, 41, 42, 43, 44, 45, 46, 47, 48, 49, 50, 51, 52, 53, 54, 55, 56, 57, 58, 59, 60, 61, 62, 63, 64, 65, 66, 67, 68, 69, 70, 71, 72, 73, 74, 75, 76]
				},
				{
					"name": "wheel1",
					"origin": [0.045, 16.07, -3.8],
					"color": 4,
					"children": [77]
				},
				{
					"name": "wheel2",
					"origin": [-0.51, 15.145, 0.825],
					"color": 5,
					"children": [78]
				},
				{
					"name": "wheel3",
					"origin": [-0.51, 15.145, 5.635],
					"color": 6,
					"children": [79]
				},
				{
					"name": "wheel4",
					"origin": [-0.51, 15.145, 10.445],
					"color": 7,
					"children": [80]
				},
				{
					"name": "wheel5",
					"origin": [-0.51, 15.145, 15.255],
					"color": 8,
					"children": [81]
				},
				{
					"name": "wheel6",
					"origin": [-0.51, 15.145, 20.065],
					"color": 9,
					"children": [82]
				},
				{
					"name": "wheel7",
					"origin": [0.045, 15.515, 24.875],
					"color": 0,
					"children": [83]
				},
				{
					"name": "wheel8",
					"origin": [16.325, 16.07, -3.8],
					"color": 1,
					"children": [84]
				},
				{
					"name": "wheel9",
					"origin": [16.88, 15.145, 0.825],
					"color": 2,
					"children": [85]
				},
				{
					"name": "wheel10",
					"origin": [16.88, 15.145, 5.635],
					"color": 3,
					"children": [86]
				},
				{
					"name": "wheel11",
					"origin": [16.88, 15.145, 10.445],
					"color": 4,
					"children": [87]
				},
				{
					"name": "wheel12",
					"origin": [16.88, 15.145, 15.255],
					"color": 5,
					"children": [88]
				},
				{
					"name": "wheel13",
					"origin": [16.88, 15.145, 20.065],
					"color": 6,
					"children": [89]
				},
				{
					"name": "wheel14",
					"origin": [16.325, 15.515, 24.875],
					"color": 7,
					"children": [90]
				}
			]
		}
	]
}