{
	"credit": "Made with Blockbench",
	"textures": {
		"0": "items/tiger"
	},
	"elements": [
		{
			"name": "hull",
			"from": [1.2, 2.4, -2.8],
			"to": [14.4, 6, 28.4],
			"rotation": {"angle": 0, "axis": "y", "origin": [8, 0, 13.6]},
			"faces": {
				"north": {"uv": [2.4375, 2.4375, 3.46875, 2.71875], "texture": "#0"},
				"east": {"uv": [0, 2.4375, 2.4375, 2.71875], "texture": "#0"},
				"south": {"uv": [5.90625, 2.4375, 6.9375, 2.71875], "texture": "#0"},
				"west": {"uv": [3.46875, 2.4375, 5.90625, 2.71875], "texture": "#0"},
				"up": {"uv": [3.46875, 2.4375, 2.4375, 0], "texture": "#0"},
				"down": {"uv": [4.5, 0, 3.46875, 2.4375], "texture": "#0"}
			}
		},
		{
			"name": "hull",
			"from": [-2.8, 5.8, 0],
			"to": [0, 6.2, 28.4],
			"rotation": {"angle": 0, "axis": "z", "origin": [8, 2.4, 6]},
			"faces": {
				"north": {"uv": [7.125, 5.09375, 7.34375, 5.125], "texture": "#0"},
				"east": {"uv": [4.90625, 5.09375, 7.125, 5.125], "texture": "#0"},
				"south": {"uv": [9.5625, 5.09375, 9.78125, 5.125], "texture": "#0"},
				"west": {"uv": [7.34375, 5.09375, 9.5625, 5.125], "texture": "#0"},
				"up": {"uv": [7.34375, 5.09375, 7.125, 2.875], "texture": "#0"},
				"down": {"uv": [7.5625, 2.875, 7.34375, 5.09375], "texture": "#0"}
			}
		},
		{
			"name": "hull",
			"from": [15.6, 5.8, 0],
			"to": [18.4, 6.2, 28.4],
			"rotation": {"angle": 0, "axis": "z", "origin": [8, 2.4, 6]},
			"faces": {
				"north": {"uv": [6.71875, 2.21875, 6.9375, 2.25], "texture": "#0"},
				"east": {"uv": [4.5, 2.21875, 6.71875, 2.25], "texture": "#0"},
				"south": {"uv": [9.15625, 2.21875, 9.375, 2.25], "texture": "#0"},
				"west": {"uv": [6.9375, 2.21875, 9.15625, 2.25], "texture": "#0"},
				"up": {"uv": [6.9375, 2.21875, 6.71875, 0], "texture": "#0"},
				"down": {"uv": [7.15625, 0, 6.9375, 2.21875], "texture": "#0"}
			}
		},
		{
			"name": "hull",
			"from": [-2.8, 6, -2.2],
			"to": [18.4, 6.4, 2.2],
			"rotation": {"angle": 0, "axis": "x", "origin": [7.8, 6.2, 0]},
			"faces": {
				"north": {"uv": [6.9375, 2.71875, 8.59375, 2.75], "texture": "#0"},
				"east": {"uv": [6.59375, 2.71875, 6.9375, 2.75], "texture": "#0"},
				"south": {"uv": [8.9375, 2.71875, 10.59375, 2.75], "texture": "#0"},
				"west": {"uv": [8.59375, 2.71875, 8.9375, 2.75], "texture": "#0"},
				"up": {"uv": [8.59375, 2.71875, 6.9375, 2.375], "texture": "#0"},
				"down": {"uv": [10.25, 2.375, 8.59375, 2.71875], "texture": "#0"}
			}
		},
		{
			"name": "hull",
			"from": [-1.2, 6, 0.8],
			"to": [16.8, 8.8, 28.4],
			"rotation": {"angle": 0, "axis": "y", "origin": [8, 0, 13.6]},
			"faces": {
				"north": {"uv": [2.15625, 4.875, 3.5625, 5.09375], "texture": "#0"},
				"east": {"uv": [0, 4.875, 2.15625, 5.09375], "texture": "#0"},
				"south": {"uv": [5.71875, 4.875, 7.125, 5.09375], "texture": "#0"},
				"west": {"uv": [3.5625, 4.875, 5.71875, 5.09375], "texture": "#0"},
				"up": {"uv": [3.5625, 4.875, 2.15625, 2.71875], "texture": "#0"},
				"down": {"uv": [4.96875, 2.71875, 3.5625, 4.875], "texture": "#0"}
			}
		},
		{
			"name": "hull",
			"from": [0, 6.8, 28.4],
			"to": [2.8, 9.2, 29.6],
			"rotation": {"angle": 0, "axis": "y", "origin": [8, 0, 13.6]},
			"faces": {
				"north": {"uv": [0.09375, 4.03125, 0.3125, 4.21875], "texture": "#0"},
				"east": {"uv": [0, 4.03125, 0.09375, 4.21875], "texture": "#0"},
				"south": {"uv": [0.40625, 4.03125, 0.625, 4.21875], "texture": "#0"},
				"west": {"uv": [0.3125, 4.03125, 0.40625, 4.21875], "texture": "#0"},
				"up": {"uv": [0.3125, 4.03125, 0.09375, 3.9375], "texture": "#0"},
				"down": {"uv": [0.53125, 3.9375, 0.3125, 4.03125], "texture": "#0"}
			}
		},
		{
			"name": "hull",
			"from": [12.8, 6.8, 28.4],
			"to": [15.6, 9.2, 29.6],
			"rotation": {"angle": 0, "axis": "y", "origin": [8, 0, 13.6]},
			"faces": {
				"north": {"uv": [1.59375, 5.75, 1.8125, 5.9375], "texture": "#0"},
				"east": {"uv": [1.5, 5.75, 1.59375, 5.9375], "texture": "#0"},
				"south": {"uv": [1.90625, 5.75, 2.125, 5.9375], "texture": "#0"},
				"west": {"uv": [1.8125, 5.75, 1.90625, 5.9375], "texture": "#0"},
				"up": {"uv": [1.8125, 5.75, 1.59375, 5.65625], "texture": "#0"},
				"down": {"uv": [2.03125, 5.65625, 1.8125, 5.75], "texture": "#0"}
			}
		},
		{
			"name": "hull",
			"from": [2, 5.6, 0],
			"to": [3.2, 7.2, 0.4],
			"rotation": {"angle": 0, "axis": "y", "origin": [8, 0, 13.6]},
			"faces": {
				"north": {"uv": [0.96875, 1.5625, 1.0625, 1.6875], "texture": "#0"},
				"east": {"uv": [0.9375, 1.5625, 0.96875, 1.6875], "texture": "#0"},
				"south": {"uv": [1.09375, 1.5625, 1.1875, 1.6875], "texture": "#0"},
				"west": {"uv": [1.0625, 1.5625, 1.09375, 1.6875], "texture": "#0"},
				"up": {"uv": [1.0625, 1.5625, 0.96875, 1.53125], "texture": "#0"},
				"down": {"uv": [1.15625, 1.53125, 1.0625, 1.5625], "texture": "#0"}
			}
		},
		{
			"name": "hull",
			"from": [4.4, 5.6, 0],
			"to": [5.6, 7.2, 0.4],
			"rotation": {"angle": 0, "axis": "y", "origin": [8, 0, 13.6]},
			"faces": {
				"north": {"uv": [0.96875, 1.71875, 1.0625, 1.84375], "texture": "#0"},
				"east": {"uv": [0.9375, 1.71875, 0.96875, 1.84375], "texture": "#0"},
				"south": {"uv": [1.09375, 1.71875, 1.1875, 1.84375], "texture": "#0"},
				"west": {"uv": [1.0625, 1.71875, 1.09375, 1.84375], "texture": "#0"},
				"up": {"uv": [1.0625, 1.71875, 0.96875, 1.6875], "texture": "#0"},
				"down": {"uv": [1.15625, 1.6875, 1.0625, 1.71875], "texture": "#0"}
			}
		},
		{
			"name": "hull",
			"from": [10.4, 6.8, 0.4],
			"to": [12.4, 8, 0.8],
			"rotation": {"angle": 0, "axis": "y", "origin": [8, 0, 13.6]},
			"faces": {
				"north": {"uv": [0.03125, 1.3125, 0.1875, 1.40625], "texture": "#0"},
				"east": {"uv": [0, 1.3125, 0.03125, 1.40625], "texture": "#0"},
				"south": {"uv": [0.21875, 1.3125, 0.375, 1.40625], "texture": "#0"},
				"west": {"uv": [0.1875, 1.3125, 0.21875, 1.40625], "texture": "#0"},
				"up": {"uv": [0.1875, 1.3125, 0.03125, 1.28125], "texture": "#0"},
				"down": {"uv": [0.34375, 1.28125, 0.1875, 1.3125], "texture": "#0"}
			}
		},
		{
			"name": "hull",
			"from": [2, 5.6, 0.4],
			"to": [5.6, 8, 0.8],
			"rotation": {"angle": 0, "axis": "y", "origin": [8, 0, 13.6]},
			"faces": {
				"north": {"uv": [2.84375, 5.90625, 3.125, 6.09375], "texture": "#0"},
				"east": {"uv": [2.8125, 5.90625, 2.84375, 6.09375], "texture": "#0"},
				"south": {"uv": [3.15625, 5.90625, 3.4375, 6.09375], "texture": "#0"},
				"west": {"uv": [3.125, 5.90625, 3.15625, 6.09375], "texture": "#0"},
				"up": {"uv": [3.125, 5.90625, 2.84375, 5.875], "texture": "#0"},
				"down": {"uv": [3.40625, 5.875, 3.125, 5.90625], "texture": "#0"}
			}
		},
		{
			"name": "hull",
			"from": [1.2, 3.2, -2.8],
			"to": [14.4, 6.4, -2],
			"rotation": {"angle": 0, "axis": "x", "origin": [8, 0, 6]},
			"faces": {
				"north": {"uv": [0.0625, 0.71875, 1.09375, 0.96875], "texture": "#0"},
				"east": {"uv": [0, 0.71875, 0.0625, 0.96875], "texture": "#0"},
				"south": {"uv": [1.15625, 0.71875, 2.1875, 0.96875], "texture": "#0"},
				"west": {"uv": [1.09375, 0.71875, 1.15625, 0.96875], "texture": "#0"},
				"up": {"uv": [1.09375, 0.71875, 0.0625, 0.65625], "texture": "#0"},
				"down": {"uv": [2.125, 0.65625, 1.09375, 0.71875], "texture": "#0"}
			}
		},
		{
			"name": "hull",
			"from": [4.4, 4.4, 27.6],
			"to": [6.8, 9.2, 29.6],
			"rotation": {"angle": 22.5, "axis": "x", "origin": [5.6, 6.8, 28.6]},
			"faces": {
				"north": {"uv": [1.875, 1.53125, 2.0625, 1.90625], "texture": "#0"},
				"east": {"uv": [1.71875, 1.53125, 1.875, 1.90625], "texture": "#0"},
				"south": {"uv": [2.21875, 1.53125, 2.40625, 1.90625], "texture": "#0"},
				"west": {"uv": [2.0625, 1.53125, 2.21875, 1.90625], "texture": "#0"},
				"up": {"uv": [2.0625, 1.53125, 1.875, 1.375], "texture": "#0"},
				"down": {"uv": [2.25, 1.375, 2.0625, 1.53125], "texture": "#0"}
			}
		},
		{
			"name": "hull",
			"from": [8.8, 4.4, 27.6],
			"to": [11.2, 9.2, 29.6],
			"rotation": {"angle": 22.5, "axis": "x", "origin": [10, 6.8, 28.6]},
			"faces": {
				"north": {"uv": [5.78125, 5.78125, 5.96875, 6.15625], "texture": "#0"},
				"east": {"uv": [5.625, 5.78125, 5.78125, 6.15625], "texture": "#0"},
				"south": {"uv": [6.125, 5.78125, 6.3125, 6.15625], "texture": "#0"},
				"west": {"uv": [5.96875, 5.78125, 6.125, 6.15625], "texture": "#0"},
				"up": {"uv": [5.96875, 5.78125, 5.78125, 5.625], "texture": "#0"},
				"down": {"uv": [6.15625, 5.625, 5.96875, 5.78125], "texture": "#0"}
			}
		},
		{
			"name": "hull",
			"from": [4.4, 3.2, -3.6],
			"to": [11.2, 6.4, -2.8],
			"rotation": {"angle": 0, "axis": "x", "origin": [8, 2.4, 6]},
			"faces": {
				"north": {"uv": [1, 2.78125, 1.53125, 3.03125], "texture": "#0"},
				"east": {"uv": [0.9375, 2.78125, 1, 3.03125], "texture": "#0"},
				"south": {"uv": [1.59375, 2.78125, 2.125, 3.03125], "texture": "#0"},
				"west": {"uv": [1.53125, 2.78125, 1.59375, 3.03125], "texture": "#0"},
				"up": {"uv": [1.53125, 2.78125, 1, 2.71875], "texture": "#0"},
				"down": {"uv": [2.0625, 2.71875, 1.53125, 2.78125], "texture": "#0"}
			}
		},
		{
			"name": "hull",
			"from": [11.2, 7.2, -0.8],
			"to": [11.6, 7.6, 0.4],
			"rotation": {"angle": 0, "axis": "y", "origin": [8, 0, 13.6]},
			"faces": {
				"north": {"uv": [1.1875, 1.84375, 1.21875, 1.875], "texture": "#0"},
				"east": {"uv": [1.09375, 1.84375, 1.1875, 1.875], "texture": "#0"},
				"south": {"uv": [1.3125, 1.84375, 1.34375, 1.875], "texture": "#0"},
				"west": {"uv": [1.21875, 1.84375, 1.3125, 1.875], "texture": "#0"},
				"up": {"uv": [1.21875, 1.84375, 1.1875, 1.75], "texture": "#0"},
				"down": {"uv": [1.25, 1.75, 1.21875, 1.84375], "texture": "#0"}
			}
		},
		{
			"name": "hull",
			"from": [6.4, 8.8, 21.2],
			"to": [9.2, 9.2, 24.8],
			"rotation": {"angle": 0, "axis": "y", "origin": [8, 0, 13.6]},
			"faces": {
				"north": {"uv": [1.125, 4.21875, 1.34375, 4.25], "texture": "#0"},
				"east": {"uv": [0.84375, 4.21875, 1.125, 4.25], "texture": "#0"},
				"south": {"uv": [1.625, 4.21875, 1.84375, 4.25], "texture": "#0"},
				"west": {"uv": [1.34375, 4.21875, 1.625, 4.25], "texture": "#0"},
				"up": {"uv": [1.34375, 4.21875, 1.125, 3.9375], "texture": "#0"},
				"down": {"uv": [1.5625, 3.9375, 1.34375, 4.21875], "texture": "#0"}
			}
		},
		{
			"name": "hull",
			"from": [16.8, 6.4, 6.4],
			"to": [17.6, 8.4, 23.2],
			"rotation": {"angle": 0, "axis": "y", "origin": [8, 0, 13.6]},
			"faces": {
				"north": {"uv": [8.46875, 1.3125, 8.53125, 1.46875], "texture": "#0"},
				"east": {"uv": [7.15625, 1.3125, 8.46875, 1.46875], "texture": "#0"},
				"south": {"uv": [9.84375, 1.3125, 9.90625, 1.46875], "texture": "#0"},
				"west": {"uv": [8.53125, 1.3125, 9.84375, 1.46875], "texture": "#0"},
				"up": {"uv": [8.53125, 1.3125, 8.46875, 0], "texture": "#0"},
				"down": {"uv": [8.59375, 0, 8.53125, 1.3125], "texture": "#0"}
			}
		},
		{
			"name": "hull",
			"from": [-2.8, 6.6, 6.4],
			"to": [-1.2, 8.6, 10],
			"rotation": {"angle": 0, "axis": "y", "origin": [8, 0, 13.6]},
			"faces": {
				"north": {"uv": [5.90625, 3.28125, 6.03125, 3.4375], "texture": "#0"},
				"east": {"uv": [5.625, 3.28125, 5.90625, 3.4375], "texture": "#0"},
				"south": {"uv": [6.3125, 3.28125, 6.4375, 3.4375], "texture": "#0"},
				"west": {"uv": [6.03125, 3.28125, 6.3125, 3.4375], "texture": "#0"},
				"up": {"uv": [6.03125, 3.28125, 5.90625, 3], "texture": "#0"},
				"down": {"uv": [6.15625, 3, 6.03125, 3.28125], "texture": "#0"}
			}
		},
		{
			"name": "turret",
			"from": [3.6, 8.8, 6.8],
			"to": [12, 13.2, 16],
			"rotation": {"angle": 0, "axis": "y", "origin": [8, 0, 13.6]},
			"faces": {
				"north": {"uv": [0.71875, 7.96875, 1.375, 8.3125], "texture": "#0"},
				"east": {"uv": [0, 7.96875, 0.71875, 8.3125], "texture": "#0"},
				"south": {"uv": [2.09375, 7.96875, 2.75, 8.3125], "texture": "#0"},
				"west": {"uv": [1.375, 7.96875, 2.09375, 8.3125], "texture": "#0"},
				"up": {"uv": [1.375, 7.96875, 0.71875, 7.25], "texture": "#0"},
				"down": {"uv": [2.03125, 7.25, 1.375, 7.96875], "texture": "#0"}
			}
		},
		{
			"name": "turret",
			"from": [2.4, 9.2, 6],
			"to": [13.2, 12.8, 6.8],
			"rotation": {"angle": 0, "axis": "y", "origin": [8, 0, 13.6]},
			"faces": {
				"north": {"uv": [0.0625, 4.4375, 0.90625, 4.71875], "texture": "#0"},
				"east": {"uv": [0, 4.4375, 0.0625, 4.71875], "texture": "#0"},
				"south": {"uv": [0.96875, 4.4375, 1.8125, 4.71875], "texture": "#0"},
				"west": {"uv": [0.90625, 4.4375, 0.96875, 4.71875], "texture": "#0"},
				"up": {"uv": [0.90625, 4.4375, 0.0625, 4.375], "texture": "#0"},
				"down": {"uv": [1.75, 4.375, 0.90625, 4.4375], "texture": "#0"}
			}
		},
		{
			"name": "turret",
			"from": [2.6, 9.2, 15.8],
			"to": [13, 13.2, 20.2],
			"rotation": {"angle": 0, "axis": "y", "origin": [8, 0, 13.6]},
			"faces": {
				"north": {"uv": [0.34375, 0.34375, 1, 0.65625], "texture": "#0"},
				"east": {"uv": [0, 0.34375, 0.34375, 0.65625], "texture": "#0"},
				"south": {"uv": [1.34375, 0.34375, 2, 0.65625], "texture": "#0"},
				"west": {"uv": [1, 0.34375, 1.34375, 0.65625], "texture": "#0"},
				"up": {"uv": [1, 0.34375, 0.34375, 0], "texture": "#0"},
				"down": {"uv": [1.65625, 0, 1, 0.34375], "texture": "#0"}
			}
		},
		{
			"name": "turret",
			"from": [11.6, 9.2, 5.6],
			"to": [12.8, 12.8, 6],
			"rotation": {"angle": 0, "axis": "y", "origin": [8, 0, 13.6]},
			"faces": {
				"north": {"uv": [0.03125, 0.03125, 0.125, 0.3125], "texture": "#0"},
				"east": {"uv": [0, 0.03125, 0.03125, 0.3125], "texture": "#0"},
				"south": {"uv": [0.15625, 0.03125, 0.25, 0.3125], "texture": "#0"},
				"west": {"uv": [0.125, 0.03125, 0.15625, 0.3125], "texture": "#0"},
				"up": {"uv": [0.125, 0.03125, 0.03125, 0], "texture": "#0"},
				"down": {"uv": [0.21875, 0, 0.125, 0.03125], "texture": "#0"}
			}
		},
		{
			"name": "turret",
			"from": [2.8, 9.2, 5.6],
			"to": [4, 12.8, 6],
			"rotation": {"angle": 0, "axis": "y", "origin": [8, 0, 13.6]},
			"faces": {
				"north": {"uv": [0.03125, 1, 0.125, 1.28125], "texture": "#0"},
				"east": {"uv": [0, 1, 0.03125, 1.28125], "texture": "#0"},
				"south": {"uv": [0.15625, 1, 0.25, 1.28125], "texture": "#0"},
				"west": {"uv": [0.125, 1, 0.15625, 1.28125], "texture": "#0"},
				"up": {"uv": [0.125, 1, 0.03125, 0.96875], "texture": "#0"},
				"down": {"uv": [0.21875, 0.96875, 0.125, 1], "texture": "#0"}
			}
		},
		{
			"name": "turret",
			"from": [11, 8.8, 7.2],
			"to": [14.4, 13.2, 14.4],
			"rotation": {"angle": 0, "axis": "y", "origin": [8, 0.8, 8]},
			"faces": {
				"north": {"uv": [0.5625, 3.28125, 0.75, 3.625], "texture": "#0"},
				"east": {"uv": [0, 3.28125, 0.5625, 3.625], "texture": "#0"},
				"south": {"uv": [1.3125, 3.28125, 1.5, 3.625], "texture": "#0"},
				"west": {"uv": [0.75, 3.28125, 1.3125, 3.625], "texture": "#0"},
				"up": {"uv": [0.75, 3.28125, 0.5625, 2.71875], "texture": "#0"},
				"down": {"uv": [0.9375, 2.71875, 0.75, 3.28125], "texture": "#0"}
			}
		},
		{
			"name": "turret",
			"from": [1.2, 8.8, 7.2],
			"to": [4.4, 13.2, 14.4],
			"rotation": {"angle": 0, "axis": "y", "origin": [8, 0.8, 8]},
			"faces": {
				"north": {"uv": [0.5625, 2.09375, 0.75, 2.4375], "texture": "#0"},
				"east": {"uv": [0, 2.09375, 0.5625, 2.4375], "texture": "#0"},
				"south": {"uv": [1.3125, 2.09375, 1.5, 2.4375], "texture": "#0"},
				"west": {"uv": [0.75, 2.09375, 1.3125, 2.4375], "texture": "#0"},
				"up": {"uv": [0.75, 2.09375, 0.5625, 1.53125], "texture": "#0"},
				"down": {"uv": [0.9375, 1.53125, 0.75, 2.09375], "texture": "#0"}
			}
		},
		{
			"name": "turret",
			"from": [6, 9.2, 5.6],
			"to": [9.6, 12.8, 6],
			"rotation": {"angle": 0, "axis": "y", "origin": [8, 0, 13.6]},
			"faces": {
				"north": {"uv": [0.03125, 3.65625, 0.3125, 3.9375], "texture": "#0"},
				"east": {"uv": [0, 3.65625, 0.03125, 3.9375], "texture": "#0"},
				"south": {"uv": [0.34375, 3.65625, 0.625, 3.9375], "texture": "#0"},
				"west": {"uv": [0.3125, 3.65625, 0.34375, 3.9375], "texture": "#0"},
				"up": {"uv": [0.3125, 3.65625, 0.03125, 3.625], "texture": "#0"},
				"down": {"uv": [0.59375, 3.625, 0.3125, 3.65625], "texture": "#0"}
			}
		},
		{
			"name": "turret",
			"from": [6.4, 9.6, 2],
			"to": [9.2, 12.4, 5.6],
			"rotation": {"angle": 0, "axis": "y", "origin": [8, 0, 13.6]},
			"faces": {
				"north": {"uv": [4.03125, 5.375, 4.25, 5.59375], "texture": "#0"},
				"east": {"uv": [3.75, 5.375, 4.03125, 5.59375], "texture": "#0"},
				"south": {"uv": [4.53125, 5.375, 4.75, 5.59375], "texture": "#0"},
				"west": {"uv": [4.25, 5.375, 4.53125, 5.59375], "texture": "#0"},
				"up": {"uv": [4.25, 5.375, 4.03125, 5.09375], "texture": "#0"},
				"down": {"uv": [4.46875, 5.09375, 4.25, 5.375], "texture": "#0"}
			}
		},
		{
			"name": "turret",
			"from": [6.8, 10, -3.2],
			"to": [8.8, 12, 2],
			"rotation": {"angle": 0, "axis": "y", "origin": [8, 0, 13.6]},
			"faces": {
				"north": {"uv": [1.34375, 1.9375, 1.5, 2.09375], "texture": "#0"},
				"east": {"uv": [0.9375, 1.9375, 1.34375, 2.09375], "texture": "#0"},
				"south": {"uv": [1.90625, 1.9375, 2.0625, 2.09375], "texture": "#0"},
				"west": {"uv": [1.5, 1.9375, 1.90625, 2.09375], "texture": "#0"},
				"up": {"uv": [1.5, 1.9375, 1.34375, 1.53125], "texture": "#0"},
				"down": {"uv": [1.65625, 1.53125, 1.5, 1.9375], "texture": "#0"}
			}
		},
		{
			"name": "turret",
			"from": [6.8, 10, -14.4],
			"to": [8.8, 12, -11.6],
			"rotation": {"angle": 0, "axis": "y", "origin": [8, 0, 13.6]},
			"faces": {
				"north": {"uv": [5.78125, 2.03125, 5.9375, 2.1875], "texture": "#0"},
				"east": {"uv": [5.5625, 2.03125, 5.78125, 2.1875], "texture": "#0"},
				"south": {"uv": [6.15625, 2.03125, 6.3125, 2.1875], "texture": "#0"},
				"west": {"uv": [5.9375, 2.03125, 6.15625, 2.1875], "texture": "#0"},
				"up": {"uv": [5.9375, 2.03125, 5.78125, 1.8125], "texture": "#0"},
				"down": {"uv": [6.09375, 1.8125, 5.9375, 2.03125], "texture": "#0"}
			}
		},
		{
			"name": "turret",
			"from": [11.18685, 8.8, 13.61374],
			"to": [14.38685, 13.2, 15.61374],
			"rotation": {"angle": 0, "axis": "y", "origin": [7.98685, 0.8, 8.01374]},
			"faces": {
				"north": {"uv": [5.78125, 5.28125, 6.03125, 5.625], "texture": "#0"},
				"east": {"uv": [5.625, 5.28125, 5.78125, 5.625], "texture": "#0"},
				"south": {"uv": [6.1875, 5.28125, 6.4375, 5.625], "texture": "#0"},
				"west": {"uv": [6.03125, 5.28125, 6.1875, 5.625], "texture": "#0"},
				"up": {"uv": [6.03125, 5.28125, 5.78125, 5.125], "texture": "#0"},
				"down": {"uv": [6.28125, 5.125, 6.03125, 5.28125], "texture": "#0"}
			}
		},
		{
			"name": "turret",
			"from": [15.47524, 8.8, 9.51755],
			"to": [18.67524, 13.2, 11.51755],
			"rotation": {"angle": -45, "axis": "y", "origin": [8.67524, 0.8, 7.11755]},
			"faces": {
				"north": {"uv": [5.59375, 1.46875, 5.84375, 1.8125], "texture": "#0"},
				"east": {"uv": [5.4375, 1.46875, 5.59375, 1.8125], "texture": "#0"},
				"south": {"uv": [6, 1.46875, 6.25, 1.8125], "texture": "#0"},
				"west": {"uv": [5.84375, 1.46875, 6, 1.8125], "texture": "#0"},
				"up": {"uv": [5.84375, 1.46875, 5.59375, 1.3125], "texture": "#0"},
				"down": {"uv": [6.09375, 1.3125, 5.84375, 1.46875], "texture": "#0"}
			}
		},
		{
			"name": "turret",
			"from": [1.2143, 8.8, 13.56143],
			"to": [4.4143, 13.2, 15.56143],
			"rotation": {"angle": 0, "axis": "y", "origin": [8.0143, 0.8, 7.96143]},
			"faces": {
				"north": {"uv": [3.75, 5.75, 4, 6.09375], "texture": "#0"},
				"east": {"uv": [3.59375, 5.75, 3.75, 6.09375], "texture": "#0"},
				"south": {"uv": [4.15625, 5.75, 4.40625, 6.09375], "texture": "#0"},
				"west": {"uv": [4, 5.75, 4.15625, 6.09375], "texture": "#0"},
				"up": {"uv": [4, 5.75, 3.75, 5.59375], "texture": "#0"},
				"down": {"uv": [4.25, 5.59375, 4, 5.75], "texture": "#0"}
			}
		},
		{
			"name": "turret",
			"from": [-3.30803, 8.8, 8.917],
			"to": [-0.10803, 13.2, 10.917],
			"rotation": {"angle": 45, "axis": "y", "origin": [7.49197, 0.8, 6.517]},
			"faces": {
				"north": {"uv": [5.59375, 0.96875, 5.84375, 1.3125], "texture": "#0"},
				"east": {"uv": [5.4375, 0.96875, 5.59375, 1.3125], "texture": "#0"},
				"south": {"uv": [6, 0.96875, 6.25, 1.3125], "texture": "#0"},
				"west": {"uv": [5.84375, 0.96875, 6, 1.3125], "texture": "#0"},
				"up": {"uv": [5.84375, 0.96875, 5.59375, 0.8125], "texture": "#0"},
				"down": {"uv": [6.09375, 0.8125, 5.84375, 0.96875], "texture": "#0"}
			}
		},
		{
			"name": "turret",
			"from": [7.8072, 9.2, 17.42143],
			"to": [9.8072, 13.2, 21.42143],
			"rotation": {"angle": 22.5, "axis": "y", "origin": [7.0072, 0.8, 9.02143]},
			"faces": {
				"north": {"uv": [4.8125, 0.3125, 4.96875, 0.625], "texture": "#0"},
				"east": {"uv": [4.5, 0.3125, 4.8125, 0.625], "texture": "#0"},
				"south": {"uv": [5.28125, 0.3125, 5.4375, 0.625], "texture": "#0"},
				"west": {"uv": [4.96875, 0.3125, 5.28125, 0.625], "texture": "#0"},
				"up": {"uv": [4.96875, 0.3125, 4.8125, 0], "texture": "#0"},
				"down": {"uv": [5.125, 0, 4.96875, 0.3125], "texture": "#0"}
			}
		},
		{
			"name": "turret",
			"from": [5.75249, 9.2, 16.85007],
			"to": [7.75249, 13.2, 20.85007],
			"rotation": {"angle": -22.5, "axis": "y", "origin": [6.95249, 0.8, 8.85007]},
			"faces": {
				"north": {"uv": [1.5, 3.625, 1.65625, 3.9375], "texture": "#0"},
				"east": {"uv": [1.1875, 3.625, 1.5, 3.9375], "texture": "#0"},
				"south": {"uv": [1.96875, 3.625, 2.125, 3.9375], "texture": "#0"},
				"west": {"uv": [1.65625, 3.625, 1.96875, 3.9375], "texture": "#0"},
				"up": {"uv": [1.65625, 3.625, 1.5, 3.3125], "texture": "#0"},
				"down": {"uv": [1.8125, 3.3125, 1.65625, 3.625], "texture": "#0"}
			}
		},
		{
			"name": "turret",
			"from": [4.8, 13.2, 10],
			"to": [10.8, 14.4, 16],
			"rotation": {"angle": 0, "axis": "y", "origin": [8, 0, 13.6]},
			"faces": {
				"north": {"uv": [0.46875, 1.4375, 0.9375, 1.53125], "texture": "#0"},
				"east": {"uv": [0, 1.4375, 0.46875, 1.53125], "texture": "#0"},
				"south": {"uv": [1.40625, 1.4375, 1.875, 1.53125], "texture": "#0"},
				"west": {"uv": [0.9375, 1.4375, 1.40625, 1.53125], "texture": "#0"},
				"up": {"uv": [0.9375, 1.4375, 0.46875, 0.96875], "texture": "#0"},
				"down": {"uv": [1.40625, 0.96875, 0.9375, 1.4375], "texture": "#0"}
			}
		},
		{
			"name": "turret",
			"from": [5.2, 14.4, 10.57047],
			"to": [10.4, 14.8, 15.77047],
			"rotation": {"angle": 0, "axis": "x", "origin": [7.8, 16.09063, 16.17047]},
			"faces": {
				"north": {"uv": [6.28125, 0, 5.875, 0.03125], "rotation": 180, "texture": "#0"},
				"east": {"uv": [5.4375, 0.03125, 5.46875, 0.4375], "rotation": 270, "texture": "#0"},
				"south": {"uv": [5.875, 0.03125, 5.46875, 0], "texture": "#0"},
				"west": {"uv": [5.875, 0.03125, 5.90625, 0.4375], "rotation": 90, "texture": "#0"},
				"up": {"uv": [5.46875, 0.03125, 5.875, 0.4375], "rotation": 180, "texture": "#0"},
				"down": {"uv": [5.90625, 0.03125, 6.3125, 0.4375], "texture": "#0"}
			}
		},
		{
			"name": "turret",
			"from": [0.8, 10.8, 6],
			"to": [2, 12.8, 8],
			"rotation": {"angle": 0, "axis": "x", "origin": [8, 0.8, 8]},
			"faces": {
				"north": {"uv": [0.15625, 2.875, 0.25, 3.03125], "texture": "#0"},
				"east": {"uv": [0, 2.875, 0.15625, 3.03125], "texture": "#0"},
				"south": {"uv": [0.40625, 2.875, 0.5, 3.03125], "texture": "#0"},
				"west": {"uv": [0.25, 2.875, 0.40625, 3.03125], "texture": "#0"},
				"up": {"uv": [0.25, 2.875, 0.15625, 2.71875], "texture": "#0"},
				"down": {"uv": [0.34375, 2.71875, 0.25, 2.875], "texture": "#0"}
			}
		},
		{
			"name": "turret",
			"from": [13.6, 10.8, 6],
			"to": [14.8, 12.8, 8],
			"rotation": {"angle": 0, "axis": "x", "origin": [8, 0.8, 8]},
			"faces": {
				"north": {"uv": [0.15625, 1.6875, 0.25, 1.84375], "texture": "#0"},
				"east": {"uv": [0, 1.6875, 0.15625, 1.84375], "texture": "#0"},
				"south": {"uv": [0.40625, 1.6875, 0.5, 1.84375], "texture": "#0"},
				"west": {"uv": [0.25, 1.6875, 0.40625, 1.84375], "texture": "#0"},
				"up": {"uv": [0.25, 1.6875, 0.15625, 1.53125], "texture": "#0"},
				"down": {"uv": [0.34375, 1.53125, 0.25, 1.6875], "texture": "#0"}
			}
		},
		{
			"name": "turret",
			"from": [7.2, 10.4, -11.6],
			"to": [8.4, 11.6, -3.2],
			"rotation": {"angle": 0, "axis": "y", "origin": [8, 0, 13.6]},
			"faces": {
				"north": {"uv": [0.65625, 4.28125, 0.75, 4.375], "texture": "#0"},
				"east": {"uv": [0, 4.28125, 0.65625, 4.375], "texture": "#0"},
				"south": {"uv": [1.40625, 4.28125, 1.5, 4.375], "texture": "#0"},
				"west": {"uv": [0.75, 4.28125, 1.40625, 4.375], "texture": "#0"},
				"up": {"uv": [0.75, 4.28125, 0.65625, 3.625], "texture": "#0"},
				"down": {"uv": [0.84375, 3.625, 0.75, 4.28125], "texture": "#0"}
			}
		},
		{
			"name": "tracks",
			"from": [-3.6, 4.4, -0.8],
			"to": [0.8, 4.8, 26.4],
			"rotation": {"angle": 0, "axis": "y", "origin": [8, 0, 13.6]},
			"faces": {
				"north": {"uv": [4.9375, 7.25, 5.28125, 7.28125], "texture": "#0"},
				"east": {"uv": [2.8125, 7.25, 4.9375, 7.28125], "texture": "#0"},
				"south": {"uv": [7.40625, 7.25, 7.75, 7.28125], "texture": "#0"},
				"west": {"uv": [5.28125, 7.25, 7.40625, 7.28125], "texture": "#0"},
				"up": {"uv": [5.28125, 7.25, 4.9375, 5.125], "texture": "#0"},
				"down": {"uv": [5.625, 5.125, 5.28125, 7.25], "texture": "#0"}
			}
		},
		{
			"name": "tracks",
			"from": [-3.6, 0, 0.4],
			"to": [0.8, 0.4, 25.2],
			"rotation": {"angle": 0, "axis": "y", "origin": [8, 0, 13.6]},
			"faces": {
				"north": {"uv": [7.75, 9.03125, 8.09375, 9.0625], "texture": "#0"},
				"east": {"uv": [5.8125, 9.03125, 7.75, 9.0625], "texture": "#0"},
				"south": {"uv": [10.03125, 9.03125, 10.375, 9.0625], "texture": "#0"},
				"west": {"uv": [8.09375, 9.03125, 10.03125, 9.0625], "texture": "#0"},
				"up": {"uv": [8.09375, 9.03125, 7.75, 7.09375], "texture": "#0"},
				"down": {"uv": [8.4375, 7.09375, 8.09375, 9.03125], "texture": "#0"}
			}
		},
		{
			"name": "tracks",
			"from": [14.8, 0, 0.4],
			"to": [19.2, 0.4, 25.2],
			"rotation": {"angle": 0, "axis": "y", "origin": [8, 0, 13.6]},
			"faces": {
				"north": {"uv": [7.5625, 7.0625, 7.90625, 7.09375], "texture": "#0"},
				"east": {"uv": [5.625, 7.0625, 7.5625, 7.09375], "texture": "#0"},
				"south": {"uv": [9.84375, 7.0625, 10.1875, 7.09375], "texture": "#0"},
				"west": {"uv": [7.90625, 7.0625, 9.84375, 7.09375], "texture": "#0"},
				"up": {"uv": [7.90625, 7.0625, 7.5625, 5.125], "texture": "#0"},
				"down": {"uv": [8.25, 5.125, 7.90625, 7.0625], "texture": "#0"}
			}
		},
		{
			"name": "tracks",
			"from": [14.8, 4.40722, -0.70389],
			"to": [19.2, 4.80722, 26.49611],
			"rotation": {"angle": 0, "axis": "y", "origin": [8, 0, 13.6]},
			"faces": {
				"north": {"uv": [2.125, 7.21875, 2.46875, 7.25], "texture": "#0"},
				"east": {"uv": [0, 7.21875, 2.125, 7.25], "texture": "#0"},
				"south": {"uv": [4.59375, 7.21875, 4.9375, 7.25], "texture": "#0"},
				"west": {"uv": [2.46875, 7.21875, 4.59375, 7.25], "texture": "#0"},
				"up": {"uv": [2.46875, 7.21875, 2.125, 5.09375], "texture": "#0"},
				"down": {"uv": [2.8125, 5.09375, 2.46875, 7.21875], "texture": "#0"}
			}
		},
		{
			"name": "tracks",
			"from": [-3.6, 4, 2],
			"to": [0.8, 7.6, 2.4],
			"rotation": {"angle": -45, "axis": "x", "origin": [6.8, 0, 6]},
			"faces": {
				"north": {"uv": [0.78125, 5.6875, 1.125, 5.96875], "texture": "#0"},
				"east": {"uv": [0.75, 5.6875, 0.78125, 5.96875], "texture": "#0"},
				"south": {"uv": [1.15625, 5.6875, 1.5, 5.96875], "texture": "#0"},
				"west": {"uv": [1.125, 5.6875, 1.15625, 5.96875], "texture": "#0"},
				"up": {"uv": [1.125, 5.6875, 0.78125, 5.65625], "texture": "#0"},
				"down": {"uv": [1.46875, 5.65625, 1.125, 5.6875], "texture": "#0"}
			}
		},
		{
			"name": "tracks",
			"from": [-3.6, 13.6, 19.2],
			"to": [0.8, 17.2, 19.6],
			"rotation": {"angle": 45, "axis": "x", "origin": [6.8, 0, 6]},
			"faces": {
				"north": {"uv": [1.53125, 2.125, 1.875, 2.40625], "texture": "#0"},
				"east": {"uv": [1.5, 2.125, 1.53125, 2.40625], "texture": "#0"},
				"south": {"uv": [1.90625, 2.125, 2.25, 2.40625], "texture": "#0"},
				"west": {"uv": [1.875, 2.125, 1.90625, 2.40625], "texture": "#0"},
				"up": {"uv": [1.875, 2.125, 1.53125, 2.09375], "texture": "#0"},
				"down": {"uv": [2.21875, 2.09375, 1.875, 2.125], "texture": "#0"}
			}
		},
		{
			"name": "tracks",
			"from": [14.8, 13.6, 19.2],
			"to": [19.2, 17.2, 19.6],
			"rotation": {"angle": 45, "axis": "x", "origin": [9.2, 0, 6]},
			"faces": {
				"north": {"uv": [1.6875, 0.03125, 2.03125, 0.3125], "texture": "#0"},
				"east": {"uv": [1.65625, 0.03125, 1.6875, 0.3125], "texture": "#0"},
				"south": {"uv": [2.0625, 0.03125, 2.40625, 0.3125], "texture": "#0"},
				"west": {"uv": [2.03125, 0.03125, 2.0625, 0.3125], "texture": "#0"},
				"up": {"uv": [2.03125, 0.03125, 1.6875, 0], "texture": "#0"},
				"down": {"uv": [2.375, 0, 2.03125, 0.03125], "texture": "#0"}
			}
		},
		{
			"name": "tracks",
			"from": [14.8, 4, 2],
			"to": [19.2, 7.6, 2.4],
			"rotation": {"angle": -45, "axis": "x", "origin": [9.2, 0, 6]},
			"faces": {
				"north": {"uv": [0.03125, 5.6875, 0.375, 5.96875], "texture": "#0"},
				"east": {"uv": [0, 5.6875, 0.03125, 5.96875], "texture": "#0"},
				"south": {"uv": [0.40625, 5.6875, 0.75, 5.96875], "texture": "#0"},
				"west": {"uv": [0.375, 5.6875, 0.40625, 5.96875], "texture": "#0"},
				"up": {"uv": [0.375, 5.6875, 0.03125, 5.65625], "texture": "#0"},
				"down": {"uv": [0.71875, 5.65625, 0.375, 5.6875], "texture": "#0"}
			}
		},
		{
			"name": "tracks",
			"from": [14.8, -0.8, -2.4],
			"to": [19.2, 1.6, -2],
			"rotation": {"angle": 22.5, "axis": "x", "origin": [9.2, 0, 6]},
			"faces": {
				"north": {"uv": [2.84375, 5.6875, 3.1875, 5.875], "texture": "#0"},
				"east": {"uv": [2.8125, 5.6875, 2.84375, 5.875], "texture": "#0"},
				"south": {"uv": [3.21875, 5.6875, 3.5625, 5.875], "texture": "#0"},
				"west": {"uv": [3.1875, 5.6875, 3.21875, 5.875], "texture": "#0"},
				"up": {"uv": [3.1875, 5.6875, 2.84375, 5.65625], "texture": "#0"},
				"down": {"uv": [3.53125, 5.65625, 3.1875, 5.6875], "texture": "#0"}
			}
		},
		{
			"name": "tracks",
			"from": [14.8, 2.61738, 27.91154],
			"to": [19.2, 4.61738, 28.31154],
			"rotation": {"angle": -22.5, "axis": "x", "origin": [17, 1.81738, 27.11154]},
			"faces": {
				"north": {"uv": [5.65625, 2.75, 6, 2.9375], "texture": "#0"},
				"east": {"uv": [5.625, 2.75, 5.65625, 2.9375], "texture": "#0"},
				"south": {"uv": [6.03125, 2.75, 6.375, 2.9375], "texture": "#0"},
				"west": {"uv": [6, 2.75, 6.03125, 2.9375], "texture": "#0"},
				"up": {"uv": [6, 2.75, 5.65625, 2.71875], "texture": "#0"},
				"down": {"uv": [6.34375, 2.71875, 6, 2.75], "texture": "#0"}
			}
		},
		{
			"name": "tracks",
			"from": [-3.6, -5.60722, 26.90389],
			"to": [0.8, -3.60722, 27.30389],
			"rotation": {"angle": -22.5, "axis": "x", "origin": [6.8, -0.00722, 5.90389]},
			"faces": {
				"north": {"uv": [0.96875, 3.0625, 1.3125, 3.25], "texture": "#0"},
				"east": {"uv": [0.9375, 3.0625, 0.96875, 3.25], "texture": "#0"},
				"south": {"uv": [1.34375, 3.0625, 1.6875, 3.25], "texture": "#0"},
				"west": {"uv": [1.3125, 3.0625, 1.34375, 3.25], "texture": "#0"},
				"up": {"uv": [1.3125, 3.0625, 0.96875, 3.03125], "texture": "#0"},
				"down": {"uv": [1.65625, 3.03125, 1.3125, 3.0625], "texture": "#0"}
			}
		},
		{
			"name": "tracks",
			"from": [-3.6, 2.48047, -1.47608],
			"to": [0.8, 4.88047, -1.07608],
			"rotation": {"angle": 22.5, "axis": "x", "origin": [-1.4, 3.68047, -1.27608]},
			"faces": {
				"north": {"uv": [5.65625, 3.875, 6, 4.0625], "texture": "#0"},
				"east": {"uv": [5.625, 3.875, 5.65625, 4.0625], "texture": "#0"},
				"south": {"uv": [6.03125, 3.875, 6.375, 4.0625], "texture": "#0"},
				"west": {"uv": [6, 3.875, 6.03125, 4.0625], "texture": "#0"},
				"up": {"uv": [6, 3.875, 5.65625, 3.84375], "texture": "#0"},
				"down": {"uv": [6.34375, 3.84375, 6, 3.875], "texture": "#0"}
			}
		},
		{
			"name": "wheel1",
			"from": [-3.2, 1.6, -0.4],
			"to": [1.2, 4, 2],
			"rotation": {"angle": 0, "axis": "y", "origin": [8, 0, 13.6]},
			"faces": {
				"north": {"uv": [5.15625, 4.59375, 5.5, 4.78125], "texture": "#0"},
				"east": {"uv": [4.96875, 4.59375, 5.15625, 4.78125], "texture": "#0"},
				"south": {"uv": [5.6875, 4.59375, 6.03125, 4.78125], "texture": "#0"},
				"west": {"uv": [5.5, 4.59375, 5.6875, 4.78125], "texture": "#0"},
				"up": {"uv": [5.5, 4.59375, 5.15625, 4.40625], "texture": "#0"},
				"down": {"uv": [5.84375, 4.40625, 5.5, 4.59375], "texture": "#0"}
			}
		},
		{
			"name": "wheel2",
			"from": [-3.2, 0.4, 2.8],
			"to": [-0.8, 4, 6.4],
			"rotation": {"angle": 0, "axis": "y", "origin": [8, 0, 13.6]},
			"faces": {
				"north": {"uv": [3.09375, 5.375, 3.28125, 5.65625], "texture": "#0"},
				"east": {"uv": [2.8125, 5.375, 3.09375, 5.65625], "texture": "#0"},
				"south": {"uv": [3.5625, 5.375, 3.75, 5.65625], "texture": "#0"},
				"west": {"uv": [3.28125, 5.375, 3.5625, 5.65625], "texture": "#0"},
				"up": {"uv": [3.28125, 5.375, 3.09375, 5.09375], "texture": "#0"},
				"down": {"uv": [3.46875, 5.09375, 3.28125, 5.375], "texture": "#0"}
			}
		},
		{
			"name": "wheel3",
			"from": [-3.2, 0.4, 8],
			"to": [-0.8, 4, 11.6],
			"rotation": {"angle": 0, "axis": "y", "origin": [8, 0, 13.6]},
			"faces": {
				"north": {"uv": [1.21875, 5.375, 1.40625, 5.65625], "texture": "#0"},
				"east": {"uv": [0.9375, 5.375, 1.21875, 5.65625], "texture": "#0"},
				"south": {"uv": [1.6875, 5.375, 1.875, 5.65625], "texture": "#0"},
				"west": {"uv": [1.40625, 5.375, 1.6875, 5.65625], "texture": "#0"},
				"up": {"uv": [1.40625, 5.375, 1.21875, 5.09375], "texture": "#0"},
				"down": {"uv": [1.59375, 5.09375, 1.40625, 5.375], "texture": "#0"}
			}
		},
		{
			"name": "wheel4",
			"from": [-3.2, 0.4, 13.2],
			"to": [-0.8, 4, 16.8],
			"rotation": {"angle": 0, "axis": "y", "origin": [8, 0, 13.6]},
			"faces": {
				"north": {"uv": [0.28125, 5.375, 0.46875, 5.65625], "texture": "#0"},
				"east": {"uv": [0, 5.375, 0.28125, 5.65625], "texture": "#0"},
				"south": {"uv": [0.75, 5.375, 0.9375, 5.65625], "texture": "#0"},
				"west": {"uv": [0.46875, 5.375, 0.75, 5.65625], "texture": "#0"},
				"up": {"uv": [0.46875, 5.375, 0.28125, 5.09375], "texture": "#0"},
				"down": {"uv": [0.65625, 5.09375, 0.46875, 5.375], "texture": "#0"}
			}
		},
		{
			"name": "wheel5",
			"from": [-3.2, 0.4, 18.4],
			"to": [-0.8, 4, 22],
			"rotation": {"angle": 0, "axis": "y", "origin": [8, 0, 13.6]},
			"faces": {
				"north": {"uv": [4.78125, 0.90625, 4.96875, 1.1875], "texture": "#0"},
				"east": {"uv": [4.5, 0.90625, 4.78125, 1.1875], "texture": "#0"},
				"south": {"uv": [5.25, 0.90625, 5.4375, 1.1875], "texture": "#0"},
				"west": {"uv": [4.96875, 0.90625, 5.25, 1.1875], "texture": "#0"},
				"up": {"uv": [4.96875, 0.90625, 4.78125, 0.625], "texture": "#0"},
				"down": {"uv": [5.15625, 0.625, 4.96875, 0.90625], "texture": "#0"}
			}
		},
		{
			"name": "wheel6",
			"from": [-2.8, 1.6, 23.6],
			"to": [1.2, 4, 26],
			"rotation": {"angle": 0, "axis": "y", "origin": [8, 0, 13.6]},
			"faces": {
				"north": {"uv": [1.59375, 1.15625, 1.90625, 1.34375], "texture": "#0"},
				"east": {"uv": [1.40625, 1.15625, 1.59375, 1.34375], "texture": "#0"},
				"south": {"uv": [2.09375, 1.15625, 2.40625, 1.34375], "texture": "#0"},
				"west": {"uv": [1.90625, 1.15625, 2.09375, 1.34375], "texture": "#0"},
				"up": {"uv": [1.90625, 1.15625, 1.59375, 0.96875], "texture": "#0"},
				"down": {"uv": [2.21875, 0.96875, 1.90625, 1.15625], "texture": "#0"}
			}
		},
		{
			"name": "wheel7",
			"from": [14.4, 1.6, 23.6],
			"to": [18.4, 4, 26],
			"rotation": {"angle": 0, "axis": "y", "origin": [8, 0, 13.6]},
			"faces": {
				"north": {"uv": [5.4375, 0.625, 5.75, 0.8125], "texture": "#0"},
				"east": {"uv": [5.25, 0.625, 5.4375, 0.8125], "texture": "#0"},
				"south": {"uv": [5.9375, 0.625, 6.25, 0.8125], "texture": "#0"},
				"west": {"uv": [5.75, 0.625, 5.9375, 0.8125], "texture": "#0"},
				"up": {"uv": [5.75, 0.625, 5.4375, 0.4375], "texture": "#0"},
				"down": {"uv": [6.0625, 0.4375, 5.75, 0.625], "texture": "#0"}
			}
		},
		{
			"name": "wheel8",
			"from": [16.4, 0.4, 18.4],
			"to": [18.8, 4, 22],
			"rotation": {"angle": 0, "axis": "y", "origin": [8, 0, 13.6]},
			"faces": {
				"north": {"uv": [4.78125, 1.46875, 4.96875, 1.75], "texture": "#0"},
				"east": {"uv": [4.5, 1.46875, 4.78125, 1.75], "texture": "#0"},
				"south": {"uv": [5.25, 1.46875, 5.4375, 1.75], "texture": "#0"},
				"west": {"uv": [4.96875, 1.46875, 5.25, 1.75], "texture": "#0"},
				"up": {"uv": [4.96875, 1.46875, 4.78125, 1.1875], "texture": "#0"},
				"down": {"uv": [5.15625, 1.1875, 4.96875, 1.46875], "texture": "#0"}
			}
		},
		{
			"name": "wheel9",
			"from": [16.4, 0.4, 13.2],
			"to": [18.8, 4, 16.8],
			"rotation": {"angle": 0, "axis": "y", "origin": [8, 0, 13.6]},
			"faces": {
				"north": {"uv": [5.25, 3, 5.4375, 3.28125], "texture": "#0"},
				"east": {"uv": [4.96875, 3, 5.25, 3.28125], "texture": "#0"},
				"south": {"uv": [5.71875, 3, 5.90625, 3.28125], "texture": "#0"},
				"west": {"uv": [5.4375, 3, 5.71875, 3.28125], "texture": "#0"},
				"up": {"uv": [5.4375, 3, 5.25, 2.71875], "texture": "#0"},
				"down": {"uv": [5.625, 2.71875, 5.4375, 3], "texture": "#0"}
			}
		},
		{
			"name": "wheel10",
			"from": [16.4, 0.4, 8],
			"to": [18.8, 4, 11.6],
			"rotation": {"angle": 0, "axis": "y", "origin": [8, 0, 13.6]},
			"faces": {
				"north": {"uv": [5.25, 3.5625, 5.4375, 3.84375], "texture": "#0"},
				"east": {"uv": [4.96875, 3.5625, 5.25, 3.84375], "texture": "#0"},
				"south": {"uv": [5.71875, 3.5625, 5.90625, 3.84375], "texture": "#0"},
				"west": {"uv": [5.4375, 3.5625, 5.71875, 3.84375], "texture": "#0"},
				"up": {"uv": [5.4375, 3.5625, 5.25, 3.28125], "texture": "#0"},
				"down": {"uv": [5.625, 3.28125, 5.4375, 3.5625], "texture": "#0"}
			}
		},
		{
			"name": "wheel11",
			"from": [16.4, 0.4, 2.8],
			"to": [18.8, 4, 6.4],
			"rotation": {"angle": 0, "axis": "y", "origin": [8, 0, 13.6]},
			"faces": {
				"north": {"uv": [5.25, 4.125, 5.4375, 4.40625], "texture": "#0"},
				"east": {"uv": [4.96875, 4.125, 5.25, 4.40625], "texture": "#0"},
				"south": {"uv": [5.71875, 4.125, 5.90625, 4.40625], "texture": "#0"},
				"west": {"uv": [5.4375, 4.125, 5.71875, 4.40625], "texture": "#0"},
				"up": {"uv": [5.4375, 4.125, 5.25, 3.84375], "texture": "#0"},
				"down": {"uv": [5.625, 3.84375, 5.4375, 4.125], "texture": "#0"}
			}
		},
		{
			"name": "wheel12",
			"from": [14.4, 1.6, -0.4],
			"to": [18.8, 4, 2],
			"rotation": {"angle": 0, "axis": "y", "origin": [8, 0, 13.6]},
			"faces": {
				"north": {"uv": [4.6875, 1.9375, 5.03125, 2.125], "texture": "#0"},
				"east": {"uv": [4.5, 1.9375, 4.6875, 2.125], "texture": "#0"},
				"south": {"uv": [5.21875, 1.9375, 5.5625, 2.125], "texture": "#0"},
				"west": {"uv": [5.03125, 1.9375, 5.21875, 2.125], "texture": "#0"},
				"up": {"uv": [5.03125, 1.9375, 4.6875, 1.75], "texture": "#0"},
				"down": {"uv": [5.375, 1.75, 5.03125, 1.9375], "texture": "#0"}
			}
		}
	],
	"display": {
		"head": {
			"translation": [0, -8.75, 0],
			"scale": [4, 4, 4]
		}
	},
	"groups": [
		{
			"name": "tiger",
			"origin": [8, 0, 6],
			"color": 0,
			"children": [
				{
					"name": "hull",
					"origin": [8, 2.4, 17.4],
					"color": 1,
					"children": [0, 1, 2, 3, 4, 5, 6, 7, 8, 9, 10, 11, 12, 13, 14, 15, 16, 17, 18]
				},
				{
					"name": "turret",
					"origin": [7.80021, 11.40484, 24.4],
					"color": 2,
					"children": [19, 20, 21, 22, 23, 24, 25, 26, 27, 28, 29, 30, 31, 32, 33, 34, 35, 36, 37, 38, 39, 40]
				},
				{
					"name": "tracks",
					"origin": [8, 0, 17.4],
					"color": 3,
					"children": [41, 42, 43, 44, 45, 46, 47, 48, 49, 50, 51, 52]
				},
				{
					"name": "wheels",
					"origin": [6.8, 0, 17.4],
					"color": 4,
					"children": [
						{
							"name": "wheel1",
							"origin": [-1, 2.8, 12.2],
							"color": 5,
							"children": [53]
						},
						{
							"name": "wheel2",
							"origin": [-2, 2.2, 16],
							"color": 6,
							"children": [54]
						},
						{
							"name": "wheel3",
							"origin": [-2, 2.2, 21.2],
							"color": 7,
							"children": [55]
						},
						{
							"name": "wheel4",
							"origin": [-2, 2.2, 26.4],
							"color": 8,
							"children": [56]
						},
						{
							"name": "wheel5",
							"origin": [-2, 2.2, 31.6],
							"color": 9,
							"children": [57]
						},
						{
							"name": "wheel6",
							"origin": [-0.8, 2.8, 36.2],
							"color": 0,
							"children": [58]
						},
						{
							"name": "wheel7",
							"origin": [16.4, 2.8, 36.2],
							"color": 1,
							"children": [59]
						},
						{
							"name": "wheel8",
							"origin": [17.6, 2.2, 31.6],
							"color": 2,
							"children": [60]
						},
						{
							"name": "wheel9",
							"origin": [17.6, 2.2, 26.4],
							"color": 3,
							"children": [61]
						},
						{
							"name": "wheel10",
							"origin": [17.6, 2.2, 21.2],
							"color": 4,
							"children": [62]
						},
						{
							"name": "wheel11",
							"origin": [17.6, 2.2, 16],
							"color": 5,
							"children": [63]
						},
						{
							"name": "wheel12",
							"origin": [16.6, 2.8, 12.2],
							"color": 6,
							"children": [64]
						}
					]
				}
			]
		}
	]
}