{
	"format_version": "1.12.0",
	"minecraft:geometry": [
		{
			"description": {
				"identifier": "geometry.Pak_40",
				"texture_width": 128,
				"texture_height": 128,
				"visible_bounds_width": 6,
				"visible_bounds_height": 2.5,
				"visible_bounds_offset": [0, 0.75, 0]
			},
			"bones": [
				{
					"name": "Artillery",
					"pivot": [0, 0, 0]
				},
				{
					"name": "Wheels",
					"parent": "Artillery",
					"pivot": [0, -0.25, 0]
				},
				{
					"name": "Wheel1",
					"parent": "Wheels",
					"pivot": [14.625, 5.875, -7.375],
					"cubes": [
						{
							"origin": [13.25, 0, -13.25],
							"size": [2.75, 11.75, 11.75],
							"uv": {
								"north": {"uv": [3, 52], "uv_size": [3, 12]},
								"east": {"uv": [0, 30], "uv_size": [12, 12]},
								"south": {"uv": [6, 52], "uv_size": [3, 12]},
								"west": {"uv": [0, 30], "uv_size": [12, 12]},
								"up": {"uv": [9, 54], "uv_size": [3, 12]},
								"down": {"uv": [12, 66], "uv_size": [3, -12]}
							}
						}
					]
				},
				{
					"name": "Wheel2",
					"parent": "Wheels",
					"pivot": [-14.625, 5.875, -7.375],
					"cubes": [
						{
							"origin": [-16, 0, -13.25],
							"size": [2.75, 11.75, 11.75],
							"uv": {
								"north": {"uv": [6, 52], "uv_size": [-3, 12]},
								"east": {"uv": [12, 30], "uv_size": [-12, 12]},
								"south": {"uv": [9, 52], "uv_size": [-3, 12]},
								"west": {"uv": [12, 30], "uv_size": [-12, 12]},
								"up": {"uv": [12, 54], "uv_size": [-3, 12]},
								"down": {"uv": [15, 66], "uv_size": [-3, -12]}
							}
						}
					]
				},
				{
					"name": "Barrel",
					"parent": "Artillery",
					"pivot": [0, 0, 0]
				},
				{
					"name": "Barrel1",
					"parent": "Barrel",
					"pivot": [0, -0.25, 0],
					"cubes": [
						{
							"origin": [-1.5, 14.5, -38.75],
							"size": [2.75, 2, 23.75],
							"uv": {
								"north": {"uv": [9, 74], "uv_size": [3, 2]},
								"east": {"uv": [51, 48], "uv_size": [24, 2]},
								"south": {"uv": [12, 74], "uv_size": [3, 2]},
								"west": {"uv": [51, 50], "uv_size": [24, 2]},
								"up": {"uv": [36, 50], "uv_size": [3, 24]},
								"down": {"uv": [39, 74], "uv_size": [3, -24]}
							}
						}
					]
				},
				{
					"name": "Barrel2",
					"parent": "Barrel",
					"pivot": [0, -0.25, 0],
					"cubes": [
						{
							"origin": [-1.5, 14.25, -41],
							"size": [2.75, 2.5, 2.25],
							"uv": {
								"north": {"uv": [71, 14], "uv_size": [3, 3]},
								"east": {"uv": [43, 71], "uv_size": [2, 3]},
								"south": {"uv": [71, 17], "uv_size": [3, 3]},
								"west": {"uv": [51, 72], "uv_size": [2, 3]},
								"up": {"uv": [19, 30], "uv_size": [3, 2]},
								"down": {"uv": [73, 2], "uv_size": [3, -2]}
							}
						}
					]
				},
				{
					"name": "Barrel3",
					"parent": "Barrel",
					"pivot": [-0.125, 17.66838, -43.42757],
					"cubes": [
						{
							"origin": [-1.75, 13.91838, -44.60257],
							"size": [3.25, 3, 4.05],
							"uv": {
								"north": {"uv": [60, 72], "uv_size": [3, 3]},
								"east": {"uv": [69, 24], "uv_size": [4, 3]},
								"south": {"uv": [72, 60], "uv_size": [3, 3]},
								"west": {"uv": [69, 36], "uv_size": [4, 3]},
								"up": {"uv": [69, 39], "uv_size": [3, 4]},
								"down": {"uv": [69, 64], "uv_size": [3, -4]}
							}
						}
					]
				},
				{
					"name": "Barrel4",
					"parent": "Barrel",
					"pivot": [-0.125, 17.66838, -43.42757],
					"cubes": [
						{
							"origin": [-1.5, 14.5, -15],
							"size": [2.75, 2.25, 6.5],
							"uv": {
								"north": {"uv": [73, 2], "uv_size": [3, 2]},
								"east": {"uv": [12, 30], "uv_size": [7, 2]},
								"south": {"uv": [73, 4], "uv_size": [3, 2]},
								"west": {"uv": [37, 18], "uv_size": [7, 2]},
								"up": {"uv": [63, 20], "uv_size": [3, 7]},
								"down": {"uv": [53, 71], "uv_size": [3, -7]}
							}
						}
					]
				},
				{
					"name": "BackSupport",
					"parent": "Artillery",
					"pivot": [-0.125, 9.25181, 1.51098],
					"cubes": [
						{
							"origin": [10.84864, 5.14556, 9.0104],
							"size": [2.75, 1.75, 31.75],
							"pivot": [1.25, 8.82015, 16.56137],
							"rotation": [-5.5, 25, 0],
							"uv": {
								"north": {"uv": [73, 6], "uv_size": [3, 2]},
								"east": {"uv": [83, 30], "uv_size": [-32, 2]},
								"south": {"uv": [73, 10], "uv_size": [3, 2]},
								"west": {"uv": [51, 30], "uv_size": [32, 2]},
								"up": {"uv": [30, 44], "uv_size": [3, 32]},
								"down": {"uv": [33, 44], "uv_size": [-3, 32]}
							}
						},
						{
							"origin": [10.84864, 26.85846, 27.11804],
							"size": [2.75, 5, 0.55],
							"pivot": [1.25, 8.82015, 16.56137],
							"rotation": [-70.5, 25, 0],
							"uv": {
								"north": {"uv": [0, 67], "uv_size": [3, 5]},
								"east": {"uv": [68, 72], "uv_size": [-1, 5]},
								"south": {"uv": [67, 0], "uv_size": [3, 5]},
								"west": {"uv": [67, 72], "uv_size": [1, 5]},
								"up": {"uv": [75, 40], "uv_size": [3, 1]},
								"down": {"uv": [75, 42], "uv_size": [3, -1]}
							}
						},
						{
							"origin": [10.84864, -14.51265, 26.29183],
							"size": [2.75, 4.75, 2.1],
							"pivot": [1.25, 8.82015, 16.56137],
							"rotation": [47, 25, 0],
							"uv": {
								"north": {"uv": [53, 71], "uv_size": [3, 3]},
								"east": {"uv": [25, 75], "uv_size": [-1, 3]},
								"south": {"uv": [0, 72], "uv_size": [3, 3]},
								"west": {"uv": [24, 75], "uv_size": [1, 3]},
								"up": {"uv": [75, 22], "uv_size": [3, 1]},
								"down": {"uv": [75, 40], "uv_size": [3, -1]}
							}
						},
						{
							"origin": [10.84864, -12.07937, 29.30131],
							"size": [2.75, 1.6, 4.55],
							"pivot": [1.25, 8.82015, 16.56137],
							"rotation": [44.5, 25, 0],
							"uv": {
								"north": {"uv": [73, 36], "uv_size": [3, 2]},
								"east": {"uv": [75, 56], "uv_size": [-5, 2]},
								"south": {"uv": [73, 72], "uv_size": [3, 2]},
								"west": {"uv": [70, 56], "uv_size": [5, 2]},
								"up": {"uv": [66, 60], "uv_size": [3, 5]},
								"down": {"uv": [66, 70], "uv_size": [3, -5]}
							}
						},
						{
							"origin": [10.84864, 5.52815, 4.7607],
							"size": [2.75, 2.35, 4.1],
							"pivot": [1.25, 8.82015, 16.56137],
							"rotation": [0, 25, 0],
							"uv": {
								"north": {"uv": [15, 73], "uv_size": [3, 2]},
								"east": {"uv": [76, 68], "uv_size": [-4, 2]},
								"south": {"uv": [18, 73], "uv_size": [3, 2]},
								"west": {"uv": [72, 68], "uv_size": [4, 2]},
								"up": {"uv": [68, 14], "uv_size": [3, 4]},
								"down": {"uv": [15, 73], "uv_size": [3, -4]}
							}
						},
						{
							"origin": [10.84864, 5.34634, 5.24431],
							"size": [2.75, 1.1, 4.1],
							"pivot": [1.25, 8.82015, 16.56137],
							"rotation": [-12.5, 25, 0],
							"uv": {
								"north": {"uv": [66, 26], "uv_size": [3, 1]},
								"east": {"uv": [76, 42], "uv_size": [-4, 1]},
								"south": {"uv": [66, 42], "uv_size": [3, 1]},
								"west": {"uv": [72, 42], "uv_size": [4, 1]},
								"up": {"uv": [18, 69], "uv_size": [3, 4]},
								"down": {"uv": [69, 24], "uv_size": [3, -4]}
							}
						},
						{
							"origin": [-13.59864, 5.14556, 9.0104],
							"size": [2.75, 1.75, 31.75],
							"pivot": [-1.25, 8.82015, 16.56137],
							"rotation": [-5.5, -25, 0],
							"uv": {
								"north": {"uv": [76, 6], "uv_size": [-3, 2]},
								"east": {"uv": [83, 30], "uv_size": [-32, 2]},
								"south": {"uv": [76, 10], "uv_size": [-3, 2]},
								"west": {"uv": [51, 30], "uv_size": [32, 2]},
								"up": {"uv": [33, 44], "uv_size": [-3, 32]},
								"down": {"uv": [30, 44], "uv_size": [3, 32]}
							}
						},
						{
							"origin": [-13.59864, -12.07937, 29.30131],
							"size": [2.75, 1.6, 4.55],
							"pivot": [-1.25, 8.82015, 16.56137],
							"rotation": [44.5, -25, 0],
							"uv": {
								"north": {"uv": [76, 36], "uv_size": [-3, 2]},
								"east": {"uv": [75, 56], "uv_size": [-5, 2]},
								"south": {"uv": [76, 72], "uv_size": [-3, 2]},
								"west": {"uv": [70, 56], "uv_size": [5, 2]},
								"up": {"uv": [69, 60], "uv_size": [-3, 5]},
								"down": {"uv": [69, 70], "uv_size": [-3, -5]}
							}
						},
						{
							"origin": [-13.59864, -14.51265, 26.29183],
							"size": [2.75, 4.75, 2.1],
							"pivot": [-1.25, 8.82015, 16.56137],
							"rotation": [47, -25, 0],
							"uv": {
								"north": {"uv": [56, 71], "uv_size": [-3, 3]},
								"east": {"uv": [25, 75], "uv_size": [-1, 3]},
								"south": {"uv": [3, 72], "uv_size": [-3, 3]},
								"west": {"uv": [24, 75], "uv_size": [1, 3]},
								"up": {"uv": [78, 22], "uv_size": [-3, 1]},
								"down": {"uv": [78, 40], "uv_size": [-3, -1]}
							}
						},
						{
							"origin": [-13.59864, 26.85846, 27.11804],
							"size": [2.75, 5, 0.55],
							"pivot": [-1.25, 8.82015, 16.56137],
							"rotation": [-70.5, -25, 0],
							"uv": {
								"north": {"uv": [3, 67], "uv_size": [-3, 5]},
								"east": {"uv": [68, 72], "uv_size": [-1, 5]},
								"south": {"uv": [70, 0], "uv_size": [-3, 5]},
								"west": {"uv": [67, 72], "uv_size": [1, 5]},
								"up": {"uv": [78, 40], "uv_size": [-3, 1]},
								"down": {"uv": [78, 42], "uv_size": [-3, -1]}
							}
						},
						{
							"origin": [-13.59864, 5.52815, 4.7607],
							"size": [2.75, 2.35, 4.1],
							"pivot": [-1.25, 8.82015, 16.56137],
							"rotation": [0, -25, 0],
							"uv": {
								"north": {"uv": [18, 73], "uv_size": [-3, 2]},
								"east": {"uv": [76, 68], "uv_size": [-4, 2]},
								"south": {"uv": [21, 73], "uv_size": [-3, 2]},
								"west": {"uv": [72, 68], "uv_size": [4, 2]},
								"up": {"uv": [71, 14], "uv_size": [-3, 4]},
								"down": {"uv": [18, 73], "uv_size": [-3, -4]}
							}
						},
						{
							"origin": [-13.59864, 5.34634, 5.24431],
							"size": [2.75, 1.1, 4.1],
							"pivot": [-1.25, 8.82015, 16.56137],
							"rotation": [-12.5, -25, 0],
							"uv": {
								"north": {"uv": [69, 26], "uv_size": [-3, 1]},
								"east": {"uv": [76, 42], "uv_size": [-4, 1]},
								"south": {"uv": [69, 42], "uv_size": [-3, 1]},
								"west": {"uv": [72, 42], "uv_size": [4, 1]},
								"up": {"uv": [21, 69], "uv_size": [-3, 4]},
								"down": {"uv": [72, 24], "uv_size": [-3, -4]}
							}
						}
					]
				},
				{
					"name": "Barrier",
					"parent": "Artillery",
					"pivot": [-8.57205, 15.22353, -7.26183],
					"cubes": [
						{
							"origin": [7.82205, 4.52353, -12.76183],
							"size": [1.5, 15.2, 11],
							"pivot": [8.57205, 14.97353, -7.26183],
							"rotation": [-40.53458, 44.72566, -31.03795],
							"uv": {
								"north": {"uv": [45, 60], "uv_size": [2, 15]},
								"east": {"uv": [11, 0], "uv_size": [11, 15]},
								"south": {"uv": [47, 60], "uv_size": [2, 15]},
								"west": {"uv": [11, 0], "uv_size": [11, 15]},
								"up": {"uv": [34, 20], "uv_size": [2, 11]},
								"down": {"uv": [3, 75], "uv_size": [2, -11]}
							}
						},
						{
							"origin": [-4.66518, 6.06822, -10.88128],
							"size": [9.33, 15.2, 1.25],
							"pivot": [-0.00018, 16.4074, -10.25628],
							"rotation": [-27.5, 0, 0],
							"uv": {
								"north": {"uv": [36, 20], "uv_size": [9, 15]},
								"east": {"uv": [29, 54], "uv_size": [1, 15]},
								"south": {"uv": [36, 35], "uv_size": [9, 15]},
								"west": {"uv": [59, 64], "uv_size": [1, 15]},
								"up": {"uv": [63, 27], "uv_size": [9, 1]},
								"down": {"uv": [66, 44], "uv_size": [9, -1]}
							}
						},
						{
							"origin": [-9.32205, 4.52353, -12.76183],
							"size": [1.5, 15.2, 11],
							"pivot": [-8.57205, 14.97353, -7.26183],
							"rotation": [-40.53458, -44.72566, 31.03795],
							"uv": {
								"north": {"uv": [49, 60], "uv_size": [2, 15]},
								"east": {"uv": [0, 15], "uv_size": [11, 15]},
								"south": {"uv": [61, 52], "uv_size": [2, 15]},
								"west": {"uv": [0, 15], "uv_size": [11, 15]},
								"up": {"uv": [5, 64], "uv_size": [2, 11]},
								"down": {"uv": [7, 75], "uv_size": [2, -11]}
							}
						}
					]
				},
				{
					"name": "AmmoLoader",
					"parent": "Artillery",
					"pivot": [-0.125, 13.825, 7.3]
				},
				{
					"name": "Barrel5",
					"parent": "AmmoLoader",
					"pivot": [-0.125, 13.825, 7.3],
					"cubes": [
						{
							"origin": [-2, 14.25, -2.35],
							"size": [3.75, 3.85, 8],
							"uv": {
								"north": {"uv": [66, 52], "uv_size": [4, 4]},
								"east": {"uv": [63, 24], "uv_size": [-8, 4]},
								"south": {"uv": [66, 56], "uv_size": [4, 4]},
								"west": {"uv": [55, 24], "uv_size": [8, 4]},
								"up": {"uv": [53, 56], "uv_size": [4, 8]},
								"down": {"uv": [57, 64], "uv_size": [4, -8]}
							}
						}
					]
				},
				{
					"name": "Barrel6",
					"parent": "AmmoLoader",
					"pivot": [-0.125, 13.825, 7.3],
					"cubes": [
						{
							"origin": [-1.5, 14.5, -8.5],
							"size": [2.75, 3.1, 6.25],
							"uv": {
								"north": {"uv": [24, 72], "uv_size": [3, 3]},
								"east": {"uv": [21, 66], "uv_size": [-6, 3]},
								"south": {"uv": [72, 39], "uv_size": [3, 3]},
								"west": {"uv": [15, 66], "uv_size": [6, 3]},
								"up": {"uv": [56, 64], "uv_size": [3, 6]},
								"down": {"uv": [42, 71], "uv_size": [3, -6]}
							}
						}
					]
				},
				{
					"name": "AmmoLoadNotMove",
					"parent": "AmmoLoader",
					"pivot": [0, 0, 0],
					"cubes": [
						{
							"origin": [-1.5, 11.25, -1.35],
							"size": [2.75, 3.4, 14.75],
							"uv": {
								"north": {"uv": [72, 20], "uv_size": [3, 3]},
								"east": {"uv": [67, 3], "uv_size": [-15, 3]},
								"south": {"uv": [21, 72], "uv_size": [3, 3]},
								"west": {"uv": [52, 3], "uv_size": [15, 3]},
								"up": {"uv": [42, 50], "uv_size": [3, 15]},
								"down": {"uv": [0, 67], "uv_size": [3, -15]}
							}
						},
						{
							"origin": [-1.5, 12.5, -17.65],
							"size": [2.75, 2, 16.35],
							"uv": {
								"north": {"uv": [10, 42], "uv_size": [2, 2]},
								"east": {"uv": [71, 18], "uv_size": [-16, 2]},
								"south": {"uv": [18, 75], "uv_size": [2, 2]},
								"west": {"uv": [55, 18], "uv_size": [16, 2]},
								"up": {"uv": [27, 54], "uv_size": [2, 16]},
								"down": {"uv": [51, 72], "uv_size": [2, -16]}
							}
						},
						{
							"origin": [-7.45449, 4.77815, -7.10243],
							"size": [14.75, 3.75, 9.75],
							"uv": {
								"north": {"uv": [51, 36], "uv_size": [15, 4]},
								"east": {"uv": [52, 12], "uv_size": [10, 4]},
								"south": {"uv": [51, 40], "uv_size": [15, 4]},
								"west": {"uv": [51, 52], "uv_size": [10, 4]},
								"up": {"uv": [22, 0], "uv_size": [15, 10]},
								"down": {"uv": [22, 20], "uv_size": [15, -10]}
							}
						},
						{
							"origin": [-7.45449, 4.77815, -9.85243],
							"size": [14.75, 9.25, 2.75],
							"uv": {
								"north": {"uv": [37, 0], "uv_size": [15, 9]},
								"east": {"uv": [63, 52], "uv_size": [3, 9]},
								"south": {"uv": [37, 9], "uv_size": [15, 9]},
								"west": {"uv": [63, 61], "uv_size": [3, 9]},
								"up": {"uv": [52, 6], "uv_size": [15, 3]},
								"down": {"uv": [52, 12], "uv_size": [15, -3]}
							}
						},
						{
							"origin": [-13.75, 3, -9.25],
							"size": [27.5, 2.25, 0.75],
							"uv": {
								"north": {"uv": [51, 44], "uv_size": [28, 2]},
								"east": {"uv": [44, 18], "uv_size": [1, 2]},
								"south": {"uv": [51, 44], "uv_size": [28, 2]},
								"west": {"uv": [9, 52], "uv_size": [1, 2]},
								"up": {"uv": [62, 12], "uv_size": [28, 1]},
								"down": {"uv": [62, 14], "uv_size": [28, -1]}
							}
						},
						{
							"origin": [11, 3, -8.5],
							"size": [2.5, 2.25, 5.75],
							"uv": {
								"north": {"uv": [0, 75], "uv_size": [3, 2]},
								"east": {"uv": [62, 14], "uv_size": [6, 2]},
								"south": {"uv": [3, 75], "uv_size": [3, 2]},
								"west": {"uv": [67, 10], "uv_size": [6, 2]},
								"up": {"uv": [66, 20], "uv_size": [3, 6]},
								"down": {"uv": [21, 72], "uv_size": [3, -6]}
							}
						},
						{
							"origin": [-13.5, 3, -8.5],
							"size": [2.5, 2.25, 5.75],
							"uv": {
								"north": {"uv": [3, 75], "uv_size": [-3, 2]},
								"east": {"uv": [73, 10], "uv_size": [-6, 2]},
								"south": {"uv": [6, 75], "uv_size": [-3, 2]},
								"west": {"uv": [68, 14], "uv_size": [-6, 2]},
								"up": {"uv": [69, 20], "uv_size": [-3, 6]},
								"down": {"uv": [24, 72], "uv_size": [-3, -6]}
							}
						}
					]
				}
			]
		}
	]
}