{
    "parent": "item/generated",
    "textures": {
      "layer0": "item/crossbow_standby"
    },
    "display": {
        "thirdperson_righthand": {
            "rotation": [ -90, 0, -60 ],
            "translation": [ 2, 0.1, -3 ],
            "scale": [ 0.9, 0.9, 0.9 ]
        },
        "thirdperson_lefthand": {
            "rotation": [ -90, 0, 30 ],
            "translation": [ 2, 0.1, -3 ],
            "scale": [ 0.9, 0.9, 0.9 ]
        },
        "firstperson_righthand": {
            "rotation": [ -90, 0, -55 ],
            "translation": [ 1.13, 3.2, 1.13],
            "scale": [ 0.68, 0.68, 0.68 ]
        },
        "firstperson_lefthand": {
            "rotation": [ -90, 0, 35 ],
            "translation": [ 1.13, 3.2, 1.13],
            "scale": [ 0.68, 0.68, 0.68 ]
        }    
    },
    "overrides": [
    {"predicate":{"custom_model_data":68},"model":"item/guns/aiming"},
    {"predicate": {"custom_model_data": 5010},"model": "item/guns/colt"},  
    {"predicate": {"custom_model_data": 5020},"model": "item/guns/luger"},   
    {"predicate": {"custom_model_data": 5030},"model": "item/guns/mauser98"},  
    {"predicate": {"custom_model_data": 5040},"model": "item/guns/mosin"},
    {"predicate": {"custom_model_data": 5050},"model": "item/guns/nagan"},
    {"predicate": {"custom_model_data": 5060},"model": "item/guns/grenade"},
    {"predicate": {"custom_model_data": 5070},"model": "item/guns/trench_winchester"},
    {"predicate": {"custom_model_data": 5080},"model": "item/guns/doubleshot"},
    {"predicate": {"custom_model_data": 5090},"model": "item/guns/flamethrower"},
    {"predicate": {"custom_model_data": 5100},"model": "item/guns/lewis"},
    {"predicate": {"custom_model_data": 5110},"model": "item/guns/winchester"},
    {"predicate": {"custom_model_data": 5120},"model": "item/guns/thompson"},
    {"predicate": {"custom_model_data": 5130},"model": "item/guns/mauser"},
    {"predicate": {"custom_model_data": 5140},"model": "item/guns/shausha"},
    {"predicate": {"custom_model_data": 5150},"model": "item/guns/mp18"},
    {"predicate": {"custom_model_data": 5160},"model": "item/guns/gewehr_bayonet"},
    {"predicate": {"custom_model_data": 5170},"model": "item/guns/lee"},
    {"predicate": {"custom_model_data": 5180},"model": "item/guns/m1911"},
    {"predicate": {"custom_model_data": 5190},"model": "item/guns/stielhandgranate"},
    {"predicate": {"custom_model_data": 5200},"model": "item/guns/stielhandgranate_improvised"},
    {"predicate": {"custom_model_data": 5210},"model": "item/guns/mills_bomb"},
    {"predicate": {"custom_model_data": 5220},"model": "item/guns/c96"},
    {"predicate": {"custom_model_data": 5230},"model": "item/guns/chauchat"}
  ]
}