{
    "parent": "item/generated",
    "textures": {
        "layer0": "item/diamond_boots"
    },
    "overrides": [
        	{ "predicate": { "custom_model_data": 4101 }, "model": "item/armor/ussr_boots"},
            { "predicate": { "custom_model_data": 4201 }, "model": "item/armor/commander_ussr_boots"},
            { "predicate": { "custom_model_data": 5101 }, "model": "item/armor/ger_boots"},
            { "predicate": { "custom_model_data": 5201 }, "model": "item/armor/commander_ger_boots"},
            { "predicate": { "custom_model_data": 6101 }, "model": "item/armor/it_boots"},
            { "predicate": { "custom_model_data": 6201 }, "model": "item/armor/commander_it_boots"},
            { "predicate": { "custom_model_data": 7101 }, "model": "item/armor/pol_boots"},
            { "predicate": { "custom_model_data": 7201 }, "model": "item/armor/commander_pol_boots"},
            { "predicate": { "custom_model_data": 8101 }, "model": "item/armor/fr_boots"},
            { "predicate": { "custom_model_data": 8201 }, "model": "item/armor/commander_fr_boots"},
            { "predicate": { "custom_model_data": 9101 }, "model": "item/armor/gb_boots"},
            { "predicate": { "custom_model_data": 9201 }, "model": "item/armor/commander_gb_boots"},
            { "predicate": { "custom_model_data": 10101 }, "model": "item/armor/us_boots"},
            { "predicate": { "custom_model_data": 10201 }, "model": "item/armor/commander_us_boots"}
    ]
}