{
    "parent": "item/generated",
    "textures": {
        "layer0": "item/diamond_chestplate"
    },
    "overrides": [
            { "predicate": { "custom_model_data": 4102 }, "model": "item/armor/ussr_chestplate"},
            { "predicate": { "custom_model_data": 4202 }, "model": "item/armor/commander_ussr_chestplate"},
            { "predicate": { "custom_model_data": 5102 }, "model": "item/armor/ger_chestplate"},
            { "predicate": { "custom_model_data": 5202 }, "model": "item/armor/commander_ger_chestplate"},
            { "predicate": { "custom_model_data": 6102 }, "model": "item/armor/it_chestplate"},
            { "predicate": { "custom_model_data": 6202 }, "model": "item/armor/commander_it_chestplate"},
            { "predicate": { "custom_model_data": 7102 }, "model": "item/armor/pol_chestplate"},
            { "predicate": { "custom_model_data": 7202 }, "model": "item/armor/commander_pol_chestplate"},
            { "predicate": { "custom_model_data": 8102 }, "model": "item/armor/fr_chestplate"},
            { "predicate": { "custom_model_data": 8202 }, "model": "item/armor/commander_fr_chestplate"},
            { "predicate": { "custom_model_data": 9102 }, "model": "item/armor/gb_chestplate"},
            { "predicate": { "custom_model_data": 9202 }, "model": "item/armor/commander_gb_chestplate"},
            { "predicate": { "custom_model_data": 10102 }, "model": "item/armor/us_chestplate"},
            { "predicate": { "custom_model_data": 10202 }, "model": "item/armor/commander_us_chestplate"}
    ]
}