{
    "parent": "item/generated",
    "textures": {
        "layer0": "item/diamond_leggings"
    },
    "overrides": [
            { "predicate": { "custom_model_data": 4104 }, "model": "item/armor/ussr_leggings"},
            { "predicate": { "custom_model_data": 4204 }, "model": "item/armor/commander_ussr_leggings"},
            { "predicate": { "custom_model_data": 5104 }, "model": "item/armor/ger_leggings"},
            { "predicate": { "custom_model_data": 5204 }, "model": "item/armor/commander_ger_leggings"},
            { "predicate": { "custom_model_data": 6104 }, "model": "item/armor/it_leggings"},
            { "predicate": { "custom_model_data": 6204 }, "model": "item/armor/commander_it_leggings"},
            { "predicate": { "custom_model_data": 7104 }, "model": "item/armor/pol_leggings"},
            { "predicate": { "custom_model_data": 7204 }, "model": "item/armor/commander_pol_leggings"},
            { "predicate": { "custom_model_data": 8104 }, "model": "item/armor/fr_leggings"},
            { "predicate": { "custom_model_data": 8204 }, "model": "item/armor/commander_fr_leggings"},
            { "predicate": { "custom_model_data": 9104 }, "model": "item/armor/gb_leggings"},
            { "predicate": { "custom_model_data": 9204 }, "model": "item/armor/commander_gb_leggings"},
            { "predicate": { "custom_model_data": 10104 }, "model": "item/armor/us_leggings"},
            { "predicate": { "custom_model_data": 10204 }, "model": "item/armor/commander_us_leggings"}
    ]
}