{
    "parent": "item/generated",
    "textures": {
        "layer0": "item/diamond_helmet"
    },
    "overrides": [
            { "predicate": { "custom_model_data": 4103 }, "model": "item/armor/ussr_helmet"},
            { "predicate": { "custom_model_data": 4203 }, "model": "item/armor/commander_ussr_helmet"},
            { "predicate": { "custom_model_data": 5103 }, "model": "item/armor/ger_helmet"},
            { "predicate": { "custom_model_data": 5203 }, "model": "item/armor/commander_ger_helmet"},
            { "predicate": { "custom_model_data": 6103 }, "model": "item/armor/it_helmet"},
            { "predicate": { "custom_model_data": 6203 }, "model": "item/armor/commander_it_helmet"},
            { "predicate": { "custom_model_data": 7103 }, "model": "item/armor/pol_helmet"},
            { "predicate": { "custom_model_data": 7203 }, "model": "item/armor/commander_pol_helmet"},
            { "predicate": { "custom_model_data": 8103 }, "model": "item/armor/fr_helmet"},
            { "predicate": { "custom_model_data": 8203 }, "model": "item/armor/commander_fr_helmet"},
            { "predicate": { "custom_model_data": 9103 }, "model": "item/armor/gb_helmet"},
            { "predicate": { "custom_model_data": 9203 }, "model": "item/armor/commander_gb_helmet"},
            { "predicate": { "custom_model_data": 10103 }, "model": "item/armor/us_helmet"},
            { "predicate": { "custom_model_data": 10203 }, "model": "item/armor/commander_us_helmet"}
    ]
}