{
    "parent": "item/generated",
    "textures": {
        "layer0": "item/paper"
    },
    "overrides": [
            { "predicate": { "custom_model_data": 4301 }, "model": "item/flag/fr"},
            { "predicate": { "custom_model_data": 5301 }, "model": "item/flag/gb"},
            { "predicate": { "custom_model_data": 6301 }, "model": "item/flag/ussr"},
            { "predicate": { "custom_model_data": 7301 }, "model": "item/flag/ger"},
            { "predicate": { "custom_model_data": 8301 }, "model": "item/flag/us"},
            { "predicate": { "custom_model_data": 9301 }, "model": "item/flag/it"},
            { "predicate": { "custom_model_data": 10301 }, "model": "item/flag/pol"}
    ]
}