{
	"format_version": "1.12.0",
	"minecraft:geometry": [
		{
			"description": {
				"identifier": "geometry.qf_6-pounder",
				"texture_width": 128,
				"texture_height": 128,
				"visible_bounds_width": 7,
				"visible_bounds_height": 3.5,
				"visible_bounds_offset": [0, 1.25, 0]
			},
			"bones": [
				{
					"name": "QF_6",
					"pivot": [0, 0, 0]
				},
				{
					"name": "General",
					"parent": "QF_6",
					"pivot": [-12.4793, 3.64964, 10.78057],
					"cubes": [
						{
							"origin": [-14, 3, -14],
							"size": [2, 4, 4],
							"uv": {
								"north": {"uv": [91, 95], "uv_size": [2, 4]},
								"east": {"uv": [88, 56], "uv_size": [4, 4]},
								"south": {"uv": [94, 95], "uv_size": [2, 4]},
								"west": {"uv": [57, 88], "uv_size": [4, 4]},
								"up": {"uv": [0, 96], "uv_size": [2, 4]},
								"down": {"uv": [96, 18], "uv_size": [2, -4]}
							}
						},
						{
							"origin": [-14, 3, -18],
							"size": [28, 4, 4],
							"uv": {
								"north": {"uv": [38, 4], "uv_size": [28, 4]},
								"east": {"uv": [87, 16], "uv_size": [4, 4]},
								"south": {"uv": [66, 4], "uv_size": [-28, 4]},
								"west": {"uv": [13, 88], "uv_size": [4, 4]},
								"up": {"uv": [38, 14], "uv_size": [28, 4]},
								"down": {"uv": [39, 23], "uv_size": [28, -4]}
							}
						},
						{
							"origin": [-14, 1, -18],
							"size": [28, 2, 1],
							"uv": {
								"north": {"uv": [29, 56], "uv_size": [28, 2]},
								"east": {"uv": [27, 76], "uv_size": [1, 2]},
								"south": {"uv": [57, 56], "uv_size": [-28, 2]},
								"west": {"uv": [39, 97], "uv_size": [1, 2]},
								"up": {"uv": [65, 54], "uv_size": [28, 1]},
								"down": {"uv": [74, 44], "uv_size": [28, -1]}
							}
						},
						{
							"origin": [-7, 2, -20],
							"size": [14, 4, 2],
							"uv": {
								"north": {"uv": [54, 45], "uv_size": [14, 4]},
								"east": {"uv": [85, 92], "uv_size": [2, 4]},
								"south": {"uv": [55, 36], "uv_size": [14, 4]},
								"west": {"uv": [63, 93], "uv_size": [2, 4]},
								"up": {"uv": [74, 40], "uv_size": [14, 2]},
								"down": {"uv": [77, 35], "uv_size": [14, -2]}
							}
						},
						{
							"origin": [-14, 7, -18],
							"size": [4, 11, 2],
							"uv": {
								"north": {"uv": [68, 10], "uv_size": [4, 11]},
								"east": {"uv": [83, 68], "uv_size": [2, 11]},
								"south": {"uv": [29, 68], "uv_size": [4, 11]},
								"west": {"uv": [85, 80], "uv_size": [2, 11]},
								"up": {"uv": [92, 19], "uv_size": [4, 2]},
								"down": {"uv": [93, 2], "uv_size": [4, -2]}
							}
						},
						{
							"origin": [-18, 13, -18.01],
							"size": [4, 11, 2],
							"uv": {
								"north": {"uv": [34, 68], "uv_size": [4, 11]},
								"east": {"uv": [3, 86], "uv_size": [2, 11]},
								"south": {"uv": [39, 68], "uv_size": [4, 11]},
								"west": {"uv": [86, 68], "uv_size": [2, 11]},
								"up": {"uv": [93, 68], "uv_size": [4, 2]},
								"down": {"uv": [93, 73], "uv_size": [4, -2]}
							}
						},
						{
							"origin": [-13.67055, 15.47726, -17.99],
							"size": [4, 7.21, 2],
							"pivot": [-14, 16.19475, -17],
							"rotation": [0, 0, -33.7],
							"uv": {
								"north": {"uv": [31, 80], "uv_size": [4, 7]},
								"east": {"uv": [18, 88], "uv_size": [2, 7]},
								"south": {"uv": [36, 80], "uv_size": [4, 7]},
								"west": {"uv": [88, 80], "uv_size": [2, 7]},
								"up": {"uv": [74, 93], "uv_size": [4, 2]},
								"down": {"uv": [93, 76], "uv_size": [4, -2]}
							}
						},
						{
							"origin": [-9, 4, -11],
							"size": [18, 21, 2],
							"pivot": [0, 16, -6],
							"rotation": [-20, 0, 0],
							"uv": {
								"north": {"uv": [0, 0], "uv_size": [18, 21]},
								"east": {"uv": [44, 68], "uv_size": [2, 21]},
								"south": {"uv": [19, 0], "uv_size": [18, 21]},
								"west": {"uv": [68, 67], "uv_size": [2, 21]},
								"up": {"uv": [73, 10], "uv_size": [18, 2]},
								"down": {"uv": [73, 15], "uv_size": [18, -2]}
							}
						},
						{
							"origin": [2, 18, -11.04858],
							"size": [6, 4, 2],
							"uv": {
								"north": {"uv": [13, 83], "uv_size": [6, 4]},
								"east": {"uv": [21, 94], "uv_size": [2, 4]},
								"south": {"uv": [83, 48], "uv_size": [6, 4]},
								"west": {"uv": [24, 94], "uv_size": [2, 4]},
								"up": {"uv": [6, 90], "uv_size": [6, 2]},
								"down": {"uv": [90, 27], "uv_size": [6, -2]}
							}
						},
						{
							"origin": [4, 19, -18.04858],
							"size": [2, 2, 7],
							"uv": {
								"north": {"uv": [57, 97], "uv_size": [2, 2]},
								"east": {"uv": [84, 36], "uv_size": [7, 2]},
								"south": {"uv": [60, 97], "uv_size": [2, 2]},
								"west": {"uv": [88, 61], "uv_size": [7, 2]},
								"up": {"uv": [88, 88], "uv_size": [2, 7]},
								"down": {"uv": [67, 96], "uv_size": [2, -7]}
							}
						},
						{
							"origin": [7.93223, 11.30661, -8.10689],
							"size": [12, 14, 2],
							"pivot": [16.93223, 14.80661, -7.10689],
							"rotation": [-21.50238, -21.07593, 8.0634],
							"uv": {
								"north": {"uv": [0, 22], "uv_size": [12, 14]},
								"east": {"uv": [41, 80], "uv_size": [2, 14]},
								"south": {"uv": [13, 22], "uv_size": [12, 14]},
								"west": {"uv": [81, 81], "uv_size": [-2, 14]},
								"up": {"uv": [80, 0], "uv_size": [12, 2]},
								"down": {"uv": [81, 24], "uv_size": [12, -2]}
							}
						},
						{
							"origin": [-19.93223, 11.30661, -8.10689],
							"size": [12, 14, 2],
							"pivot": [-16.93223, 14.80661, -7.10689],
							"rotation": [-21.50238, 21.07593, -8.0634],
							"uv": {
								"north": {"uv": [26, 22], "uv_size": [12, 14]},
								"east": {"uv": [79, 81], "uv_size": [2, 14]},
								"south": {"uv": [0, 37], "uv_size": [12, 14]},
								"west": {"uv": [82, 81], "uv_size": [2, 14]},
								"up": {"uv": [82, 65], "uv_size": [12, 2]},
								"down": {"uv": [83, 47], "uv_size": [12, -2]}
							}
						},
						{
							"origin": [12, 3, -14],
							"size": [2, 4, 4],
							"uv": {
								"north": {"uv": [94, 37], "uv_size": [2, 4]},
								"east": {"uv": [47, 88], "uv_size": [4, 4]},
								"south": {"uv": [95, 3], "uv_size": [2, 4]},
								"west": {"uv": [52, 88], "uv_size": [4, 4]},
								"up": {"uv": [41, 95], "uv_size": [2, 4]},
								"down": {"uv": [95, 90], "uv_size": [2, -4]}
							}
						},
						{
							"origin": [-10, 5, -14],
							"size": [4, 3, 2],
							"uv": {
								"north": {"uv": [91, 91], "uv_size": [4, 3]},
								"east": {"uv": [97, 10], "uv_size": [2, 3]},
								"south": {"uv": [95, 82], "uv_size": [-4, 3]},
								"west": {"uv": [97, 38], "uv_size": [2, 3]},
								"up": {"uv": [94, 22], "uv_size": [4, 2]},
								"down": {"uv": [96, 47], "uv_size": [4, -2]}
							}
						},
						{
							"origin": [6, 5, -14],
							"size": [4, 3, 2],
							"uv": {
								"north": {"uv": [91, 78], "uv_size": [4, 3]},
								"east": {"uv": [96, 91], "uv_size": [2, 3]},
								"south": {"uv": [91, 82], "uv_size": [4, 3]},
								"west": {"uv": [97, 10], "uv_size": [2, 3]},
								"up": {"uv": [94, 22], "uv_size": [4, 2]},
								"down": {"uv": [95, 66], "uv_size": [4, -2]}
							}
						},
						{
							"origin": [7.3, 5.3, -12.5],
							"size": [2, 2.5, 17],
							"pivot": [8, 6.5, -11],
							"rotation": [-10, 14.76689, -2.66399],
							"uv": {
								"north": {"uv": [14, 97], "uv_size": [2, 3]},
								"east": {"uv": [74, 63], "uv_size": [-17, 3]},
								"south": {"uv": [97, 25], "uv_size": [2, 3]},
								"west": {"uv": [57, 63], "uv_size": [17, 3]},
								"up": {"uv": [7, 72], "uv_size": [2, 17]},
								"down": {"uv": [10, 89], "uv_size": [2, -17]}
							}
						},
						{
							"origin": [11.603, 2.72074, 3.54691],
							"size": [2, 2.5, 23],
							"pivot": [12.4793, 3.64964, 4.78057],
							"rotation": [-5, 14.76689, -2.66399],
							"uv": {
								"north": {"uv": [30, 97], "uv_size": [2, 3]},
								"east": {"uv": [73, 28], "uv_size": [-23, 3]},
								"south": {"uv": [33, 97], "uv_size": [2, 3]},
								"west": {"uv": [50, 28], "uv_size": [23, 3]},
								"up": {"uv": [47, 64], "uv_size": [2, 23]},
								"down": {"uv": [50, 87], "uv_size": [2, -23]}
							}
						},
						{
							"origin": [11.103, 1.92074, 26.54691],
							"size": [3, 4.3, 2],
							"pivot": [12.4793, 3.64964, 4.78057],
							"rotation": [-5, 14.76689, -2.66399],
							"uv": {
								"north": {"uv": [27, 91], "uv_size": [3, 4]},
								"east": {"uv": [29, 96], "uv_size": [-2, 4]},
								"south": {"uv": [91, 86], "uv_size": [3, 4]},
								"west": {"uv": [27, 96], "uv_size": [2, 4]},
								"up": {"uv": [97, 19], "uv_size": [3, 2]},
								"down": {"uv": [97, 37], "uv_size": [3, -2]}
							}
						},
						{
							"origin": [-9.3, 5.3, -12.5],
							"size": [2, 2.5, 17],
							"pivot": [-8, 6.5, -11],
							"rotation": [-10, -14.76689, 2.66399],
							"uv": {
								"north": {"uv": [16, 97], "uv_size": [-2, 3]},
								"east": {"uv": [74, 63], "uv_size": [-17, 3]},
								"south": {"uv": [99, 25], "uv_size": [-2, 3]},
								"west": {"uv": [57, 63], "uv_size": [17, 3]},
								"up": {"uv": [9, 72], "uv_size": [-2, 17]},
								"down": {"uv": [12, 89], "uv_size": [-2, -17]}
							}
						},
						{
							"origin": [-13.603, 2.72074, 3.54691],
							"size": [2, 2.5, 23],
							"pivot": [-12.4793, 3.64964, 4.78057],
							"rotation": [-5, -14.76689, 2.66399],
							"uv": {
								"north": {"uv": [32, 97], "uv_size": [-2, 3]},
								"east": {"uv": [73, 28], "uv_size": [-23, 3]},
								"south": {"uv": [35, 97], "uv_size": [-2, 3]},
								"west": {"uv": [50, 28], "uv_size": [23, 3]},
								"up": {"uv": [49, 64], "uv_size": [-2, 23]},
								"down": {"uv": [52, 87], "uv_size": [-2, -23]}
							}
						},
						{
							"origin": [-14.103, 1.92074, 26.54691],
							"size": [3, 4.3, 2],
							"pivot": [-12.4793, 3.64964, 4.78057],
							"rotation": [-5, -14.76689, 2.66399],
							"uv": {
								"north": {"uv": [30, 91], "uv_size": [-3, 4]},
								"east": {"uv": [29, 96], "uv_size": [-2, 4]},
								"south": {"uv": [94, 86], "uv_size": [-3, 4]},
								"west": {"uv": [27, 96], "uv_size": [2, 4]},
								"up": {"uv": [100, 19], "uv_size": [-3, 2]},
								"down": {"uv": [100, 37], "uv_size": [-3, -2]}
							}
						}
					]
				}
			]
		}
	]
}