{
    "parent": "item/generated",
    "textures": {
        "layer0": "item/rabbit_hide"
    },
    "overrides": [
        {"predicate":{"custom_model_data":1},"model":"item/tanks/tiger"},
        {"predicate":{"custom_model_data":2},"model":"item/tanks/m4_sherman"},
        {"predicate":{"custom_model_data":3},"model":"item/tanks/kv2"},
        {"predicate":{"custom_model_data":4},"model":"item/tanks/cruiser_mk1"},
        {"predicate":{"custom_model_data":5},"model":"item/tanks/archer"},
        {"predicate":{"custom_model_data":6},"model":"item/tanks/t34"}
	]
}
