{
	"credit": "Made with Blockbench",
	"texture_size": [32, 32],
	"textures": {
		"1": "items/c96",
		"particle": "items/c96"
	},
	"elements": [
		{
			"from": [7.25, 10.25, 6],
			"to": [8.75, 11.75, 9.5],
			"rotation": {"angle": 0, "axis": "y", "origin": [-5, 0, 0]},
			"faces": {
				"north": {"uv": [9, 2, 9.75, 2.75], "texture": "#1"},
				"east": {"uv": [5.5, 2, 7.25, 2.75], "texture": "#1"},
				"west": {"uv": [5.5, 6, 7.25, 6.75], "texture": "#1"},
				"up": {"uv": [7.25, 5.75, 6.5, 4], "texture": "#1"},
				"down": {"uv": [5.25, 6.5, 4.5, 8.25], "texture": "#1"}
			}
		},
		{
			"from": [7.25, 9.75, 15.25],
			"to": [7.5, 10.25, 16],
			"rotation": {"angle": 0, "axis": "y", "origin": [1.25, 0, 0]},
			"faces": {
				"east": {"uv": [5, 8.5, 5.5, 8.75], "texture": "#1"},
				"south": {"uv": [10, 3, 10.25, 3.25], "texture": "#1"},
				"west": {"uv": [7.5, 8.5, 8, 8.75], "texture": "#1"},
				"up": {"uv": [9.75, 6, 9.5, 5.5], "texture": "#1"},
				"down": {"uv": [9.75, 6, 9.5, 6.5], "texture": "#1"}
			}
		},
		{
			"from": [7.75, 11, 14.25],
			"to": [8.25, 11.75, 15.25],
			"rotation": {"angle": 22.5, "axis": "x", "origin": [8, 11.1875, 14.6875]},
			"faces": {
				"north": {"uv": [9.5, 9.5, 9.75, 10], "texture": "#1"},
				"east": {"uv": [6.5, 8, 7, 8.5], "texture": "#1"},
				"south": {"uv": [0, 10, 0.25, 10.5], "texture": "#1"},
				"west": {"uv": [8.5, 1, 9, 1.5], "texture": "#1"},
				"up": {"uv": [10.25, 0.5, 10, 0], "texture": "#1"},
				"down": {"uv": [0.75, 10, 0.5, 10.5], "texture": "#1"}
			}
		},
		{
			"from": [7.75, 10, 14.25],
			"to": [8.25, 11, 15],
			"rotation": {"angle": 22.5, "axis": "x", "origin": [8, 11.1875, 14.6875]},
			"faces": {
				"north": {"uv": [8.5, 9.5, 8.75, 10], "texture": "#1"},
				"east": {"uv": [3, 6.5, 3.5, 7], "texture": "#1"},
				"south": {"uv": [9, 9.5, 9.25, 10], "texture": "#1"},
				"west": {"uv": [4, 8, 4.5, 8.5], "texture": "#1"}
			}
		},
		{
			"from": [7.375, 7.25, 11.25],
			"to": [8.625, 9, 11.75],
			"rotation": {"angle": 0, "axis": "y", "origin": [-1.125, 0, 0]},
			"faces": {
				"north": {"uv": [8, 8, 8.75, 9], "texture": "#1"},
				"east": {"uv": [6, 9, 6.25, 10], "texture": "#1"},
				"south": {"uv": [8.5, 0, 9.25, 1], "texture": "#1"},
				"west": {"uv": [9.5, 0, 9.75, 1], "texture": "#1"},
				"down": {"uv": [10.25, 3.5, 9.5, 3.75], "texture": "#1"}
			}
		},
		{
			"from": [7.375, 6.75, 9.5],
			"to": [8.625, 7.25, 11.25],
			"rotation": {"angle": 0, "axis": "y", "origin": [-1.125, 0, 0]},
			"faces": {
				"east": {"uv": [9, 9, 10, 9.25], "texture": "#1"},
				"south": {"uv": [3, 9.5, 3.75, 9.75], "texture": "#1"},
				"west": {"uv": [0, 9.5, 1, 9.75], "texture": "#1"},
				"up": {"uv": [6.25, 9, 5.5, 8], "texture": "#1"},
				"down": {"uv": [8.75, 7, 8, 8], "texture": "#1"}
			}
		},
		{
			"from": [7.75, 7.75, 10.5],
			"to": [8.25, 9.25, 11],
			"rotation": {"angle": 22.5, "axis": "x", "origin": [8, 8.375, 10.75]},
			"faces": {
				"north": {"uv": [1, 9.5, 1.25, 10.25], "texture": "#1"},
				"east": {"uv": [1.5, 9.5, 1.75, 10.25], "texture": "#1"},
				"south": {"uv": [2, 9.5, 2.25, 10.25], "texture": "#1"},
				"west": {"uv": [2.5, 9.5, 2.75, 10.25], "texture": "#1"},
				"down": {"uv": [3.25, 10, 3, 10.25], "texture": "#1"}
			}
		},
		{
			"from": [7.75, 11.5, -1.25],
			"to": [8.25, 12, -0.75],
			"rotation": {"angle": 0, "axis": "y", "origin": [-1.25, 0, 0]},
			"faces": {
				"north": {"uv": [10, 0.5, 10.25, 0.75], "texture": "#1"},
				"east": {"uv": [10, 1, 10.25, 1.25], "texture": "#1"},
				"south": {"uv": [10, 1.5, 10.25, 1.75], "texture": "#1"},
				"west": {"uv": [10, 2, 10.25, 2.25], "texture": "#1"},
				"up": {"uv": [10.25, 2.75, 10, 2.5], "texture": "#1"}
			}
		},
		{
			"from": [7.5, 12, 10],
			"to": [8.5, 12.5, 10.5],
			"rotation": {"angle": 0, "axis": "y", "origin": [-1, 0, 0]},
			"faces": {
				"north": {"uv": [7, 9.5, 7.5, 9.75], "texture": "#1"},
				"east": {"uv": [3.5, 10, 3.75, 10.25], "texture": "#1"},
				"south": {"uv": [7.5, 9.5, 8, 9.75], "texture": "#1"},
				"west": {"uv": [4, 10, 4.25, 10.25], "texture": "#1"},
				"up": {"uv": [8.5, 9.75, 8, 9.5], "texture": "#1"}
			}
		},
		{
			"from": [7.5, 12, 12.25],
			"to": [8.5, 12.5, 13.5],
			"rotation": {"angle": 0, "axis": "y", "origin": [-1, 0, 0]},
			"faces": {
				"north": {"uv": [6.5, 9.5, 7, 9.75], "texture": "#1"},
				"east": {"uv": [9.5, 4.5, 10.25, 4.75], "texture": "#1"},
				"south": {"uv": [9.5, 6.5, 10, 6.75], "texture": "#1"},
				"west": {"uv": [9.5, 5, 10.25, 5.25], "texture": "#1"},
				"up": {"uv": [3.5, 5.75, 3, 5], "texture": "#1"}
			}
		},
		{
			"from": [7.5, 12, 10.5],
			"to": [8.5, 12.25, 12.25],
			"rotation": {"angle": 0, "axis": "y", "origin": [-1, 0, 0]},
			"faces": {
				"east": {"uv": [9, 8, 10, 8.25], "texture": "#1"},
				"west": {"uv": [9, 8.5, 10, 8.75], "texture": "#1"},
				"up": {"uv": [3, 2, 2.5, 1], "texture": "#1"}
			}
		},
		{
			"from": [7.75, 2.5, 14.75],
			"to": [8.25, 3, 15.25],
			"rotation": {"angle": 0, "axis": "y", "origin": [8, 0.13372, 0]},
			"faces": {
				"north": {"uv": [4.5, 10, 4.75, 10.25], "texture": "#1"},
				"east": {"uv": [5, 10, 5.25, 10.25], "texture": "#1"},
				"south": {"uv": [5.5, 10, 5.75, 10.25], "texture": "#1"},
				"west": {"uv": [10, 5.5, 10.25, 5.75], "texture": "#1"},
				"down": {"uv": [6.25, 10, 6, 10.25], "texture": "#1"}
			}
		},
		{
			"from": [7.25, 3, 13.75],
			"to": [8.75, 3.5, 16.25],
			"rotation": {"angle": 0, "axis": "y", "origin": [8, 0.13372, 0]},
			"faces": {
				"north": {"uv": [4, 9.5, 4.75, 9.75], "texture": "#1"},
				"east": {"uv": [7.5, 9, 8.75, 9.25], "texture": "#1"},
				"south": {"uv": [9.5, 4, 10.25, 4.25], "texture": "#1"},
				"west": {"uv": [9, 7.5, 10.25, 7.75], "texture": "#1"},
				"down": {"uv": [0.75, 8, 0, 9.25], "texture": "#1"}
			}
		},
		{
			"from": [7.25, 3.5, 13.25],
			"to": [8.75, 5, 16.5],
			"rotation": {"angle": 0, "axis": "y", "origin": [8, 0.13372, 0]},
			"faces": {
				"north": {"uv": [8.5, 4.5, 9.25, 5.25], "texture": "#1"},
				"east": {"uv": [5.5, 0, 7.25, 0.75], "texture": "#1"},
				"south": {"uv": [8.5, 5.5, 9.25, 6.25], "texture": "#1"},
				"west": {"uv": [5.5, 1, 7.25, 1.75], "texture": "#1"},
				"up": {"uv": [2.75, 6.75, 2, 5], "texture": "#1"},
				"down": {"uv": [6.25, 4, 5.5, 5.75], "texture": "#1"}
			}
		},
		{
			"from": [7.25, 5, 13],
			"to": [8.75, 6.5, 16],
			"rotation": {"angle": 0, "axis": "y", "origin": [8, 0.13372, 0]},
			"faces": {
				"north": {"uv": [8.5, 3.5, 9.25, 4.25], "texture": "#1"},
				"east": {"uv": [2, 7, 3.5, 7.75], "texture": "#1"},
				"south": {"uv": [4, 8.5, 4.75, 9.25], "texture": "#1"},
				"west": {"uv": [5.5, 7, 7, 7.75], "texture": "#1"},
				"up": {"uv": [7.75, 8.5, 7, 7], "texture": "#1"},
				"down": {"uv": [8.25, 0, 7.5, 1.5], "texture": "#1"}
			}
		},
		{
			"from": [7.25, 6.5, 12.75],
			"to": [8.75, 8, 15.5],
			"rotation": {"angle": 0, "axis": "y", "origin": [8, 0.13372, 0]},
			"faces": {
				"north": {"uv": [6.5, 8.5, 7.25, 9.25], "texture": "#1"},
				"east": {"uv": [7.5, 1.5, 9, 2.25], "texture": "#1"},
				"south": {"uv": [9, 1, 9.75, 1.75], "texture": "#1"},
				"west": {"uv": [7.5, 2.5, 9, 3.25], "texture": "#1"},
				"up": {"uv": [8.25, 5, 7.5, 3.5], "texture": "#1"},
				"down": {"uv": [8.25, 5, 7.5, 6.5], "texture": "#1"}
			}
		},
		{
			"from": [7.25, 8, 11.75],
			"to": [8.75, 9, 15],
			"rotation": {"angle": 0, "axis": "y", "origin": [8, 0.13372, 0]},
			"faces": {
				"north": {"uv": [9, 3, 9.75, 3.5], "texture": "#1"},
				"east": {"uv": [7.5, 6.5, 9.25, 7], "texture": "#1"},
				"south": {"uv": [9, 7, 9.75, 7.5], "texture": "#1"},
				"west": {"uv": [2, 8, 3.75, 8.5], "texture": "#1"},
				"down": {"uv": [5.25, 1, 4.5, 2.75], "texture": "#1"}
			}
		},
		{
			"from": [7.25, 6.75, 7],
			"to": [8.75, 10.25, 9.5],
			"rotation": {"angle": 0, "axis": "y", "origin": [8.25, 0.13372, 0]},
			"faces": {
				"north": {"uv": [0, 6, 0.75, 7.75], "texture": "#1"},
				"east": {"uv": [3, 1, 4.25, 2.75], "texture": "#1"},
				"south": {"uv": [1, 6, 1.75, 7.75], "texture": "#1"},
				"west": {"uv": [2, 3, 3.25, 4.75], "texture": "#1"},
				"down": {"uv": [1.75, 8, 1, 9.25], "texture": "#1"}
			}
		},
		{
			"from": [7.25, 9, 9.5],
			"to": [8.75, 10.25, 15.25],
			"rotation": {"angle": 0, "axis": "y", "origin": [8.25, 0.13372, 0]},
			"faces": {
				"east": {"uv": [0, 2, 3, 2.75], "texture": "#1"},
				"south": {"uv": [5, 9, 5.75, 9.75], "texture": "#1"},
				"west": {"uv": [2.5, 0, 5.5, 0.75], "texture": "#1"},
				"up": {"uv": [0.75, 6, 0, 3], "texture": "#1"},
				"down": {"uv": [1.75, 3, 1, 6], "texture": "#1"}
			}
		},
		{
			"from": [7.5, 10.5, -1.5],
			"to": [8.5, 11.5, 6],
			"rotation": {"angle": 0, "axis": "y", "origin": [-5.5, 0, 0]},
			"faces": {
				"north": {"uv": [0.075, 15.325, 0.675, 15.925], "texture": "#1"},
				"east": {"uv": [3.5, 3, 7.25, 3.5], "texture": "#1"},
				"west": {"uv": [3.5, 3.5, 7.25, 4], "texture": "#1"},
				"up": {"uv": [4, 7.75, 3.5, 4], "texture": "#1"},
				"down": {"uv": [4.5, 4, 4, 7.75], "texture": "#1"}
			}
		},
		{
			"from": [7.25, 10.25, 9.5],
			"to": [8.75, 12, 14],
			"rotation": {"angle": 0, "axis": "y", "origin": [-5, 0, 0]},
			"faces": {
				"north": {"uv": [2, 8.5, 2.75, 9.5], "texture": "#1"},
				"east": {"uv": [0, 0, 2.25, 1], "texture": "#1"},
				"south": {"uv": [3, 8.5, 3.75, 9.5], "texture": "#1"},
				"west": {"uv": [0, 1, 2.25, 2], "texture": "#1"},
				"up": {"uv": [5.25, 6.25, 4.5, 4], "texture": "#1"}
			}
		}
	],
	"gui_light": "front",
	"display": {
		"thirdperson_righthand": {
			"translation": [0, -1, -4],
			"scale": [0.7, 0.7, 0.7]
		},
		"firstperson_righthand": {
			"rotation": [33, -8, 5],
			"translation": [2, 5, -5.75]
		},
		"ground": {
			"translation": [0, 2.75, 0],
			"scale": [0.5, 0.5, 0.5]
		},
		"gui": {
			"rotation": [90, -59, 90],
			"translation": [0, 0.75, 0]
		},
		"fixed": {
			"rotation": [0, 90, 0],
			"translation": [0, -1, -1.25],
			"scale": [1.1, 1.1, 1.1]
		}
	}
}