{
	"credit": "Made with Blockbench",
	"texture_size": [32, 32],
	"textures": {
		"1": "items/gewehr",
		"2": "items/gewehr_bayonet",
		"particle": "items/gewehr"
	},
	"elements": [
		{
			"from": [7.5, 6.5, -9],
			"to": [8.5, 7.5, -5],
			"rotation": {"angle": 0, "axis": "y", "origin": [7, 0, 21.5]},
			"faces": {
				"east": {"uv": [0, 2, 4, 3], "texture": "#2"},
				"south": {"uv": [3, 6, 4, 7], "texture": "#2"},
				"west": {"uv": [0, 3, 4, 4], "texture": "#2"},
				"up": {"uv": [1, 8, 0, 4], "texture": "#2"},
				"down": {"uv": [2, 4, 1, 8], "texture": "#2"}
			}
		},
		{
			"from": [7.75, 6.5, -14.5],
			"to": [8.25, 7.5, -9.5],
			"rotation": {"angle": 0, "axis": "y", "origin": [7.25, 0, 21.5]},
			"faces": {
				"north": {"uv": [7, 0, 7.5, 1], "texture": "#2"},
				"east": {"uv": [0, 0, 5, 1], "texture": "#2"},
				"west": {"uv": [0, 1, 5, 2], "texture": "#2"},
				"up": {"uv": [2.5, 9, 2, 4], "texture": "#2"},
				"down": {"uv": [4.5, 2, 4, 7], "texture": "#2"}
			}
		},
		{
			"from": [7.75, 6.75, -16],
			"to": [8.25, 7.5, -14.5],
			"rotation": {"angle": 0, "axis": "y", "origin": [7.25, 0, 21.5]},
			"faces": {
				"north": {"uv": [6, 6, 6.5, 7], "texture": "#2"},
				"east": {"uv": [5, 2, 6.5, 3], "texture": "#2"},
				"west": {"uv": [5, 3, 6.5, 4], "texture": "#2"},
				"up": {"uv": [6.5, 5.5, 6, 4], "texture": "#2"},
				"down": {"uv": [5.5, 6, 5, 7.5], "texture": "#2"}
			}
		},
		{
			"from": [7.5, 5.5, -9.5],
			"to": [8.5, 7.5, -9],
			"rotation": {"angle": 0, "axis": "y", "origin": [7, 0, 21.5]},
			"faces": {
				"north": {"uv": [3, 4, 4, 6], "texture": "#2"},
				"east": {"uv": [5, 4, 5.5, 6], "texture": "#2"},
				"south": {"uv": [5, 0, 6, 2], "texture": "#2"},
				"west": {"uv": [6, 0, 6.5, 2], "texture": "#2"},
				"up": {"uv": [8, 1.5, 7, 1], "texture": "#2"},
				"down": {"uv": [8, 2, 7, 2.5], "texture": "#2"}
			}
		},
		{
			"from": [7.5, 6, -5.5],
			"to": [8.5, 6.5, -5],
			"rotation": {"angle": 0, "axis": "y", "origin": [7, 0, 21.5]},
			"faces": {
				"north": {"uv": [3, 7, 4, 7.5], "texture": "#2"},
				"east": {"uv": [7, 4, 7.5, 4.5], "texture": "#2"},
				"south": {"uv": [7, 3, 8, 3.5], "texture": "#2"},
				"west": {"uv": [7, 5, 7.5, 5.5], "texture": "#2"},
				"down": {"uv": [5, 7, 4, 7.5], "texture": "#2"}
			}
		},
		{
			"from": [7.05, 4.27289, 15.05292],
			"to": [8.95, 6.02289, 28.30292],
			"rotation": {"angle": 22.5, "axis": "x", "origin": [7.2, 3.52289, 20.55292]},
			"faces": {
				"north": {"uv": [11.5, 0, 12.5, 1], "texture": "#1"},
				"east": {"uv": [0, 0, 6.75, 1], "texture": "#1"},
				"south": {"uv": [8, 11.5, 9, 12.5], "texture": "#1"},
				"west": {"uv": [0, 1, 6.75, 2], "texture": "#1"},
				"up": {"uv": [1, 8.75, 0, 2], "texture": "#1"},
				"down": {"uv": [2, 2, 1, 8.75], "texture": "#1"}
			}
		},
		{
			"from": [7.1, 3, 24.5],
			"to": [8.9, 6.5, 29.5],
			"rotation": {"angle": 0, "axis": "y", "origin": [2.4, 0, 21.5]},
			"faces": {
				"north": {"uv": [7, 0, 8, 1.75], "texture": "#1"},
				"east": {"uv": [4, 4, 6.5, 5.75], "texture": "#1"},
				"south": {"uv": [9, 1, 10, 2.75], "texture": "#1"},
				"west": {"uv": [4, 6, 6.5, 7.75], "texture": "#1"},
				"up": {"uv": [5, 10.5, 4, 8], "texture": "#1"},
				"down": {"uv": [6, 8, 5, 10.5], "texture": "#1"}
			}
		},
		{
			"from": [7.1, 4.5, 21],
			"to": [8.9, 7, 24.5],
			"rotation": {"angle": 0, "axis": "y", "origin": [8.9, 0, 21.5]},
			"faces": {
				"north": {"uv": [11, 2, 12, 3.25], "texture": "#1"},
				"east": {"uv": [8.5, 5, 10.25, 6.25], "texture": "#1"},
				"south": {"uv": [0, 11.5, 1, 12.75], "texture": "#1"},
				"west": {"uv": [8.5, 6.5, 10.25, 7.75], "texture": "#1"},
				"up": {"uv": [9, 11.25, 8, 9.5], "texture": "#1"},
				"down": {"uv": [10, 9.5, 9, 11.25], "texture": "#1"}
			}
		},
		{
			"from": [7.15, 5.04917, 20.80806],
			"to": [8.85, 6.29917, 21.80806],
			"rotation": {"angle": -45, "axis": "x", "origin": [14.35, 5.67417, 20.55806]},
			"faces": {
				"north": {"uv": [1, 13, 1.75, 13.75], "texture": "#1"},
				"east": {"uv": [3, 13, 3.5, 13.75], "texture": "#1"},
				"south": {"uv": [13, 1, 13.75, 1.75], "texture": "#1"},
				"west": {"uv": [3.5, 13, 4, 13.75], "texture": "#1"},
				"up": {"uv": [13.75, 9, 13, 8.5], "texture": "#1"},
				"down": {"uv": [13.75, 9, 13, 9.5], "texture": "#1"}
			}
		},
		{
			"from": [7.1, 2.625, 19.125],
			"to": [8.9, 6.125, 20.875],
			"rotation": {"angle": -22.5, "axis": "x", "origin": [7.15, 3.375, 19.75]},
			"faces": {
				"north": {"uv": [10, 1, 11, 2.75], "texture": "#1"},
				"east": {"uv": [2, 10, 3, 11.75], "texture": "#1"},
				"south": {"uv": [3, 10, 4, 11.75], "texture": "#1"},
				"west": {"uv": [10, 8.5, 11, 10.25], "texture": "#1"},
				"up": {"uv": [10, 12.5, 9, 11.5], "texture": "#1"},
				"down": {"uv": [3, 12, 2, 13], "texture": "#1"}
			}
		},
		{
			"from": [7.1, 1.25, 28],
			"to": [8.9, 3, 29.5],
			"rotation": {"angle": 0, "axis": "y", "origin": [7.9, 0, 21.5]},
			"faces": {
				"north": {"uv": [12, 2, 13, 3], "texture": "#1"},
				"east": {"uv": [4, 12.5, 4.75, 13.5], "texture": "#1"},
				"south": {"uv": [3, 12, 4, 13], "texture": "#1"},
				"west": {"uv": [5, 12.5, 5.75, 13.5], "texture": "#1"},
				"up": {"uv": [13.5, 5.75, 12.5, 5], "texture": "#1"},
				"down": {"uv": [13.5, 7, 12.5, 7.75], "texture": "#1"}
			}
		},
		{
			"from": [7.5, 7.75, -9],
			"to": [8.5, 8.75, 7.5],
			"rotation": {"angle": 0, "axis": "y", "origin": [7, 0, 21.5]},
			"faces": {
				"north": {"uv": [0, 13, 1, 14], "texture": "#1"},
				"east": {"uv": [6.5, 4, 14.75, 4.5], "texture": "#1"},
				"south": {"uv": [2.5, 14, 3, 14.5], "texture": "#1"},
				"west": {"uv": [6.5, 4.5, 14.75, 5], "texture": "#1"},
				"up": {"uv": [7, 13.25, 6.5, 5], "texture": "#1"},
				"down": {"uv": [7.5, 5, 7, 13.25], "texture": "#1"}
			}
		},
		{
			"from": [7.75, 6.75, -7],
			"to": [8.25, 7.25, -5],
			"rotation": {"angle": 0, "axis": "y", "origin": [6.75, 0, 21.5]},
			"faces": {
				"north": {"uv": [12, 14.5, 12.25, 14.75], "texture": "#1"},
				"east": {"uv": [14, 2.5, 15, 2.75], "texture": "#1"},
				"south": {"uv": [14.5, 12, 14.75, 12.25], "texture": "#1"},
				"west": {"uv": [3, 14, 4, 14.25], "texture": "#1"},
				"up": {"uv": [4.25, 15, 4, 14], "texture": "#1"},
				"down": {"uv": [4.75, 14, 4.5, 15], "texture": "#1"}
			}
		},
		{
			"from": [7, 6, 4.5],
			"to": [9, 8, 16.5],
			"rotation": {"angle": 0, "axis": "y", "origin": [7, 0, 21.5]},
			"faces": {
				"north": {"uv": [12, 3, 13, 4], "texture": "#1"},
				"east": {"uv": [2, 2, 8, 3], "texture": "#1"},
				"south": {"uv": [12, 8.5, 13, 9.5], "texture": "#1"},
				"west": {"uv": [2, 3, 8, 4], "texture": "#1"},
				"up": {"uv": [3, 10, 2, 4], "texture": "#1"},
				"down": {"uv": [4, 4, 3, 10], "texture": "#1"}
			}
		},
		{
			"from": [7, 6.5, 1],
			"to": [9, 8, 4.5],
			"rotation": {"angle": 0, "axis": "y", "origin": [7, 0, 21.5]},
			"faces": {
				"north": {"uv": [8, 12.5, 9, 13.25], "texture": "#1"},
				"east": {"uv": [10.5, 7, 12.25, 7.75], "texture": "#1"},
				"south": {"uv": [9, 12.5, 10, 13.25], "texture": "#1"},
				"west": {"uv": [11, 1, 12.75, 1.75], "texture": "#1"},
				"up": {"uv": [5, 12.25, 4, 10.5], "texture": "#1"},
				"down": {"uv": [6, 10.5, 5, 12.25], "texture": "#1"}
			}
		},
		{
			"from": [7.25, 7, -4],
			"to": [8.75, 8.5, 1],
			"rotation": {"angle": 0, "axis": "y", "origin": [8.75, 0, 21.5]},
			"faces": {
				"north": {"uv": [12.5, 12.5, 13.25, 13.25], "texture": "#1"},
				"east": {"uv": [7.5, 8.5, 10, 9.25], "texture": "#1"},
				"south": {"uv": [0, 13, 0.75, 13.75], "texture": "#1"},
				"west": {"uv": [9, 0, 11.5, 0.75], "texture": "#1"},
				"up": {"uv": [0.75, 11.5, 0, 9], "texture": "#1"},
				"down": {"uv": [1.75, 9, 1, 11.5], "texture": "#1"}
			}
		},
		{
			"from": [7, 8, 1],
			"to": [9, 8.5, 7.5],
			"rotation": {"angle": 0, "axis": "y", "origin": [7, 0, 21.5]},
			"faces": {
				"north": {"uv": [5, 14, 6, 14.25], "texture": "#1"},
				"east": {"uv": [11.5, 6.5, 14.75, 6.75], "texture": "#1"},
				"south": {"uv": [6, 14, 7, 14.25], "texture": "#1"},
				"west": {"uv": [12.5, 0, 15.75, 0.25], "texture": "#1"},
				"up": {"uv": [8.5, 8.25, 7.5, 5], "texture": "#1"},
				"down": {"uv": [9, 0, 8, 3.25], "texture": "#1"}
			}
		},
		{
			"from": [7.25, 7.75, 8.5],
			"to": [8.75, 8.25, 12.5],
			"rotation": {"angle": 0, "axis": "y", "origin": [5.25, 0, 21.5]},
			"faces": {
				"north": {"uv": [14.5, 1, 15.25, 1.25], "texture": "#1"},
				"east": {"uv": [12.5, 6, 14.5, 6.25], "texture": "#1"},
				"south": {"uv": [1.5, 14.5, 2.25, 14.75], "texture": "#1"},
				"west": {"uv": [12.5, 8, 14.5, 8.25], "texture": "#1"},
				"up": {"uv": [11.25, 7, 10.5, 5], "texture": "#1"},
				"down": {"uv": [10.75, 10.5, 10, 12.5], "texture": "#1"}
			}
		},
		{
			"from": [7.25, 8, 7.5],
			"to": [8.75, 9, 8.5],
			"rotation": {"angle": 0, "axis": "y", "origin": [7, 0, 21.5]},
			"faces": {
				"north": {"uv": [13, 9.5, 13.75, 10], "texture": "#1"},
				"east": {"uv": [7, 14, 7.5, 14.5], "texture": "#1"},
				"south": {"uv": [13, 10, 13.75, 10.5], "texture": "#1"},
				"west": {"uv": [14, 8.5, 14.5, 9], "texture": "#1"},
				"up": {"uv": [13.75, 11, 13, 10.5], "texture": "#1"},
				"down": {"uv": [13.75, 11, 13, 11.5], "texture": "#1"}
			}
		},
		{
			"from": [7.25, 6.75, -5],
			"to": [8.75, 9, -4],
			"rotation": {"angle": 0, "axis": "y", "origin": [7, 0, 21.5]},
			"faces": {
				"north": {"uv": [12, 9.5, 12.75, 10.75], "texture": "#1"},
				"east": {"uv": [6, 12, 6.5, 13.25], "texture": "#1"},
				"south": {"uv": [12, 11, 12.75, 12.25], "texture": "#1"},
				"west": {"uv": [10, 12.5, 10.5, 13.75], "texture": "#1"},
				"up": {"uv": [13.75, 12, 13, 11.5], "texture": "#1"},
				"down": {"uv": [13.75, 12, 13, 12.5], "texture": "#1"}
			}
		},
		{
			"from": [7.125, 6.75, 0.5],
			"to": [8.875, 9, 1],
			"rotation": {"angle": 0, "axis": "y", "origin": [7.125, 0, 21.5]},
			"faces": {
				"north": {"uv": [1, 11.5, 2, 12.75], "texture": "#1"},
				"east": {"uv": [0.5, 14, 0.75, 15.25], "texture": "#1"},
				"south": {"uv": [11.5, 5, 12.5, 6.25], "texture": "#1"},
				"west": {"uv": [14, 0.5, 14.25, 1.75], "texture": "#1"},
				"up": {"uv": [15, 9.25, 14, 9], "texture": "#1"},
				"down": {"uv": [15, 9.5, 14, 9.75], "texture": "#1"}
			}
		},
		{
			"from": [7.25, 8, 12.5],
			"to": [8.75, 9, 13.5],
			"rotation": {"angle": 0, "axis": "y", "origin": [7, 0, 21.5]},
			"faces": {
				"north": {"uv": [4, 13.5, 4.75, 14], "texture": "#1"},
				"east": {"uv": [10, 14, 10.5, 14.5], "texture": "#1"},
				"south": {"uv": [5, 13.5, 5.75, 14], "texture": "#1"},
				"west": {"uv": [14, 10, 14.5, 10.5], "texture": "#1"},
				"up": {"uv": [14.25, 5.5, 13.5, 5], "texture": "#1"},
				"down": {"uv": [14.25, 5.5, 13.5, 6], "texture": "#1"}
			}
		},
		{
			"from": [7.75, 8, 8.75],
			"to": [8.25, 8.5, 11.75],
			"rotation": {"angle": 0, "axis": "y", "origin": [7, 0, 21.5]},
			"faces": {
				"north": {"uv": [12.5, 14.5, 12.75, 14.75], "texture": "#1"},
				"east": {"uv": [6, 13.5, 7.5, 13.75], "texture": "#1"},
				"south": {"uv": [13, 14.5, 13.25, 14.75], "texture": "#1"},
				"west": {"uv": [13.5, 7, 15, 7.25], "texture": "#1"},
				"up": {"uv": [7.75, 15, 7.5, 13.5], "texture": "#1"},
				"down": {"uv": [8.25, 13.5, 8, 15], "texture": "#1"}
			}
		},
		{
			"from": [7.5, 7.75, 8.5],
			"to": [8.5, 8.75, 16],
			"rotation": {"angle": 0, "axis": "y", "origin": [5, 0, 21.5]},
			"faces": {
				"north": {"uv": [10.5, 14, 11, 14.5], "texture": "#1"},
				"east": {"uv": [8, 3.5, 11.75, 4], "texture": "#1"},
				"south": {"uv": [14, 10.5, 14.5, 11], "texture": "#1"},
				"west": {"uv": [8.5, 8, 12.25, 8.5], "texture": "#1"},
				"up": {"uv": [6.5, 11.75, 6, 8], "texture": "#1"},
				"down": {"uv": [8, 9.5, 7.5, 13.25], "texture": "#1"}
			}
		},
		{
			"from": [8, 8, 14.25],
			"to": [9, 8.5, 14.75],
			"rotation": {"angle": 0, "axis": "y", "origin": [9, 0, 21.5]},
			"faces": {
				"north": {"uv": [6, 14.5, 6.5, 14.75], "texture": "#1"},
				"east": {"uv": [14.5, 13, 14.75, 13.25], "texture": "#1"},
				"south": {"uv": [14.5, 6, 15, 6.25], "texture": "#1"},
				"west": {"uv": [13.5, 14.5, 13.75, 14.75], "texture": "#1"},
				"up": {"uv": [7, 14.75, 6.5, 14.5], "texture": "#1"},
				"down": {"uv": [7.5, 14.5, 7, 14.75], "texture": "#1"}
			}
		},
		{
			"from": [9, 8, 14.25],
			"to": [10, 8.5, 14.75],
			"rotation": {"angle": 0, "axis": "z", "origin": [9.41427, 8.24913, 14.4875]},
			"faces": {
				"north": {"uv": [14.5, 7.5, 14.75, 8], "rotation": 90, "texture": "#1"},
				"east": {"uv": [14.75, 14, 14.5, 14.25], "rotation": 270, "texture": "#1"},
				"south": {"uv": [8.5, 14.5, 8.75, 15], "rotation": 270, "texture": "#1"},
				"west": {"uv": [14.75, 13.75, 14.5, 13.5], "rotation": 270, "texture": "#1"},
				"up": {"uv": [14.5, 8, 14.75, 8.5], "rotation": 270, "texture": "#1"},
				"down": {"uv": [14.5, 8.5, 14.75, 9], "rotation": 270, "texture": "#1"}
			}
		},
		{
			"from": [9.95354, 7.87327, 14.1],
			"to": [10.70354, 8.62327, 14.85],
			"rotation": {"angle": 0, "axis": "z", "origin": [9.41427, 8.24913, 14.4875]},
			"faces": {
				"north": {"uv": [11, 14, 11.5, 14.5], "rotation": 90, "texture": "#1"},
				"east": {"uv": [14.5, 12, 14, 12.5], "rotation": 270, "texture": "#1"},
				"south": {"uv": [11.5, 14, 12, 14.5], "rotation": 270, "texture": "#1"},
				"west": {"uv": [12.5, 14.5, 12, 14], "rotation": 270, "texture": "#1"},
				"up": {"uv": [14, 11, 14.5, 11.5], "rotation": 270, "texture": "#1"},
				"down": {"uv": [14, 11.5, 14.5, 12], "rotation": 270, "texture": "#1"}
			}
		},
		{
			"from": [7.375, 7.6, 14.75],
			"to": [8.625, 8.85, 15.75],
			"rotation": {"angle": 0, "axis": "y", "origin": [8.375, 0, 21.5]},
			"faces": {
				"north": {"uv": [2, 13, 2.75, 13.75], "texture": "#1"},
				"east": {"uv": [8.5, 13.5, 9, 14.25], "texture": "#1"},
				"south": {"uv": [13, 2, 13.75, 2.75], "texture": "#1"},
				"west": {"uv": [9, 13.5, 9.5, 14.25], "texture": "#1"},
				"up": {"uv": [14.25, 8, 13.5, 7.5], "texture": "#1"},
				"down": {"uv": [13.25, 13.5, 12.5, 14], "texture": "#1"}
			}
		},
		{
			"from": [7.25, 5.75, 9],
			"to": [8.75, 6.25, 12.5],
			"rotation": {"angle": 0, "axis": "y", "origin": [6.75, 0, 21.5]},
			"faces": {
				"north": {"uv": [14.5, 1.5, 15.25, 1.75], "texture": "#1"},
				"east": {"uv": [13, 3, 14.75, 3.25], "texture": "#1"},
				"south": {"uv": [2.5, 14.5, 3.25, 14.75], "texture": "#1"},
				"west": {"uv": [13, 3.5, 14.75, 3.75], "texture": "#1"},
				"up": {"uv": [11.75, 10.25, 11, 8.5], "texture": "#1"},
				"down": {"uv": [11.75, 10.5, 11, 12.25], "texture": "#1"}
			}
		},
		{
			"from": [7.75, 8.5, -8.25],
			"to": [8.25, 9, -6.5],
			"rotation": {"angle": 0, "axis": "y", "origin": [6.75, 0, 21.5]},
			"faces": {
				"north": {"uv": [14.5, 14.5, 14.75, 14.75], "texture": "#1"},
				"east": {"uv": [12.5, 14, 13.5, 14.25], "texture": "#1"},
				"south": {"uv": [0, 15, 0.25, 15.25], "texture": "#1"},
				"west": {"uv": [14, 12.5, 15, 12.75], "texture": "#1"},
				"up": {"uv": [14.25, 14, 14, 13], "texture": "#1"},
				"down": {"uv": [14.25, 14, 14, 15], "texture": "#1"}
			}
		},
		{
			"from": [7.75, 9, -8.25],
			"to": [8.25, 9.5, -7.75],
			"rotation": {"angle": 0, "axis": "y", "origin": [6.75, 0, 21.5]},
			"faces": {
				"north": {"uv": [15, 0.5, 15.25, 0.75], "texture": "#1"},
				"east": {"uv": [1, 15, 1.25, 15.25], "texture": "#1"},
				"south": {"uv": [1.5, 15, 1.75, 15.25], "texture": "#1"},
				"west": {"uv": [2, 15, 2.25, 15.25], "texture": "#1"},
				"up": {"uv": [2.75, 15.25, 2.5, 15], "texture": "#1"},
				"down": {"uv": [15.25, 2.5, 15, 2.75], "texture": "#1"}
			}
		},
		{
			"from": [7.625, 8.75, 4],
			"to": [8.375, 9.75, 6.5],
			"rotation": {"angle": -22.5, "axis": "x", "origin": [10.875, 8.75, 6.75]},
			"faces": {
				"north": {"uv": [14.5, 0.5, 15, 1], "texture": "#1"},
				"east": {"uv": [9, 3, 10.25, 3.5], "texture": "#1"},
				"south": {"uv": [1, 14.5, 1.5, 15], "texture": "#1"},
				"west": {"uv": [12.5, 0.5, 13.75, 1], "texture": "#1"},
				"up": {"uv": [11, 13.75, 10.5, 12.5], "texture": "#1"},
				"down": {"uv": [11.5, 12.5, 11, 13.75], "texture": "#1"}
			}
		},
		{
			"from": [7.5, 4.75, 15.75],
			"to": [8.5, 6, 16.25],
			"rotation": {"angle": 0, "axis": "y", "origin": [7, 0, 21.5]},
			"faces": {
				"north": {"uv": [9.5, 13.5, 10, 14.25], "texture": "#1"},
				"east": {"uv": [3.5, 14.5, 3.75, 15.25], "texture": "#1"},
				"south": {"uv": [13.5, 12.5, 14, 13.25], "texture": "#1"},
				"west": {"uv": [5, 14.5, 5.25, 15.25], "texture": "#1"},
				"up": {"uv": [9.5, 14.75, 9, 14.5], "texture": "#1"},
				"down": {"uv": [10, 14.5, 9.5, 14.75], "texture": "#1"}
			}
		},
		{
			"from": [7.75, 5.25, 14.95],
			"to": [8.25, 6, 15.45],
			"rotation": {"angle": 0, "axis": "y", "origin": [7.25, 0, 21.5]},
			"faces": {
				"north": {"uv": [10, 14.5, 10.25, 15], "texture": "#1"},
				"east": {"uv": [14.5, 10, 14.75, 10.5], "texture": "#1"},
				"south": {"uv": [10.5, 14.5, 10.75, 15], "texture": "#1"},
				"west": {"uv": [14.5, 10.5, 14.75, 11], "texture": "#1"},
				"up": {"uv": [3.25, 15.25, 3, 15], "texture": "#1"},
				"down": {"uv": [15.25, 3, 15, 3.25], "texture": "#1"}
			}
		},
		{
			"from": [7.5, 4.25, 13.75],
			"to": [8.5, 4.75, 16],
			"rotation": {"angle": 0, "axis": "y", "origin": [7, 0, 21.5]},
			"faces": {
				"north": {"uv": [11, 14.5, 11.5, 14.75], "texture": "#1"},
				"east": {"uv": [1, 14, 2.25, 14.25], "texture": "#1"},
				"south": {"uv": [14.5, 11, 15, 11.25], "texture": "#1"},
				"west": {"uv": [14, 2, 15.25, 2.25], "texture": "#1"},
				"up": {"uv": [12, 13.75, 11.5, 12.5], "texture": "#1"},
				"down": {"uv": [12.5, 12.5, 12, 13.75], "texture": "#1"}
			}
		},
		{
			"from": [7.5, 4.75, 13.5],
			"to": [8.5, 6, 14],
			"rotation": {"angle": 0, "axis": "y", "origin": [7, 0, 21.5]},
			"faces": {
				"north": {"uv": [13.5, 13.5, 14, 14.25], "texture": "#1"},
				"east": {"uv": [14.5, 5, 14.75, 5.75], "texture": "#1"},
				"south": {"uv": [0, 14, 0.5, 14.75], "texture": "#1"},
				"west": {"uv": [5.5, 14.5, 5.75, 15.25], "texture": "#1"},
				"up": {"uv": [12, 14.75, 11.5, 14.5], "texture": "#1"},
				"down": {"uv": [15, 11.5, 14.5, 11.75], "texture": "#1"}
			}
		}
	],
	"gui_light": "front",
	"display": {
		"thirdperson_righthand": {
			"rotation": [60, 3.5, 0],
			"translation": [-2.5, 4.75, -1.75],
			"scale": [0.8, 0.8, 0.65]
		},
		"thirdperson_lefthand": {
			"rotation": [10, -180, 0],
			"translation": [0, 2.25, 14],
			"scale": [0.8, 0.8, 0.65]
		},
		"firstperson_righthand": {
			"rotation": [28, -5, 14],
			"translation": [2.5, 2.5, -3.5]
		},
		"firstperson_lefthand": {
			"rotation": [-66, -180, 0],
			"translation": [1, 2.25, 0.75]
		},
		"ground": {
			"translation": [0, 2.25, 0],
			"scale": [0.5, 0.5, 0.5]
		},
		"gui": {
			"rotation": [90, -56, 90],
			"translation": [-0.75, 2.25, 0],
			"scale": [1, 0.9, 0.5]
		},
		"fixed": {
			"rotation": [0, 90, 0],
			"translation": [-0.5, 0.5, -1.25],
			"scale": [1.3, 1.3, 1.3]
		}
	}
}