{
  "credit": "Zimoxy_created",
  "texture_size": [
    64,
    64
  ],
  "elements": [
    {
      "from": [
        5.1,
        0,
        5
      ],
      "to": [
        12.1,
        7,
        12
      ],
      "faces": {
        "north": {
          "uv": [
            0,
            0,
            1.75,
            1.75
          ],
          "texture": "#0"
        },
        "east": {
          "uv": [
            0,
            0,
            1.75,
            1.75
          ],
          "texture": "#0"
        },
        "south": {
          "uv": [
            0,
            0,
            1.75,
            1.75
          ],
          "texture": "#0"
        },
        "west": {
          "uv": [
            0,
            0,
            1.75,
            1.75
          ],
          "texture": "#0"
        },
        "up": {
          "uv": [
            0,
            0,
            1.75,
            1.75
          ],
          "texture": "#0"
        },
        "down": {
          "uv": [
            0,
            0,
            1.75,
            1.75
          ],
          "texture": "#0"
        }
      }
    },
    {
      "from": [
        8,
        5,
        7
      ],
      "to": [
        9,
        11,
        8
      ],
      "rotation": {
        "angle": 0,
        "axis": "y",
        "origin": [
          0,
          -2,
          0
        ]
      },
      "faces": {
        "north": {
          "uv": [
            0,
            0,
            0.25,
            1.5
          ],
          "texture": "#1"
        },
        "east": {
          "uv": [
            0,
            0,
            0.25,
            1.5
          ],
          "texture": "#1"
        },
        "south": {
          "uv": [
            0,
            0,
            0.25,
            1.5
          ],
          "texture": "#1"
        },
        "west": {
          "uv": [
            0,
            0,
            0.25,
            1.5
          ],
          "texture": "#1"
        },
        "up": {
          "uv": [
            0,
            0,
            0.25,
            0.25
          ],
          "texture": "#1"
        },
        "down": {
          "uv": [
            0,
            0,
            0.25,
            0.25
          ],
          "texture": "#1"
        }
      }
    },
    {
      "from": [
        8,
        12,
        2
      ],
      "to": [
        9,
        13,
        4
      ],
      "rotation": {
        "angle": 22.5,
        "axis": "x",
        "origin": [
          0,
          -2,
          0
        ]
      },
      "faces": {
        "north": {
          "uv": [
            0,
            0,
            0.25,
            0.25
          ],
          "rotation": 180,
          "texture": "#1"
        },
        "east": {
          "uv": [
            0,
            0,
            0.25,
            0.5
          ],
          "rotation": 270,
          "texture": "#1"
        },
        "south": {
          "uv": [
            0,
            0,
            0.25,
            0.25
          ],
          "texture": "#1"
        },
        "west": {
          "uv": [
            0,
            0,
            0.25,
            0.5
          ],
          "rotation": 90,
          "texture": "#1"
        },
        "up": {
          "uv": [
            0,
            0,
            0.25,
            0.5
          ],
          "rotation": 180,
          "texture": "#1"
        },
        "down": {
          "uv": [
            0,
            0,
            0.25,
            0.5
          ],
          "texture": "#1"
        }
      }
    },
    {
      "from": [
        8,
        5,
        12
      ],
      "to": [
        9,
        6,
        16
      ],
      "rotation": {
        "angle": -22.5,
        "axis": "x",
        "origin": [
          0,
          -2,
          0
        ]
      },
      "faces": {
        "north": {
          "uv": [
            0,
            0,
            0.25,
            0.25
          ],
          "rotation": 180,
          "texture": "#1"
        },
        "east": {
          "uv": [
            0,
            0,
            0.25,
            1
          ],
          "rotation": 270,
          "texture": "#1"
        },
        "south": {
          "uv": [
            0,
            0,
            0.25,
            0.25
          ],
          "texture": "#1"
        },
        "west": {
          "uv": [
            0,
            0,
            0.25,
            1
          ],
          "rotation": 90,
          "texture": "#1"
        },
        "up": {
          "uv": [
            0,
            0,
            0.25,
            1
          ],
          "rotation": 180,
          "texture": "#1"
        },
        "down": {
          "uv": [
            0,
            0,
            0.25,
            1
          ],
          "texture": "#1"
        }
      }
    }
  ],
  "display": {
    "thirdperson_righthand": {
      "rotation": [
        9,
        0,
        0
      ],
      "translation": [
        -0.5,
        0.5,
        0
      ],
      "scale": [
        0.42,
        0.39,
        0.39
      ]
    },
    "thirdperson_lefthand": {
      "rotation": [
        9,
        0,
        0
      ],
      "translation": [
        0.5,
        0.5,
        0
      ],
      "scale": [
        0.42,
        0.39,
        0.39
      ]
    },
    "firstperson_righthand": {
      "translation": [
        -4,
        6.25,
        5.5
      ],
      "scale": [
        0.43,
        0.43,
        0.31
      ]
    },
    "firstperson_lefthand": {
      "translation": [
        -4,
        6.25,
        5.5
      ],
      "scale": [
        0.43,
        0.43,
        0.31
      ]
    },
    "ground": {
      "translation": [
        0,
        2.5,
        0
      ],
      "scale": [
        0.71,
        0.69,
        0.71
      ]
    },
    "gui": {
      "rotation": [
        33.23,
        56.78,
        -38.07
      ],
      "translation": [
        0.5,
        3,
        0
      ]
    },
    "head": {
      "translation": [
        0,
        -12,
        -5.5
      ]
    },
    "fixed": {
      "translation": [
        -0.75,
        4.5,
        0
      ]
    }
  },
  "groups": [
    0,
    {
      "name": "group",
      "origin": [
        0,
        0,
        0
      ],
      "color": 0,
      "children": [
        1,
        2,
        3
      ]
    }
  ],
  "textures": {
    "0": "items/grenade.png",
    "1": "items/grenade2.png",
    "particle": "items/grenade.png"
  }
}
