{
	"credit": "Made with Blockbench",
	"texture_size": [64, 64],
	"textures": {
		"particle": "items/lewis.png"
	},
	"elements": [
		{
			"from": [8.75, 3.25, -3.5],
			"to": [8.75, 10.75, -2],
			"rotation": {"angle": 22.5, "axis": "z", "origin": [8.75, 11.25, -2.75]},
			"faces": {
				"north": {"uv": [0, 0, 1, 1], "rotation": 180, "texture": "#particle"},
				"east": {"uv": [15.25, 0, 16, 4], "texture": "#particle"},
				"south": {"uv": [4.5, 0, 5, 0.66667], "rotation": 180, "texture": "#particle"},
				"west": {"uv": [16, 0, 15.25, 4], "texture": "#particle"},
				"up": {"uv": [2.75, 7.33333, 3, 7.66667], "rotation": 180, "texture": "#particle"},
				"down": {"uv": [0, 11.33333, 4.75, 11.66667], "rotation": 270, "texture": "#particle"}
			}
		},
		{
			"from": [7.25, 3.25, -3.5],
			"to": [7.25, 10.75, -2],
			"rotation": {"angle": -22.5, "axis": "z", "origin": [7.25, 11.25, -2.75]},
			"faces": {
				"north": {"uv": [0, 0, 1, 1], "rotation": 180, "texture": "#particle"},
				"east": {"uv": [15.25, 0, 16, 4], "texture": "#particle"},
				"south": {"uv": [4.5, 0, 5, 0.66667], "rotation": 180, "texture": "#particle"},
				"west": {"uv": [16, 0, 15.25, 3.75], "texture": "#particle"},
				"up": {"uv": [2.75, 7.33333, 3, 7.66667], "rotation": 180, "texture": "#particle"},
				"down": {"uv": [0, 11.33333, 4.75, 11.66667], "rotation": 270, "texture": "#particle"}
			}
		},
		{
			"from": [8, 9.25, 8.5],
			"to": [8, 11.25, 15],
			"rotation": {"angle": 0, "axis": "y", "origin": [8, 13.25, 17.5]},
			"faces": {
				"north": {"uv": [0, 0, 1, 1], "rotation": 180, "texture": "#particle"},
				"east": {"uv": [9.25, 2.5, 12.5, 3.5], "texture": "#particle"},
				"south": {"uv": [4.5, 0, 5, 0.66667], "rotation": 180, "texture": "#particle"},
				"west": {"uv": [12.5, 2.5, 9.25, 3.5], "texture": "#particle"},
				"up": {"uv": [2.75, 7.33333, 3, 7.66667], "rotation": 180, "texture": "#particle"},
				"down": {"uv": [0, 11.33333, 4.75, 11.66667], "rotation": 270, "texture": "#particle"}
			}
		},
		{
			"from": [8.75, 11.75, 12],
			"to": [9.75, 12.25, 12],
			"rotation": {"angle": 0, "axis": "y", "origin": [8.75, 11.75, 21]},
			"faces": {
				"north": {"uv": [14.75, 0.75, 15.25, 1], "rotation": 180, "texture": "#particle"},
				"east": {"uv": [7.25, 14.33333, 0, 15], "texture": "#particle"},
				"south": {"uv": [15.25, 0.75, 14.75, 1], "rotation": 180, "texture": "#particle"},
				"west": {"uv": [0, 14.33333, 7.25, 15], "texture": "#particle"},
				"up": {"uv": [2.75, 7.33333, 3, 7.66667], "rotation": 180, "texture": "#particle"},
				"down": {"uv": [0, 11.33333, 4.75, 11.66667], "rotation": 270, "texture": "#particle"}
			}
		},
		{
			"from": [8, 14.25, -7],
			"to": [8, 15.75, -6],
			"rotation": {"angle": 0, "axis": "y", "origin": [8.75, 13, -3]},
			"faces": {
				"north": {"uv": [5.25, 6.75, 6, 7.5], "texture": "#particle"},
				"east": {"uv": [14.75, 0, 15.25, 0.75], "texture": "#particle"},
				"south": {"uv": [0, 0, 0, 0], "texture": "#particle"},
				"west": {"uv": [15.25, 0, 14.75, 0.75], "texture": "#particle"},
				"up": {"uv": [0, 7.5, 5.25, 8.25], "rotation": 270, "texture": "#particle"},
				"down": {"uv": [0, 7.5, 5.25, 8.25], "rotation": 90, "texture": "#particle"}
			}
		},
		{
			"from": [7.25, 13.75, 18],
			"to": [8.75, 16.75, 18],
			"rotation": {"angle": 0, "axis": "y", "origin": [8.75, 13, -3]},
			"faces": {
				"north": {"uv": [13, 2.25, 13.75, 3.75], "texture": "#particle"},
				"east": {"uv": [14.75, 0, 15.25, 0.75], "texture": "#particle"},
				"south": {"uv": [13.75, 2.25, 13, 3.75], "texture": "#particle"},
				"west": {"uv": [15.25, 0, 14.75, 0.75], "texture": "#particle"},
				"up": {"uv": [0, 7.5, 5.25, 8.25], "rotation": 270, "texture": "#particle"},
				"down": {"uv": [0, 7.5, 5.25, 8.25], "rotation": 90, "texture": "#particle"}
			}
		},
		{
			"from": [6.25, 12.75, 7.5],
			"to": [9.75, 13.75, 18.5],
			"rotation": {"angle": 0, "axis": "y", "origin": [7.75, 12.75, 15.5]},
			"faces": {
				"east": {"uv": [0, 8.5, 5.5, 9], "texture": "#particle"},
				"south": {"uv": [0, 8.5, 0.25, 9], "texture": "#particle"},
				"west": {"uv": [5.5, 8.5, 0, 9], "texture": "#particle"},
				"up": {"uv": [0, 9, 5.5, 10.75], "rotation": 270, "texture": "#particle"},
				"down": {"uv": [0, 9, 5.5, 10.75], "rotation": 90, "texture": "#particle"}
			}
		},
		{
			"from": [7.5, 6.75, 14.5],
			"to": [8.5, 11.25, 16.5],
			"rotation": {"angle": -22.5, "axis": "x", "origin": [7.5, 11.25, 14.5]},
			"faces": {
				"north": {"uv": [14.25, 0, 14.75, 2.25], "texture": "#particle"},
				"east": {"uv": [13, 0, 14, 2.25], "texture": "#particle"},
				"south": {"uv": [14, 0, 14.25, 2.25], "texture": "#particle"},
				"west": {"uv": [14, 0, 13, 2.25], "texture": "#particle"},
				"down": {"uv": [13, 2, 14, 2.25], "rotation": 90, "texture": "#particle"}
			}
		},
		{
			"from": [7.5, 9.75, 23],
			"to": [8.5, 12.25, 28],
			"rotation": {"angle": 22.5, "axis": "x", "origin": [8, 12.25, 23]},
			"faces": {
				"north": {"uv": [13.5, 3.75, 13.75, 5], "texture": "#particle"},
				"east": {"uv": [11.25, 3.75, 13.75, 5], "texture": "#particle"},
				"south": {"uv": [11.25, 3.75, 11.5, 5], "texture": "#particle"},
				"west": {"uv": [13.75, 3.75, 11.25, 5], "texture": "#particle"},
				"down": {"uv": [11.25, 5, 13.75, 5.5], "rotation": 90, "texture": "#particle"}
			}
		},
		{
			"from": [7.5, 9.75, 19],
			"to": [8.5, 11.75, 23],
			"rotation": {"angle": 22.5, "axis": "x", "origin": [8, 12.25, 23]},
			"faces": {
				"east": {"uv": [13.75, 4, 15.75, 5], "texture": "#particle"},
				"west": {"uv": [15.75, 4, 13.75, 5], "texture": "#particle"},
				"up": {"uv": [13.75, 4, 15.75, 4.25], "rotation": 270, "texture": "#particle"},
				"down": {"uv": [13.75, 5, 15.75, 5.5], "rotation": 90, "texture": "#particle"}
			}
		},
		{
			"from": [7.25, 11.25, 7.5],
			"to": [8.75, 13.75, 19.5],
			"rotation": {"angle": 0, "axis": "y", "origin": [8.75, 11.25, 5.5]},
			"faces": {
				"north": {"uv": [5.75, 5.25, 6, 6.5], "texture": "#particle"},
				"east": {"uv": [0, 5.25, 6, 6.5], "texture": "#particle"},
				"south": {"uv": [0, 5.25, 0.25, 6.5], "texture": "#particle"},
				"west": {"uv": [6, 7.25, 0, 8.5], "texture": "#particle"},
				"up": {"uv": [0, 5.25, 6, 5.5], "rotation": 270, "texture": "#particle"},
				"down": {"uv": [0, 6.5, 6, 7.25], "rotation": 90, "texture": "#particle"}
			}
		},
		{
			"from": [7.25, 9.75, 23],
			"to": [8.75, 12.25, 28],
			"rotation": {"angle": 0, "axis": "y", "origin": [8.75, 9.25, 21]},
			"faces": {
				"north": {"uv": [9.75, 8.25, 10, 9.5], "texture": "#particle"},
				"east": {"uv": [7.5, 8.25, 10, 9.5], "texture": "#particle"},
				"south": {"uv": [10, 8.25, 10.75, 9.5], "texture": "#particle"},
				"west": {"uv": [10, 8.25, 7.5, 9.5], "texture": "#particle"},
				"up": {"uv": [7.5, 9.5, 10, 10.25], "rotation": 270, "texture": "#particle"},
				"down": {"uv": [7.5, 9.25, 10, 9.5], "rotation": 90, "texture": "#particle"}
			}
		},
		{
			"from": [4.25, 13.25, 7.5],
			"to": [11.75, 15.25, 15],
			"rotation": {"angle": 0, "axis": "y", "origin": [5.75, 13.75, 5.5]},
			"faces": {
				"north": {"uv": [7.5, 7.25, 11.25, 8.25], "texture": "#particle"},
				"east": {"uv": [7.5, 7.25, 11.25, 8.25], "texture": "#particle"},
				"south": {"uv": [7.5, 7.25, 11.25, 8.25], "texture": "#particle"},
				"west": {"uv": [7.5, 7.25, 11.25, 8.25], "texture": "#particle"},
				"up": {"uv": [7.5, 3.5, 11.25, 7.25], "rotation": 270, "texture": "#particle"},
				"down": {"uv": [7.5, 3.5, 11.25, 7.25], "rotation": 90, "texture": "#particle"}
			}
		},
		{
			"from": [6.25, 10.75, -7.5],
			"to": [9.75, 14.25, 7.5],
			"rotation": {"angle": 0, "axis": "y", "origin": [7.75, 8.75, 2.5]},
			"faces": {
				"north": {"uv": [7.5, 0, 9.25, 1.75], "texture": "#particle"},
				"east": {"uv": [0, 0, 7.5, 1.75], "texture": "#particle"},
				"south": {"uv": [7.5, 1.75, 9.25, 3.5], "texture": "#particle"},
				"west": {"uv": [7.5, 0, 0, 1.75], "texture": "#particle"},
				"up": {"uv": [0, 3.5, 7.5, 5.25], "rotation": 270, "texture": "#particle"},
				"down": {"uv": [0, 1.75, 7.5, 3.5], "rotation": 90, "texture": "#particle"}
			}
		},
		{
			"from": [6.75, 11.25, -12.5],
			"to": [9.25, 13.75, -7.5],
			"rotation": {"angle": 0, "axis": "y", "origin": [8.25, 9.25, -2.5]},
			"faces": {
				"north": {"uv": [11.75, 0, 13, 1.25], "texture": "#particle"},
				"east": {"uv": [9.25, 0, 11.75, 1.25], "texture": "#particle"},
				"south": {"uv": [11.25, 0, 12.25, 1], "texture": "#particle"},
				"west": {"uv": [11.75, 0, 9.25, 1.25], "texture": "#particle"},
				"up": {"uv": [9.25, 1.25, 11.75, 2.5], "rotation": 270, "texture": "#particle"},
				"down": {"uv": [9.25, 1, 11.75, 1.25], "rotation": 90, "texture": "#particle"}
			}
		}
	],
	"display": {
		"thirdperson_righthand": {
			"rotation": [41, 1.5, -1.5],
			"translation": [-0.5, 1.5, -4.25],
			"scale": [0.8, 0.8, 0.8]
		},
		"thirdperson_lefthand": {
			"rotation": [41, 1.5, -1.5],
			"translation": [-0.5, 1.5, -4.25],
			"scale": [0.8, 0.8, 0.8]
		},
		"firstperson_righthand": {
			"rotation": [2.5, -0.5, 2],
			"translation": [-0.5, -1.5, -5]
		},
		"firstperson_lefthand": {
			"rotation": [4, 0, 0],
			"translation": [-9, -0.5, -5.5]
		},
		"ground": {
			"rotation": [0, 0, 90],
			"translation": [3.75, 0, 1],
			"scale": [0.8, 0.8, 0.8]
		},
		"gui": {
			"rotation": [-35, 145, 5],
			"translation": [0, -2, 0],
			"scale": [0.55, 0.55, 0.55]
		},
		"head": {
			"rotation": [90, 20, 90],
			"translation": [2, -9, 7.5]
		},
		"fixed": {
			"rotation": [0, 90, 0],
			"translation": [2, -2.75, -1]
		}
	}
}