{
	"credit": "Made with Blockbench",
	"texture_size": [64, 64],
	"textures": {
		"1": "items/mg08",
		"particle": "items/mg08"
	},
	"elements": [
		{
			"from": [7, 7.75, 21.5],
			"to": [9, 10.75, 31.5],
			"rotation": {"angle": 0, "axis": "y", "origin": [-2.575, -0.23463, 20.65224]},
			"faces": {
				"east": {"uv": [4.5, 0, 7, 0.75], "texture": "#1"},
				"south": {"uv": [4, 7.75, 4.5, 8.5], "texture": "#1"},
				"west": {"uv": [4.5, 0.75, 7, 1.5], "texture": "#1"},
				"up": {"uv": [5.5, 6, 5, 3.5], "texture": "#1"},
				"down": {"uv": [4, 5.5, 3.5, 8], "texture": "#1"}
			}
		},
		{
			"from": [7, 10.75, 24.1],
			"to": [9, 11.25, 26.25],
			"rotation": {"angle": 0, "axis": "y", "origin": [2.425, -0.23463, 20.65224]},
			"faces": {
				"north": {"uv": [9.5, 9.25, 10, 9.375], "texture": "#1"},
				"east": {"uv": [9.75, 0, 10.25, 0.125], "texture": "#1"},
				"west": {"uv": [9.75, 0.25, 10.25, 0.375], "texture": "#1"},
				"up": {"uv": [8.5, 8.75, 8, 8.25], "texture": "#1"}
			}
		},
		{
			"from": [7.25, 13, 11.1],
			"to": [8.75, 13.5, 16.1],
			"rotation": {"angle": 0, "axis": "y", "origin": [2.425, -0.23463, 20.65224]},
			"faces": {
				"north": {"uv": [9.75, 5.5, 10.125, 5.625], "texture": "#1"},
				"east": {"uv": [9, 0.75, 10.25, 0.875], "texture": "#1"},
				"south": {"uv": [9.75, 5.75, 10.125, 5.875], "texture": "#1"},
				"west": {"uv": [9, 1.5, 10.25, 1.625], "texture": "#1"},
				"up": {"uv": [6.875, 8.5, 6.5, 7.25], "texture": "#1"}
			}
		},
		{
			"from": [8.25, 13.5, 15.6],
			"to": [8.75, 14, 16.1],
			"rotation": {"angle": 0, "axis": "y", "origin": [2.425, -0.23463, 20.65224]},
			"faces": {
				"north": {"uv": [10, 8.5, 10.125, 8.625], "texture": "#1"},
				"east": {"uv": [10, 8.75, 10.125, 8.875], "texture": "#1"},
				"south": {"uv": [10, 9.25, 10.125, 9.375], "texture": "#1"},
				"west": {"uv": [9.5, 10, 9.625, 10.125], "texture": "#1"},
				"up": {"uv": [10.125, 9.625, 10, 9.5], "texture": "#1"}
			}
		},
		{
			"from": [7.25, 13.5, 15.6],
			"to": [7.75, 14, 16.1],
			"rotation": {"angle": 0, "axis": "y", "origin": [2.425, -0.23463, 20.65224]},
			"faces": {
				"north": {"uv": [10.25, 0.75, 10.375, 0.875], "texture": "#1"},
				"east": {"uv": [1, 10.25, 1.125, 10.375], "texture": "#1"},
				"south": {"uv": [10.25, 1, 10.375, 1.125], "texture": "#1"},
				"west": {"uv": [1.25, 10.25, 1.375, 10.375], "texture": "#1"},
				"up": {"uv": [10.375, 1.375, 10.25, 1.25], "texture": "#1"}
			}
		},
		{
			"from": [7.25, 13, -10.9],
			"to": [8.75, 13.5, -10.4],
			"rotation": {"angle": 0, "axis": "y", "origin": [2.425, -0.23463, 20.65224]},
			"faces": {
				"north": {"uv": [9.75, 6, 10.125, 6.125], "texture": "#1"},
				"east": {"uv": [9.75, 10, 9.875, 10.125], "texture": "#1"},
				"south": {"uv": [9.75, 6.25, 10.125, 6.375], "texture": "#1"},
				"west": {"uv": [10, 9.75, 10.125, 9.875], "texture": "#1"},
				"up": {"uv": [10.125, 6.625, 9.75, 6.5], "texture": "#1"}
			}
		},
		{
			"from": [7.75, 13.5, -10.9],
			"to": [8.25, 14, -10.4],
			"rotation": {"angle": 0, "axis": "y", "origin": [2.425, -0.23463, 20.65224]},
			"faces": {
				"north": {"uv": [10, 10, 10.125, 10.125], "texture": "#1"},
				"east": {"uv": [0, 10.25, 0.125, 10.375], "texture": "#1"},
				"south": {"uv": [10.25, 0, 10.375, 0.125], "texture": "#1"},
				"west": {"uv": [0.25, 10.25, 0.375, 10.375], "texture": "#1"},
				"up": {"uv": [10.375, 0.375, 10.25, 0.25], "texture": "#1"}
			}
		},
		{
			"from": [7, 6.75, 29],
			"to": [9, 7.75, 32],
			"rotation": {"angle": 0, "axis": "y", "origin": [2.425, -0.23463, 20.65224]},
			"faces": {
				"north": {"uv": [5, 6, 5.5, 6.25], "texture": "#1"},
				"east": {"uv": [6.25, 3.25, 7, 3.5], "texture": "#1"},
				"south": {"uv": [9.25, 1, 9.75, 1.25], "texture": "#1"},
				"west": {"uv": [8.75, 4.5, 9.5, 4.75], "texture": "#1"},
				"up": {"uv": [5, 8.5, 4.5, 7.75], "texture": "#1"},
				"down": {"uv": [8.25, 5, 7.75, 5.75], "texture": "#1"}
			}
		},
		{
			"from": [7, 7.25, 25],
			"to": [9, 7.75, 29],
			"rotation": {"angle": 0, "axis": "y", "origin": [2.425, -0.23463, 20.65224]},
			"faces": {
				"north": {"uv": [9.75, 0.5, 10.25, 0.625], "texture": "#1"},
				"east": {"uv": [9.25, 1.25, 10.25, 1.375], "texture": "#1"},
				"west": {"uv": [9.25, 2.25, 10.25, 2.375], "texture": "#1"},
				"down": {"uv": [5.5, 7.25, 5, 8.25], "texture": "#1"}
			}
		},
		{
			"from": [7, 10.75, 26.25],
			"to": [9, 11.75, 32],
			"rotation": {"angle": 0, "axis": "y", "origin": [2.425, -0.23463, 20.65224]},
			"faces": {
				"north": {"uv": [2.5, 9.25, 3, 9.5], "texture": "#1"},
				"east": {"uv": [7.75, 2.25, 9.25, 2.5], "texture": "#1"},
				"south": {"uv": [9.25, 2.5, 9.75, 2.75], "texture": "#1"},
				"west": {"uv": [7.75, 2.5, 9.25, 2.75], "texture": "#1"},
				"up": {"uv": [2, 8, 1.5, 6.5], "texture": "#1"},
				"down": {"uv": [7.5, 0, 7, 1.5], "texture": "#1"}
			}
		},
		{
			"from": [7, 11.75, 27.25],
			"to": [9, 12.25, 32],
			"rotation": {"angle": 0, "axis": "y", "origin": [2.425, -0.23463, 20.65224]},
			"faces": {
				"north": {"uv": [9.75, 1, 10.25, 1.125], "texture": "#1"},
				"east": {"uv": [9, 1.75, 10.25, 1.875], "texture": "#1"},
				"south": {"uv": [1.25, 9.75, 1.75, 9.875], "texture": "#1"},
				"west": {"uv": [9, 2.75, 10.25, 2.875], "texture": "#1"},
				"up": {"uv": [7.5, 7.25, 7, 6], "texture": "#1"}
			}
		},
		{
			"from": [6.75, 7, 10.5],
			"to": [9.25, 12, 21.5],
			"rotation": {"angle": 0, "axis": "y", "origin": [7, 0, 22.5]},
			"faces": {
				"north": {"uv": [0, 6.5, 0.625, 7.75], "texture": "#1"},
				"east": {"uv": [2, 2, 4.75, 3.25], "texture": "#1"},
				"south": {"uv": [0.75, 6.5, 1.375, 7.75], "texture": "#1"},
				"west": {"uv": [2, 3.25, 4.75, 4.5], "texture": "#1"},
				"up": {"uv": [2.625, 7.25, 2, 4.5], "texture": "#1"},
				"down": {"uv": [3.375, 4.5, 2.75, 7.25], "texture": "#1"}
			}
		},
		{
			"from": [9.25, 10.5, 6.5],
			"to": [9.75, 12.5, 10.5],
			"rotation": {"angle": 0, "axis": "y", "origin": [7, 0, 22.5]},
			"faces": {
				"north": {"uv": [9.75, 3, 9.875, 3.5], "texture": "#1"},
				"east": {"uv": [5.5, 7.25, 6.5, 7.75], "texture": "#1"},
				"south": {"uv": [3.25, 9.75, 3.375, 10.25], "texture": "#1"},
				"up": {"uv": [3.125, 10.25, 3, 9.25], "texture": "#1"},
				"down": {"uv": [3.625, 9.25, 3.5, 10.25], "texture": "#1"}
			}
		},
		{
			"from": [9.25, 5, 8],
			"to": [9.75, 10.5, 9],
			"rotation": {"angle": 0, "axis": "y", "origin": [7, 0, 22.5]},
			"faces": {
				"north": {"uv": [2, 9, 2.125, 10.375], "texture": "#1"},
				"south": {"uv": [2.25, 9, 2.375, 10.375], "texture": "#1"},
				"west": {"uv": [1.75, 8, 2, 9.375], "texture": "#1"},
				"down": {"uv": [10.125, 2.5, 10, 2.75], "texture": "#1"}
			}
		},
		{
			"from": [9.75, 5, 8],
			"to": [10.5, 5.5, 9],
			"rotation": {"angle": 0, "axis": "y", "origin": [7, 0, 22.5]},
			"faces": {
				"north": {"uv": [10, 3.5, 10.25, 3.625], "texture": "#1"},
				"east": {"uv": [10, 4, 10.25, 4.125], "texture": "#1"},
				"south": {"uv": [10, 4.25, 10.25, 4.375], "texture": "#1"},
				"up": {"uv": [6.75, 5.25, 6.5, 5], "texture": "#1"},
				"down": {"uv": [7, 6, 6.75, 6.25], "texture": "#1"}
			}
		},
		{
			"from": [6.75, 8.75, 6.5],
			"to": [9.25, 13, 10.5],
			"rotation": {"angle": 0, "axis": "y", "origin": [7, 0, 22.5]},
			"faces": {
				"north": {"uv": [7, 1.5, 7.625, 2.625], "texture": "#1"},
				"east": {"uv": [4, 5.5, 5, 6.625], "texture": "#1"},
				"west": {"uv": [5.5, 4, 6.5, 5.125], "texture": "#1"},
				"up": {"uv": [2.625, 8.25, 2, 7.25], "texture": "#1"},
				"down": {"uv": [3.375, 7.25, 2.75, 8.25], "texture": "#1"}
			}
		},
		{
			"from": [8.5, 4, 4],
			"to": [9.25, 8, 5.5],
			"rotation": {"angle": 22.5, "axis": "x", "origin": [8, 7.69444, 5]},
			"faces": {
				"north": {"uv": [4.75, 3.5, 5, 4.5], "texture": "#1"},
				"east": {"uv": [5.5, 7.75, 5.875, 8.75], "texture": "#1"},
				"south": {"uv": [5.25, 8.25, 5.5, 9.25], "texture": "#1"},
				"west": {"uv": [6, 7.75, 6.375, 8.75], "texture": "#1"},
				"down": {"uv": [4.75, 9.25, 4.5, 9.625], "texture": "#1"}
			}
		},
		{
			"from": [8.75, -1, 4],
			"to": [9.5, 4, 5.5],
			"rotation": {"angle": 22.5, "axis": "x", "origin": [8, 7.69444, 5]},
			"faces": {
				"north": {"uv": [3.5, 8, 3.75, 9.25], "texture": "#1"},
				"east": {"uv": [7, 7.25, 7.375, 8.5], "texture": "#1"},
				"south": {"uv": [3.75, 8, 4, 9.25], "texture": "#1"},
				"west": {"uv": [7.5, 0, 7.875, 1.25], "texture": "#1"},
				"up": {"uv": [5, 9.625, 4.75, 9.25], "texture": "#1"},
				"down": {"uv": [5.5, 9.25, 5.25, 9.625], "texture": "#1"}
			}
		},
		{
			"from": [9.5, -1, 4],
			"to": [10.5, -0.5, 5.5],
			"rotation": {"angle": 22.5, "axis": "x", "origin": [8, 7.69444, 5]},
			"faces": {
				"north": {"uv": [4.75, 10, 5, 10.125], "texture": "#1"},
				"east": {"uv": [9.75, 6.75, 10.125, 6.875], "texture": "#1"},
				"south": {"uv": [10, 5, 10.25, 5.125], "texture": "#1"},
				"up": {"uv": [0.25, 9.875, 0, 9.5], "texture": "#1"},
				"down": {"uv": [0.5, 9.5, 0.25, 9.875], "texture": "#1"}
			}
		},
		{
			"from": [9, -2.5, 4.5],
			"to": [9.5, -1, 5],
			"rotation": {"angle": 22.5, "axis": "x", "origin": [8, 7.69444, 5]},
			"faces": {
				"north": {"uv": [6.25, 9.75, 6.375, 10.125], "texture": "#1"},
				"east": {"uv": [9.75, 7, 9.875, 7.375], "texture": "#1"},
				"south": {"uv": [9.75, 7.5, 9.875, 7.875], "texture": "#1"},
				"west": {"uv": [8, 9.75, 8.125, 10.125], "texture": "#1"},
				"down": {"uv": [0.625, 10.25, 0.5, 10.375], "texture": "#1"}
			}
		},
		{
			"from": [6.5, -2.5, 4.5],
			"to": [7, -1, 5],
			"rotation": {"angle": 22.5, "axis": "x", "origin": [8, 7.69444, 5]},
			"faces": {
				"north": {"uv": [9.75, 8, 9.875, 8.375], "texture": "#1"},
				"east": {"uv": [8.25, 9.75, 8.375, 10.125], "texture": "#1"},
				"south": {"uv": [9.75, 8.5, 9.875, 8.875], "texture": "#1"},
				"west": {"uv": [9.25, 9.75, 9.375, 10.125], "texture": "#1"},
				"down": {"uv": [10.375, 0.5, 10.25, 0.625], "texture": "#1"}
			}
		},
		{
			"from": [5.5, -1, 4],
			"to": [6.5, -0.5, 5.5],
			"rotation": {"angle": 22.5, "axis": "x", "origin": [8, 7.69444, 5]},
			"faces": {
				"north": {"uv": [5.25, 10, 5.5, 10.125], "texture": "#1"},
				"south": {"uv": [5.5, 10, 5.75, 10.125], "texture": "#1"},
				"west": {"uv": [9.5, 9.75, 9.875, 9.875], "texture": "#1"},
				"up": {"uv": [0.75, 9.875, 0.5, 9.5], "texture": "#1"},
				"down": {"uv": [1, 9.5, 0.75, 9.875], "texture": "#1"}
			}
		},
		{
			"from": [6.5, -1, 4],
			"to": [7.25, 4, 5.5],
			"rotation": {"angle": 22.5, "axis": "x", "origin": [8, 7.69444, 5]},
			"faces": {
				"north": {"uv": [8, 5.75, 8.25, 7], "texture": "#1"},
				"east": {"uv": [7.5, 6, 7.875, 7.25], "texture": "#1"},
				"south": {"uv": [8, 7, 8.25, 8.25], "texture": "#1"},
				"west": {"uv": [7.5, 7.25, 7.875, 8.5], "texture": "#1"},
				"up": {"uv": [1.25, 9.875, 1, 9.5], "texture": "#1"},
				"down": {"uv": [2, 9.5, 1.75, 9.875], "texture": "#1"}
			}
		},
		{
			"from": [6.75, 4, 4],
			"to": [7.5, 8, 5.5],
			"rotation": {"angle": 22.5, "axis": "x", "origin": [8, 7.69444, 5]},
			"faces": {
				"north": {"uv": [8.5, 0, 8.75, 1], "texture": "#1"},
				"east": {"uv": [8, 0, 8.375, 1], "texture": "#1"},
				"south": {"uv": [0.5, 8.5, 0.75, 9.5], "texture": "#1"},
				"west": {"uv": [1.25, 8, 1.625, 9], "texture": "#1"},
				"down": {"uv": [3, 9.5, 2.75, 9.875], "texture": "#1"}
			}
		},
		{
			"from": [7.25, 0.5, 4],
			"to": [8.75, 1, 5.5],
			"rotation": {"angle": 22.5, "axis": "x", "origin": [8, 7.69444, 5]},
			"faces": {
				"north": {"uv": [0, 10, 0.375, 10.125], "texture": "#1"},
				"south": {"uv": [0.5, 10, 0.875, 10.125], "texture": "#1"},
				"up": {"uv": [9.375, 5.875, 9, 5.5], "texture": "#1"},
				"down": {"uv": [9.375, 6, 9, 6.375], "texture": "#1"}
			}
		},
		{
			"from": [6.5, 7.5, 4.25],
			"to": [9.5, 8.5, 5.75],
			"rotation": {"angle": 0, "axis": "y", "origin": [7, -1, 21.75]},
			"faces": {
				"north": {"uv": [8.5, 8.75, 9.25, 9], "texture": "#1"},
				"east": {"uv": [9.25, 8, 9.625, 8.25], "texture": "#1"},
				"south": {"uv": [9, 0, 9.75, 0.25], "texture": "#1"},
				"west": {"uv": [9.25, 8.75, 9.625, 9], "texture": "#1"},
				"down": {"uv": [9, 7.5, 8.25, 7.875], "texture": "#1"}
			}
		},
		{
			"from": [6.5, 8.5, 3.75],
			"to": [9.5, 9.5, 6.25],
			"rotation": {"angle": 0, "axis": "y", "origin": [7, -0.75, 21.75]},
			"faces": {
				"north": {"uv": [9, 0.25, 9.75, 0.5], "texture": "#1"},
				"east": {"uv": [2.5, 9, 3.125, 9.25], "texture": "#1"},
				"south": {"uv": [9, 0.5, 9.75, 0.75], "texture": "#1"},
				"west": {"uv": [9, 3, 9.625, 3.25], "texture": "#1"},
				"down": {"uv": [8.25, 4, 7.5, 4.625], "texture": "#1"}
			}
		},
		{
			"from": [6.25, 9.5, -11.5],
			"to": [9.75, 13, 6.5],
			"rotation": {"angle": 0, "axis": "y", "origin": [7, 0, 22.5]},
			"faces": {
				"north": {"uv": [6.5, 4, 7.375, 4.875], "texture": "#1"},
				"east": {"uv": [0, 0, 4.5, 0.875], "texture": "#1"},
				"south": {"uv": [4, 6.75, 4.875, 7.625], "texture": "#1"},
				"west": {"uv": [0, 1, 4.5, 1.875], "texture": "#1"},
				"up": {"uv": [0.875, 6.5, 0, 2], "texture": "#1"},
				"down": {"uv": [1.875, 2, 1, 6.5], "texture": "#1"}
			}
		},
		{
			"from": [7.25, 9.5, -13],
			"to": [8.75, 11, -11.5],
			"rotation": {"angle": 0, "axis": "y", "origin": [7, 0, 22.5]},
			"faces": {
				"north": {"uv": [6.5, 9, 6.875, 9.375], "texture": "#1"},
				"east": {"uv": [9, 6.5, 9.375, 6.875], "texture": "#1"},
				"west": {"uv": [9, 7, 9.375, 7.375], "texture": "#1"},
				"up": {"uv": [7.875, 9.375, 7.5, 9], "texture": "#1"},
				"down": {"uv": [9.375, 7.5, 9, 7.875], "texture": "#1"}
			}
		},
		{
			"from": [7.5, 9.75, -15.5],
			"to": [8.5, 10.75, -13],
			"rotation": {"angle": 0, "axis": "y", "origin": [7, 0, 22.5]},
			"faces": {
				"north": {"uv": [0, 15.375, 0.625, 16], "texture": "#1"},
				"east": {"uv": [9, 3.25, 9.625, 3.5], "texture": "#1"},
				"west": {"uv": [9, 3.5, 9.625, 3.75], "texture": "#1"},
				"up": {"uv": [3.5, 9.625, 3.25, 9], "texture": "#1"},
				"down": {"uv": [4.25, 9, 4, 9.625], "texture": "#1"}
			}
		},
		{
			"from": [11.25, 10.5, 6.75],
			"to": [14.75, 11.5, 10.25],
			"rotation": {"angle": 0, "axis": "y", "origin": [6.75, 0, 22.5]},
			"faces": {
				"north": {"uv": [8.25, 8, 9.125, 8.25], "texture": "#1"},
				"east": {"uv": [8.5, 2, 9.375, 2.25], "texture": "#1"},
				"south": {"uv": [8.5, 8.25, 9.375, 8.5], "texture": "#1"},
				"west": {"uv": [8.5, 8.5, 9.375, 8.75], "texture": "#1"},
				"up": {"uv": [7.625, 5.875, 6.75, 5], "texture": "#1"}
			}
		},
		{
			"from": [11, 11.25, 6.75],
			"to": [11.75, 11.5, 10.25],
			"rotation": {"angle": -45, "axis": "z", "origin": [11, 11.625, 8.5]},
			"faces": {
				"north": {"uv": [6.5, 10, 6.75, 10.125], "texture": "#1"},
				"south": {"uv": [6.75, 10, 7, 10.125], "texture": "#1"},
				"west": {"uv": [9.25, 3.75, 10.125, 3.875], "texture": "#1"},
				"up": {"uv": [9, 0.875, 8.75, 0], "texture": "#1"},
				"down": {"uv": [5.75, 8.75, 5.5, 9.625], "texture": "#1"}
			}
		},
		{
			"from": [9.75, 13.75, 19],
			"to": [10.75, 14.75, 20],
			"rotation": {"angle": 45, "axis": "x", "origin": [9.5, 11.75, 18.75]},
			"faces": {
				"north": {"uv": [7.75, 5.75, 8, 6], "texture": "#1"},
				"east": {"uv": [9.75, 2.5, 10, 2.75], "texture": "#1"},
				"south": {"uv": [9.75, 3.5, 10, 3.75], "texture": "#1"},
				"west": {"uv": [4, 9.75, 4.25, 10], "texture": "#1"},
				"up": {"uv": [10, 4.25, 9.75, 4], "texture": "#1"},
				"down": {"uv": [10, 4.25, 9.75, 4.5], "texture": "#1"}
			}
		},
		{
			"from": [9.25, 9.23744, 19.6981],
			"to": [10.25, 10.73744, 21.1981],
			"rotation": {"angle": 0, "axis": "x", "origin": [10.25, 12.98744, 21.0481]},
			"faces": {
				"north": {"uv": [9.5, 5.5, 9.75, 5.875], "texture": "#1"},
				"east": {"uv": [8.5, 9, 8.875, 9.375], "texture": "#1"},
				"south": {"uv": [9.5, 6, 9.75, 6.375], "texture": "#1"},
				"up": {"uv": [6.75, 9.875, 6.5, 9.5], "texture": "#1"},
				"down": {"uv": [9.75, 6.5, 9.5, 6.875], "texture": "#1"}
			}
		},
		{
			"from": [6.25, 8.75, 8],
			"to": [6.75, 10.75, 17.5],
			"rotation": {"angle": 0, "axis": "x", "origin": [10.25, 12.98744, 21.0481]},
			"faces": {
				"north": {"uv": [4.5, 9.75, 4.625, 10.25], "texture": "#1"},
				"west": {"uv": [5.5, 3.5, 7.875, 4], "texture": "#1"},
				"up": {"uv": [5.125, 10.625, 5, 8.25], "texture": "#1"},
				"down": {"uv": [8.375, 5, 8.25, 7.375], "texture": "#1"}
			}
		},
		{
			"from": [6.25, 8.75, 17.5],
			"to": [6.75, 11.25, 21],
			"rotation": {"angle": 0, "axis": "x", "origin": [10.25, 12.98744, 21.0481]},
			"faces": {
				"north": {"uv": [8.75, 9.5, 8.875, 10.125], "texture": "#1"},
				"south": {"uv": [9, 9.5, 9.125, 10.125], "texture": "#1"},
				"west": {"uv": [7, 2.75, 7.875, 3.375], "texture": "#1"},
				"up": {"uv": [3.875, 10.125, 3.75, 9.25], "texture": "#1"},
				"down": {"uv": [4.375, 9.25, 4.25, 10.125], "texture": "#1"}
			}
		},
		{
			"from": [9.25, 9.23744, 17.2981],
			"to": [10.25, 10.73744, 18.7981],
			"rotation": {"angle": 0, "axis": "x", "origin": [10.25, 12.98744, 21.0481]},
			"faces": {
				"north": {"uv": [6.75, 9.5, 7, 9.875], "texture": "#1"},
				"east": {"uv": [9, 9, 9.375, 9.375], "texture": "#1"},
				"south": {"uv": [7, 9.5, 7.25, 9.875], "texture": "#1"},
				"up": {"uv": [9.75, 7.375, 9.5, 7], "texture": "#1"},
				"down": {"uv": [7.5, 9.5, 7.25, 9.875], "texture": "#1"}
			}
		},
		{
			"from": [9.25, 7.75, 19],
			"to": [9.75, 14.75, 20],
			"rotation": {"angle": 45, "axis": "x", "origin": [9.5, 11.75, 18.75]},
			"faces": {
				"north": {"uv": [5.75, 8.75, 5.875, 10.5], "texture": "#1"},
				"east": {"uv": [0, 7.75, 0.25, 9.5], "texture": "#1"},
				"south": {"uv": [6, 8.75, 6.125, 10.5], "texture": "#1"},
				"west": {"uv": [0.25, 7.75, 0.5, 9.5], "texture": "#1"},
				"up": {"uv": [7.125, 10.25, 7, 10], "texture": "#1"},
				"down": {"uv": [10.125, 7, 10, 7.25], "texture": "#1"}
			}
		},
		{
			"from": [14.75, 10.5, 6.75],
			"to": [15.5, 11, 10.25],
			"rotation": {"angle": 0, "axis": "y", "origin": [6.75, 0, 22.5]},
			"faces": {
				"north": {"uv": [7.25, 10, 7.5, 10.125], "texture": "#1"},
				"east": {"uv": [9.25, 4.75, 10.125, 4.875], "texture": "#1"},
				"south": {"uv": [10, 7.25, 10.25, 7.375], "texture": "#1"},
				"up": {"uv": [6.5, 9.625, 6.25, 8.75], "texture": "#1"}
			}
		},
		{
			"from": [9.5, 10.5, 7.25],
			"to": [12, 11, 9.75],
			"rotation": {"angle": -22.5, "axis": "z", "origin": [11, 10.75, 8.5]},
			"faces": {
				"north": {"uv": [9.5, 9, 10.125, 9.125], "texture": "#1"},
				"south": {"uv": [9.25, 9.5, 9.875, 9.625], "texture": "#1"},
				"up": {"uv": [1.125, 8.375, 0.5, 7.75], "texture": "#1"},
				"down": {"uv": [8.375, 1.5, 7.75, 2.125], "texture": "#1"}
			}
		},
		{
			"from": [10, 6.5, 6.75],
			"to": [16, 10.5, 10.25],
			"rotation": {"angle": 0, "axis": "y", "origin": [6.75, 0, 22.5]},
			"faces": {
				"north": {"uv": [3.5, 4.5, 5, 5.5], "texture": "#1"},
				"east": {"uv": [5, 6.25, 5.875, 7.25], "texture": "#1"},
				"south": {"uv": [4.75, 1.5, 6.25, 2.5], "texture": "#1"},
				"west": {"uv": [6, 6.25, 6.875, 7.25], "texture": "#1"},
				"up": {"uv": [6.25, 3.375, 4.75, 2.5], "texture": "#1"}
			}
		},
		{
			"from": [10, 5.5, 6.75],
			"to": [15, 6.5, 10.25],
			"rotation": {"angle": 0, "axis": "y", "origin": [6.75, 0, 22.5]},
			"faces": {
				"north": {"uv": [8, 1, 9.25, 1.25], "texture": "#1"},
				"east": {"uv": [8.75, 4, 9.625, 4.25], "texture": "#1"},
				"south": {"uv": [8, 3.75, 9.25, 4], "texture": "#1"},
				"west": {"uv": [8.75, 4.25, 9.625, 4.5], "texture": "#1"},
				"down": {"uv": [6.75, 5.25, 5.5, 6.125], "texture": "#1"}
			}
		},
		{
			"from": [14.5, 4.89289, 6.775],
			"to": [15.5, 6.29289, 10.225],
			"rotation": {"angle": -45, "axis": "z", "origin": [16, 5.79289, 8.5]},
			"faces": {
				"north": {"uv": [7.5, 9.5, 7.75, 9.875], "texture": "#1"},
				"east": {"uv": [8, 2.75, 8.875, 3.125], "texture": "#1"},
				"south": {"uv": [9.5, 7.5, 9.75, 7.875], "texture": "#1"},
				"west": {"uv": [8, 3.25, 8.875, 3.625], "texture": "#1"},
				"up": {"uv": [8.25, 9.625, 8, 8.75], "texture": "#1"},
				"down": {"uv": [8.5, 8.75, 8.25, 9.625], "texture": "#1"}
			}
		},
		{
			"from": [6.75, 7.75, 9.5],
			"to": [9.25, 8.75, 10.5],
			"rotation": {"angle": 0, "axis": "y", "origin": [7, 0, 22.5]},
			"faces": {
				"north": {"uv": [4.25, 9, 4.875, 9.25], "texture": "#1"},
				"east": {"uv": [4.75, 9.75, 5, 10], "texture": "#1"},
				"west": {"uv": [9.75, 5, 10, 5.25], "texture": "#1"},
				"down": {"uv": [9.625, 5, 9, 5.25], "texture": "#1"}
			}
		},
		{
			"from": [6.75, 12, 10.5],
			"to": [9.25, 13, 17],
			"rotation": {"angle": 0, "axis": "y", "origin": [7, 0, 22.5]},
			"faces": {
				"east": {"uv": [7.5, 1.25, 9.125, 1.5], "texture": "#1"},
				"south": {"uv": [9, 5.25, 9.625, 5.5], "texture": "#1"},
				"west": {"uv": [7.5, 4.75, 9.125, 5], "texture": "#1"},
				"up": {"uv": [6.875, 3.125, 6.25, 1.5], "texture": "#1"}
			}
		},
		{
			"from": [7, 2.5, 15.75],
			"to": [9, 5, 17.75],
			"rotation": {"angle": 0, "axis": "y", "origin": [7, 1, 22.5]},
			"faces": {
				"north": {"uv": [2, 8.25, 2.5, 8.875], "texture": "#1"},
				"east": {"uv": [2.5, 8.25, 3, 8.875], "texture": "#1"},
				"south": {"uv": [3, 8.25, 3.5, 8.875], "texture": "#1"},
				"west": {"uv": [8.25, 4, 8.75, 4.625], "texture": "#1"},
				"up": {"uv": [1.25, 9, 0.75, 8.5], "texture": "#1"},
				"down": {"uv": [9, 1.5, 8.5, 2], "texture": "#1"}
			}
		},
		{
			"from": [7, 2, 16],
			"to": [9, 2.5, 17.5],
			"rotation": {"angle": 0, "axis": "y", "origin": [7, 1, 22.5]},
			"faces": {
				"north": {"uv": [5.25, 9.75, 5.75, 9.875], "texture": "#1"},
				"east": {"uv": [1, 10, 1.375, 10.125], "texture": "#1"},
				"south": {"uv": [9.75, 5.25, 10.25, 5.375], "texture": "#1"},
				"west": {"uv": [1.5, 10, 1.875, 10.125], "texture": "#1"},
				"down": {"uv": [1.25, 9, 0.75, 9.375], "texture": "#1"}
			}
		},
		{
			"from": [7, 5, 15.75],
			"to": [9, 7, 17.5],
			"rotation": {"angle": 0, "axis": "y", "origin": [7, 1, 22.5]},
			"faces": {
				"north": {"uv": [4, 8.5, 4.5, 9], "texture": "#1"},
				"east": {"uv": [4.5, 8.5, 5, 9], "texture": "#1"},
				"south": {"uv": [8.5, 5, 9, 5.5], "texture": "#1"},
				"west": {"uv": [8.5, 5.5, 9, 6], "texture": "#1"}
			}
		},
		{
			"from": [7.05, 4.25, 16],
			"to": [8.95, 6.25, 18],
			"rotation": {"angle": 45, "axis": "x", "origin": [8, 6, 19.75]},
			"faces": {
				"north": {"uv": [8.5, 6, 9, 6.5], "texture": "#1"},
				"east": {"uv": [6.5, 8.5, 7, 9], "texture": "#1"},
				"south": {"uv": [8.5, 6.5, 9, 7], "texture": "#1"},
				"west": {"uv": [7, 8.5, 7.5, 9], "texture": "#1"},
				"up": {"uv": [9, 7.5, 8.5, 7], "texture": "#1"},
				"down": {"uv": [8, 8.5, 7.5, 9], "texture": "#1"}
			}
		},
		{
			"from": [7.5, 5.75, 15.25],
			"to": [8.5, 7, 15.75],
			"rotation": {"angle": 0, "axis": "y", "origin": [9, 1, 22.5]},
			"faces": {
				"north": {"uv": [7.75, 9.5, 8, 9.875], "texture": "#1"},
				"east": {"uv": [2.5, 10, 2.625, 10.375], "texture": "#1"},
				"west": {"uv": [2.75, 10, 2.875, 10.375], "texture": "#1"},
				"down": {"uv": [7.75, 10, 7.5, 10.125], "texture": "#1"}
			}
		},
		{
			"from": [7.75, 6, 14.2],
			"to": [8.25, 7, 14.7],
			"rotation": {"angle": 0, "axis": "y", "origin": [7.25, 1, 22.5]},
			"faces": {
				"north": {"uv": [10, 7.5, 10.125, 7.75], "texture": "#1"},
				"east": {"uv": [7.75, 10, 7.875, 10.25], "texture": "#1"},
				"south": {"uv": [10, 7.75, 10.125, 8], "texture": "#1"},
				"west": {"uv": [10, 8, 10.125, 8.25], "texture": "#1"},
				"down": {"uv": [0.875, 10.25, 0.75, 10.375], "texture": "#1"}
			}
		},
		{
			"from": [7.5, 5.25, 12.75],
			"to": [8.5, 5.75, 15.75],
			"rotation": {"angle": 0, "axis": "y", "origin": [9, 1, 22.5]},
			"faces": {
				"north": {"uv": [10, 8.25, 10.25, 8.375], "texture": "#1"},
				"east": {"uv": [9.5, 2, 10.25, 2.125], "texture": "#1"},
				"west": {"uv": [9.5, 4.5, 10.25, 4.625], "texture": "#1"},
				"up": {"uv": [1.5, 9.75, 1.25, 9], "texture": "#1"},
				"down": {"uv": [1.75, 9, 1.5, 9.75], "texture": "#1"}
			}
		},
		{
			"from": [7.5, 5.75, 12.5],
			"to": [8.5, 7, 13],
			"rotation": {"angle": 0, "axis": "y", "origin": [9, 1, 22.5]},
			"faces": {
				"north": {"uv": [9.5, 8.25, 9.75, 8.625], "texture": "#1"},
				"east": {"uv": [10, 3, 10.125, 3.375], "texture": "#1"},
				"south": {"uv": [8.5, 9.5, 8.75, 9.875], "texture": "#1"},
				"west": {"uv": [4, 10, 4.125, 10.375], "texture": "#1"},
				"down": {"uv": [8.75, 10, 8.5, 10.125], "texture": "#1"}
			}
		}
	],
	"gui_light": "front",
	"display": {
		"thirdperson_righthand": {
			"rotation": [60, 0, 0],
			"translation": [-2, 4.35, -1.5],
			"scale": [0.7, 0.7, 0.7]
		},
		"thirdperson_lefthand": {
			"rotation": [157, 0, 32],
			"translation": [1, 3.75, 2.25],
			"scale": [0.7, 0.7, 0.7]
		},
		"firstperson_righthand": {
			"rotation": [4, -7.5, 6],
			"translation": [-1.25, 2, -7.5],
			"scale": [1, 1, 0.9]
		},
		"firstperson_lefthand": {
			"rotation": [-13.79, 3.07, 16.88],
			"translation": [2.5, -4, -11]
		},
		"ground": {
			"translation": [0, 3, 0],
			"scale": [0.4, 0.4, 0.4]
		},
		"gui": {
			"rotation": [90, -56, 90],
			"translation": [0.75, 0.25, 0],
			"scale": [1, 0.82, 0.5]
		},
		"fixed": {
			"rotation": [0, 90, 0],
			"translation": [-2, 0.5, -1.25],
			"scale": [1.2, 1.2, 1.2]
		}
	}
}