{
	"credit": "Made with Blockbench",
	"texture_size": [32, 32],
	"textures": {
		"1": "items/mills_bomb",
		"particle": "items/mills_bomb"
	},
	"elements": [
		{
			"from": [7.25, 8, 10.75],
			"to": [8.75, 12, 11],
			"rotation": {"angle": 0, "axis": "y", "origin": [7, 1, 7.25]},
			"faces": {
				"north": {"uv": [4, 7, 4.75, 9], "texture": "#1"},
				"east": {"uv": [1.5, 8, 1.75, 10], "texture": "#1"},
				"south": {"uv": [6.5, 7, 7.25, 9], "texture": "#1"},
				"west": {"uv": [8, 1.5, 8.25, 3.5], "texture": "#1"},
				"down": {"uv": [3.75, 8.5, 3, 8.75], "texture": "#1"}
			}
		},
		{
			"from": [6.25, 10.5, 6.75],
			"to": [7.25, 12.5, 10.75],
			"rotation": {"angle": 0, "axis": "y", "origin": [7, 1, 7.25]},
			"faces": {
				"north": {"uv": [2, 8, 2.5, 9], "texture": "#1"},
				"east": {"uv": [0, 7, 2, 8], "texture": "#1"},
				"south": {"uv": [2.5, 8, 3, 9], "texture": "#1"},
				"west": {"uv": [2, 7, 4, 8], "texture": "#1"},
				"up": {"uv": [8, 9, 7.5, 7], "texture": "#1"},
				"down": {"uv": [0.5, 8, 0, 10], "texture": "#1"}
			}
		},
		{
			"from": [7.25, 12, 7.25],
			"to": [8.75, 13, 8.75],
			"rotation": {"angle": 0, "axis": "y", "origin": [7.25, 1, 7]},
			"faces": {
				"north": {"uv": [3, 8, 3.75, 8.5], "texture": "#1"},
				"east": {"uv": [8, 3.5, 8.75, 4], "texture": "#1"},
				"south": {"uv": [5, 8, 5.75, 8.5], "texture": "#1"},
				"west": {"uv": [8, 7, 8.75, 7.5], "texture": "#1"},
				"up": {"uv": [8.25, 4.75, 7.5, 4], "texture": "#1"}
			}
		},
		{
			"from": [4.75, 9.1, 10.6],
			"to": [7.75, 12.1, 11.1],
			"rotation": {"angle": -22.5, "axis": "y", "origin": [6.75, 11.5, 10.75]},
			"faces": {
				"north": {"uv": [0, 14.5, 1.5, 16], "texture": "#1"},
				"east": {"uv": [6, 8, 6.25, 9.5], "texture": "#1"},
				"south": {"uv": [0, 14.5, 1.5, 16], "texture": "#1"},
				"west": {"uv": [8, 7.5, 8.25, 9], "texture": "#1"},
				"up": {"uv": [10, 1.75, 8.5, 1.5], "texture": "#1"},
				"down": {"uv": [10, 2, 8.5, 2.25], "texture": "#1"}
			}
		},
		{
			"from": [7.25, 12, 8.5],
			"to": [8.75, 12.25, 11],
			"rotation": {"angle": 0, "axis": "y", "origin": [7, 1, 7.25]},
			"faces": {
				"east": {"uv": [8.5, 2.5, 9.75, 2.75], "texture": "#1"},
				"south": {"uv": [8.5, 4, 9.25, 4.25], "texture": "#1"},
				"west": {"uv": [8.5, 3, 9.75, 3.25], "texture": "#1"},
				"up": {"uv": [8.75, 1.25, 8, 0], "texture": "#1"}
			}
		},
		{
			"from": [8.75, 10.5, 6.75],
			"to": [9.75, 12.5, 10.75],
			"rotation": {"angle": 0, "axis": "y", "origin": [7, 1, 7.25]},
			"faces": {
				"north": {"uv": [0.5, 8, 1, 9], "texture": "#1"},
				"east": {"uv": [6.5, 5, 8.5, 6], "texture": "#1"},
				"south": {"uv": [1, 8, 1.5, 9], "texture": "#1"},
				"west": {"uv": [6.5, 6, 8.5, 7], "texture": "#1"},
				"up": {"uv": [8, 2, 7.5, 0], "texture": "#1"},
				"down": {"uv": [8, 2, 7.5, 4], "texture": "#1"}
			}
		},
		{
			"from": [5.75, 5.5, 5.75],
			"to": [10.25, 12, 10.25],
			"rotation": {"angle": 0, "axis": "y", "origin": [5.75, 1, 6.75]},
			"faces": {
				"north": {"uv": [0, 0, 2.25, 3.25], "texture": "#1"},
				"east": {"uv": [2.5, 0, 4.75, 3.25], "texture": "#1"},
				"south": {"uv": [0, 3.5, 2.25, 6.75], "texture": "#1"},
				"west": {"uv": [2.5, 3.5, 4.75, 6.75], "texture": "#1"},
				"up": {"uv": [7.25, 2.25, 5, 0], "texture": "#1"},
				"down": {"uv": [7.25, 2.5, 5, 4.75], "texture": "#1"}
			}
		}
	],
	"gui_light": "front",
	"display": {
		"thirdperson_righthand": {
			"rotation": [-7, -65, 0],
			"translation": [-0.5, -1, -1.25],
			"scale": [0.75, 0.75, 0.75]
		},
		"firstperson_righthand": {
			"rotation": [-1, 10, 12],
			"translation": [5, 0.75, -4.75]
		},
		"ground": {
			"translation": [0, 1.25, 0],
			"scale": [0.5, 0.5, 0.5]
		},
		"gui": {
			"translation": [0.25, -1, 0],
			"scale": [1.4, 1.4, 1.4]
		},
		"fixed": {
			"rotation": [0, -90, 0],
			"translation": [-0.25, -0.75, -1],
			"scale": [1.1, 1.1, 1.1]
		}
	}
}