{
	"credit": "Made with Blockbench",
	"texture_size": [32, 32],
	"textures": {
		"1": "items/p08",
		"particle": "items/p08"
	},
	"elements": [
		{
			"from": [7.5, 9.75, 1.5],
			"to": [8.5, 10.75, 6.5],
			"rotation": {"angle": 0, "axis": "y", "origin": [8, 0, -2]},
			"faces": {
				"north": {"uv": [0, 15.25, 0.75, 16], "texture": "#1"},
				"east": {"uv": [5.5, 0, 8, 0.5], "texture": "#1"},
				"west": {"uv": [5.5, 0.5, 8, 1], "texture": "#1"},
				"up": {"uv": [4, 7.5, 3.5, 5], "texture": "#1"},
				"down": {"uv": [4.5, 5, 4, 7.5], "texture": "#1"}
			}
		},
		{
			"from": [7.35, 7.5, 9.5],
			"to": [8.65, 9, 10.5],
			"rotation": {"angle": 0, "axis": "y", "origin": [5.65, 0.13372, -2]},
			"faces": {
				"north": {"uv": [6.5, 2, 7.25, 2.75], "texture": "#1"},
				"east": {"uv": [3.5, 7.5, 4, 8.25], "texture": "#1"},
				"west": {"uv": [4, 7.5, 4.5, 8.25], "texture": "#1"},
				"down": {"uv": [8.25, 4, 7.5, 4.5], "texture": "#1"}
			}
		},
		{
			"from": [7.25, 9, 6.5],
			"to": [8.75, 11, 12.25],
			"rotation": {"angle": 0, "axis": "y", "origin": [12.75, 0, -2]},
			"faces": {
				"north": {"uv": [5.5, 2.5, 6.25, 3.5], "texture": "#1"},
				"east": {"uv": [1.5, 3, 4.5, 4], "texture": "#1"},
				"south": {"uv": [5.5, 3.5, 6.25, 4.5], "texture": "#1"},
				"west": {"uv": [1.5, 4, 4.5, 5], "texture": "#1"},
				"up": {"uv": [2.25, 8, 1.5, 5], "texture": "#1"},
				"down": {"uv": [3.25, 5, 2.5, 8], "texture": "#1"}
			}
		},
		{
			"from": [7.25, 9.25, 12.25],
			"to": [8.75, 11.25, 13.5],
			"rotation": {"angle": 0, "axis": "x", "origin": [2, 10.25, 13]},
			"faces": {
				"east": {"uv": [5.5, 4.5, 6.25, 5.5], "texture": "#1"},
				"south": {"uv": [5.5, 5.5, 6.25, 6.5], "texture": "#1"},
				"west": {"uv": [4.5, 6, 5.25, 7], "texture": "#1"},
				"up": {"uv": [7.25, 3.75, 6.5, 3], "texture": "#1"},
				"down": {"uv": [7.25, 4, 6.5, 4.75], "texture": "#1"}
			}
		},
		{
			"from": [7.35, 8.92493, 11.61575],
			"to": [8.65, 9.92493, 13.36575],
			"rotation": {"angle": -22.5, "axis": "x", "origin": [7.9, 9.42493, 12.61575]},
			"faces": {
				"east": {"uv": [7.5, 2, 8.5, 2.5], "texture": "#1"},
				"west": {"uv": [7.5, 2.5, 8.5, 3], "texture": "#1"},
				"down": {"uv": [7.25, 1, 6.5, 2], "texture": "#1"}
			}
		},
		{
			"from": [7.3, 3.99963, 10.51589],
			"to": [8.7, 9.74963, 13.01589],
			"rotation": {"angle": -22.5, "axis": "x", "origin": [1.525, 6.89963, 11.76589]},
			"faces": {
				"north": {"uv": [4.5, 0, 5.25, 3], "texture": "#1"},
				"east": {"uv": [1.5, 0, 2.75, 3], "texture": "#1"},
				"south": {"uv": [4.5, 3, 5.25, 6], "texture": "#1"},
				"west": {"uv": [3, 0, 4.25, 3], "texture": "#1"},
				"down": {"uv": [6.25, 1, 5.5, 2.25], "texture": "#1"}
			}
		},
		{
			"from": [7.35, 4.19873, 12.78052],
			"to": [8.65, 4.69873, 14.03052],
			"rotation": {"angle": 0, "axis": "y", "origin": [5.9, 0.08245, 3.03052]},
			"faces": {
				"east": {"uv": [8, 4.5, 8.75, 4.75], "texture": "#1"},
				"south": {"uv": [8, 5, 8.75, 5.25], "texture": "#1"},
				"west": {"uv": [6, 8, 6.75, 8.25], "texture": "#1"},
				"up": {"uv": [7.25, 5.75, 6.5, 5], "texture": "#1"},
				"down": {"uv": [6.25, 6.5, 5.5, 7.25], "texture": "#1"}
			}
		},
		{
			"from": [7.125, 10.5, 11.25],
			"to": [8.875, 11.5, 12.25],
			"rotation": {"angle": 0, "axis": "y", "origin": [9.375, 0, -2]},
			"faces": {
				"north": {"uv": [6.5, 6, 7.5, 6.5], "texture": "#1"},
				"east": {"uv": [0.75, 15.25, 1.5, 16], "texture": "#1"},
				"south": {"uv": [6.5, 6.5, 7.5, 7], "texture": "#1"},
				"west": {"uv": [0.75, 15.25, 1.5, 16], "texture": "#1"},
				"up": {"uv": [5.5, 7.5, 4.5, 7], "texture": "#1"},
				"down": {"uv": [7.5, 7, 6.5, 7.5], "texture": "#1"}
			}
		},
		{
			"from": [7.5, 10.75, 9.25],
			"to": [8.5, 11.25, 11.25],
			"rotation": {"angle": 0, "axis": "y", "origin": [9, 0, -2]},
			"faces": {
				"north": {"uv": [0.5, 8.5, 1, 8.75], "texture": "#1"},
				"east": {"uv": [0, 8, 1, 8.25], "texture": "#1"},
				"west": {"uv": [8, 0, 9, 0.25], "texture": "#1"},
				"up": {"uv": [8, 2, 7.5, 1], "texture": "#1"}
			}
		},
		{
			"from": [7.375, 3.91067, 12.08918],
			"to": [8.625, 4.41067, 13.83918],
			"rotation": {"angle": -22.5, "axis": "x", "origin": [11.875, 3.91067, 13.08918]},
			"faces": {
				"north": {"uv": [3, 8.5, 3.5, 8.75], "texture": "#1"},
				"east": {"uv": [8, 0.5, 9, 0.75], "texture": "#1"},
				"south": {"uv": [3.5, 8.5, 4, 8.75], "texture": "#1"},
				"west": {"uv": [1, 8, 2, 8.25], "texture": "#1"},
				"down": {"uv": [8, 3, 7.5, 4], "texture": "#1"}
			}
		},
		{
			"from": [7.25, 3.5, 12.45],
			"to": [8.75, 4.25, 13.2],
			"rotation": {"angle": -22.5, "axis": "x", "origin": [7.875, 4.375, 12.875]},
			"faces": {
				"north": {"uv": [7.5, 5.5, 8.25, 6], "texture": "#1"},
				"east": {"uv": [1.5, 15.25, 2.25, 16], "texture": "#1"},
				"south": {"uv": [6, 7.5, 6.75, 8], "texture": "#1"},
				"west": {"uv": [1.5, 15.25, 2.25, 16], "texture": "#1"},
				"up": {"uv": [8.25, 6.5, 7.5, 6], "texture": "#1"},
				"down": {"uv": [8.25, 6.5, 7.5, 7], "texture": "#1"}
			}
		},
		{
			"from": [7.75, 10.5, 1.75],
			"to": [8.25, 11, 2.5],
			"rotation": {"angle": 22.5, "axis": "x", "origin": [8, 11, 2.125]},
			"faces": {
				"north": {"uv": [8.5, 4, 8.75, 4.25], "texture": "#1"},
				"east": {"uv": [1, 8.5, 1.5, 8.75], "texture": "#1"},
				"south": {"uv": [4.5, 8.5, 4.75, 8.75], "texture": "#1"},
				"west": {"uv": [8.5, 1, 9, 1.25], "texture": "#1"},
				"up": {"uv": [1.75, 9, 1.5, 8.5], "texture": "#1"}
			}
		},
		{
			"from": [7.5, 11.25, 12.75],
			"to": [8.5, 11.75, 13],
			"rotation": {"angle": 0, "axis": "y", "origin": [7.5, 0, -2]},
			"faces": {
				"north": {"uv": [8.5, 1.5, 9, 1.75], "texture": "#1"},
				"east": {"uv": [5, 8.5, 5.25, 8.75], "texture": "#1"},
				"south": {"uv": [8.5, 2, 9, 2.25], "texture": "#1"},
				"west": {"uv": [5.5, 8.5, 5.75, 8.75], "texture": "#1"},
				"up": {"uv": [9, 2.75, 8.5, 2.5], "texture": "#1"}
			}
		},
		{
			"from": [7.5, 7.5, 7.5],
			"to": [8.5, 9, 8],
			"rotation": {"angle": 0, "axis": "y", "origin": [8, 0, -2]},
			"faces": {
				"north": {"uv": [4.5, 7.5, 5, 8.25], "texture": "#1"},
				"east": {"uv": [2, 8, 2.25, 8.75], "texture": "#1"},
				"south": {"uv": [7.5, 4.5, 8, 5.25], "texture": "#1"},
				"west": {"uv": [2.5, 8, 2.75, 8.75], "texture": "#1"},
				"down": {"uv": [3.5, 8, 3, 8.25], "texture": "#1"}
			}
		},
		{
			"from": [7.75, 8, 8.75],
			"to": [8.25, 9, 9.25],
			"rotation": {"angle": 0, "axis": "y", "origin": [7.75, 0, -2]},
			"faces": {
				"north": {"uv": [7.5, 8, 7.75, 8.5], "texture": "#1"},
				"east": {"uv": [8, 7.5, 8.25, 8], "texture": "#1"},
				"south": {"uv": [8, 8, 8.25, 8.5], "texture": "#1"},
				"west": {"uv": [0, 8.5, 0.25, 9], "texture": "#1"},
				"down": {"uv": [4.25, 8.5, 4, 8.75], "texture": "#1"}
			}
		},
		{
			"from": [7.5, 7, 8],
			"to": [8.5, 7.5, 9.5],
			"rotation": {"angle": 0, "axis": "y", "origin": [8, 0, -2]},
			"faces": {
				"north": {"uv": [7, 8, 7.5, 8.25], "texture": "#1"},
				"east": {"uv": [8, 3, 8.75, 3.25], "texture": "#1"},
				"south": {"uv": [8, 7, 8.5, 7.25], "texture": "#1"},
				"west": {"uv": [8, 3.5, 8.75, 3.75], "texture": "#1"},
				"up": {"uv": [5.5, 8.25, 5, 7.5], "texture": "#1"},
				"down": {"uv": [6, 7.5, 5.5, 8.25], "texture": "#1"}
			}
		}
	],
	"gui_light": "front",
	"display": {
		"thirdperson_righthand": {
			"translation": [0, -1.15, -2.75],
			"scale": [0.8, 0.8, 0.75]
		},
		"firstperson_righthand": {
			"rotation": [33, -8, 5],
			"translation": [0.75, 5, -2.5]
		},
		"ground": {
			"translation": [0, 2.25, 0],
			"scale": [0.5, 0.5, 0.5]
		},
		"gui": {
			"rotation": [90, -53, 90],
			"translation": [0.75, 0, 0],
			"scale": [1, 1.3, 1.3]
		},
		"fixed": {
			"rotation": [0, 90, 0],
			"translation": [-0.5, 0.5, -1.25],
			"scale": [1.3, 1.3, 1.3]
		}
	}
}