{
	"credit": "Made with Blockbench",
	"texture_size": [32, 32],
	"textures": {
		"1": "items/stielhandgranate",
		"2": "items/stielhandgranate_improvised",
		"particle": "items/stielhandgranate"
	},
	"elements": [
		{
			"from": [7.125, 0.25, 7.125],
			"to": [8.875, 0.5, 8.875],
			"rotation": {"angle": 0, "axis": "y", "origin": [7.125, 0, 7.375]},
			"faces": {
				"north": {"uv": [9, 13, 11, 13.5], "texture": "#1"},
				"east": {"uv": [11, 13, 13, 13.5], "texture": "#1"},
				"south": {"uv": [13, 13, 15, 13.5], "texture": "#1"},
				"west": {"uv": [0, 14, 2, 14.5], "texture": "#1"},
				"up": {"uv": [13, 5, 11, 3], "texture": "#1"},
				"down": {"uv": [13, 5, 11, 7], "texture": "#1"}
			}
		},
		{
			"from": [7.25, 0.25, 7.25],
			"to": [8.75, 10.25, 8.75],
			"rotation": {"angle": 0, "axis": "y", "origin": [7.25, 0, 7.25]},
			"faces": {
				"north": {"uv": [0, 0, 1.5, 10], "texture": "#1"},
				"east": {"uv": [2, 0, 3.5, 10], "texture": "#1"},
				"south": {"uv": [4, 0, 5.5, 10], "texture": "#1"},
				"west": {"uv": [6, 0, 7.5, 10], "texture": "#1"}
			}
		},
		{
			"from": [7.25, 9, 4.5],
			"to": [8.75, 10, 6],
			"rotation": {"angle": 0, "axis": "y", "origin": [7.25, 0, 7.25]},
			"faces": {
				"north": {"uv": [6, 3.5, 6.75, 4], "texture": "#2"},
				"east": {"uv": [6, 4, 6.75, 4.5], "texture": "#2"},
				"south": {"uv": [6, 4.5, 6.75, 5], "texture": "#2"},
				"west": {"uv": [6, 5, 6.75, 5.5], "texture": "#2"},
				"down": {"uv": [6.75, 2.5, 6, 3.25], "texture": "#2"}
			}
		},
		{
			"from": [7.25, 9, 10],
			"to": [8.75, 10, 11.5],
			"rotation": {"angle": 0, "axis": "y", "origin": [7.25, 0, 7.25]},
			"faces": {
				"north": {"uv": [6, 3.5, 6.75, 4], "texture": "#2"},
				"east": {"uv": [6, 4, 6.75, 4.5], "texture": "#2"},
				"south": {"uv": [6, 4.5, 6.75, 5], "texture": "#2"},
				"west": {"uv": [6, 5, 6.75, 5.5], "texture": "#2"},
				"down": {"uv": [6.75, 2.5, 6, 3.25], "texture": "#2"}
			}
		},
		{
			"from": [4.5, 9, 8.65],
			"to": [6, 10, 10.15],
			"rotation": {"angle": 0, "axis": "y", "origin": [7.25, 0, 7.25]},
			"faces": {
				"north": {"uv": [6, 3.5, 6.75, 4], "texture": "#2"},
				"east": {"uv": [6, 4, 6.75, 4.5], "texture": "#2"},
				"south": {"uv": [6, 4.5, 6.75, 5], "texture": "#2"},
				"west": {"uv": [6, 5, 6.75, 5.5], "texture": "#2"},
				"down": {"uv": [6.75, 2.5, 6, 3.25], "texture": "#2"}
			}
		},
		{
			"from": [4.5, 9, 5.9],
			"to": [6, 10, 7.4],
			"rotation": {"angle": 0, "axis": "y", "origin": [7.25, 0, 7.25]},
			"faces": {
				"north": {"uv": [6, 3.5, 6.75, 4], "texture": "#2"},
				"east": {"uv": [6, 4, 6.75, 4.5], "texture": "#2"},
				"south": {"uv": [6, 4.5, 6.75, 5], "texture": "#2"},
				"west": {"uv": [6, 5, 6.75, 5.5], "texture": "#2"},
				"down": {"uv": [6.75, 2.5, 6, 3.25], "texture": "#2"}
			}
		},
		{
			"from": [10, 9, 8.65],
			"to": [11.5, 10, 10.15],
			"rotation": {"angle": 0, "axis": "y", "origin": [7.25, 0, 7.25]},
			"faces": {
				"north": {"uv": [6, 3.5, 6.75, 4], "texture": "#2"},
				"east": {"uv": [6, 4, 6.75, 4.5], "texture": "#2"},
				"south": {"uv": [6, 4.5, 6.75, 5], "texture": "#2"},
				"west": {"uv": [6, 5, 6.75, 5.5], "texture": "#2"},
				"down": {"uv": [6.75, 2.5, 6, 3.25], "texture": "#2"}
			}
		},
		{
			"from": [10, 9, 5.9],
			"to": [11.5, 10, 7.4],
			"rotation": {"angle": 0, "axis": "y", "origin": [7.25, 0, 7.25]},
			"faces": {
				"north": {"uv": [6, 3.5, 6.75, 4], "texture": "#2"},
				"east": {"uv": [6, 4, 6.75, 4.5], "texture": "#2"},
				"south": {"uv": [6, 4.5, 6.75, 5], "texture": "#2"},
				"west": {"uv": [6, 5, 6.75, 5.5], "texture": "#2"},
				"down": {"uv": [6.75, 2.5, 6, 3.25], "texture": "#2"}
			}
		},
		{
			"from": [6.75, 10.5, 6.75],
			"to": [9.25, 14, 9.25],
			"rotation": {"angle": 0, "axis": "y", "origin": [7.25, 0, 7.25]},
			"faces": {
				"north": {"uv": [8, 6, 10.5, 9.5], "texture": "#1"},
				"east": {"uv": [0, 10, 2.5, 13.5], "texture": "#1"},
				"south": {"uv": [3, 10, 5.5, 13.5], "texture": "#1"},
				"west": {"uv": [6, 10, 8.5, 13.5], "texture": "#1"},
				"up": {"uv": [11.5, 12.5, 9, 10], "texture": "#1"},
				"down": {"uv": [13.5, 0, 11, 2.5], "texture": "#1"}
			}
		},
		{
			"from": [6.625, 10, 6.625],
			"to": [9.375, 10.5, 9.375],
			"rotation": {"angle": 0, "axis": "y", "origin": [7.125, 0, 7.375]},
			"faces": {
				"north": {"uv": [12, 10, 15, 10.5], "texture": "#1"},
				"east": {"uv": [12, 11, 15, 11.5], "texture": "#1"},
				"south": {"uv": [12, 12, 15, 12.5], "texture": "#1"},
				"west": {"uv": [13, 3, 16, 3.5], "texture": "#1"},
				"up": {"uv": [11, 3, 8, 0], "texture": "#1"},
				"down": {"uv": [11, 3, 8, 6], "texture": "#1"}
			}
		},
		{
			"from": [4, 10.25, 5.35],
			"to": [6.5, 13.75, 7.85],
			"rotation": {"angle": 0, "axis": "y", "origin": [5.25, 11.25, 6.5]},
			"faces": {
				"north": {"uv": [0, 10, 2.5, 13.5], "texture": "#1"},
				"east": {"uv": [3, 10, 5.5, 13.5], "texture": "#1"},
				"south": {"uv": [6, 10, 8.5, 13.5], "texture": "#1"},
				"west": {"uv": [8, 6, 10.5, 9.5], "texture": "#1"},
				"up": {"uv": [11.5, 12.5, 9, 10], "rotation": 270, "texture": "#1"},
				"down": {"uv": [13.5, 0, 11, 2.5], "rotation": 90, "texture": "#1"}
			}
		},
		{
			"from": [3.875, 9.75, 5.225],
			"to": [6.625, 10.25, 7.975],
			"rotation": {"angle": 0, "axis": "y", "origin": [5.25, 11.25, 6.5]},
			"faces": {
				"north": {"uv": [12, 11, 15, 11.5], "texture": "#1"},
				"east": {"uv": [12, 12, 15, 12.5], "texture": "#1"},
				"south": {"uv": [13, 3, 16, 3.5], "texture": "#1"},
				"west": {"uv": [12, 10, 15, 10.5], "texture": "#1"},
				"up": {"uv": [11, 3, 8, 0], "rotation": 270, "texture": "#1"},
				"down": {"uv": [11, 3, 8, 6], "rotation": 90, "texture": "#1"}
			}
		},
		{
			"from": [6.625, 9.75, 3.875],
			"to": [9.375, 10.25, 6.625],
			"rotation": {"angle": 0, "axis": "y", "origin": [7.125, 0, 7.375]},
			"faces": {
				"north": {"uv": [12, 10, 15, 10.5], "texture": "#1"},
				"east": {"uv": [12, 11, 15, 11.5], "texture": "#1"},
				"south": {"uv": [12, 12, 15, 12.5], "texture": "#1"},
				"west": {"uv": [13, 3, 16, 3.5], "texture": "#1"},
				"up": {"uv": [11, 3, 8, 0], "texture": "#1"},
				"down": {"uv": [11, 3, 8, 6], "texture": "#1"}
			}
		},
		{
			"from": [6.75, 10.25, 4],
			"to": [9.25, 13.75, 6.5],
			"rotation": {"angle": 0, "axis": "y", "origin": [7.25, 0, 7.25]},
			"faces": {
				"north": {"uv": [8, 6, 10.5, 9.5], "texture": "#1"},
				"east": {"uv": [0, 10, 2.5, 13.5], "texture": "#1"},
				"south": {"uv": [3, 10, 5.5, 13.5], "texture": "#1"},
				"west": {"uv": [6, 10, 8.5, 13.5], "texture": "#1"},
				"up": {"uv": [11.5, 12.5, 9, 10], "texture": "#1"},
				"down": {"uv": [13.5, 0, 11, 2.5], "texture": "#1"}
			}
		},
		{
			"from": [9.375, 9.75, 5.225],
			"to": [12.125, 10.25, 7.975],
			"rotation": {"angle": 0, "axis": "y", "origin": [7.125, 0, 8.625]},
			"faces": {
				"north": {"uv": [15, 12, 12, 12.5], "texture": "#1"},
				"east": {"uv": [15, 11, 12, 11.5], "texture": "#1"},
				"south": {"uv": [15, 10, 12, 10.5], "texture": "#1"},
				"west": {"uv": [16, 3, 13, 3.5], "texture": "#1"},
				"up": {"uv": [11, 0, 8, 3], "texture": "#1"},
				"down": {"uv": [11, 6, 8, 3], "texture": "#1"}
			}
		},
		{
			"from": [9.5, 10.25, 5.35],
			"to": [12, 13.75, 7.85],
			"rotation": {"angle": 0, "axis": "y", "origin": [7.25, 0, 8.75]},
			"faces": {
				"north": {"uv": [5.5, 10, 3, 13.5], "texture": "#1"},
				"east": {"uv": [2.5, 10, 0, 13.5], "texture": "#1"},
				"south": {"uv": [10.5, 6, 8, 9.5], "texture": "#1"},
				"west": {"uv": [8.5, 10, 6, 13.5], "texture": "#1"},
				"up": {"uv": [11.5, 10, 9, 12.5], "texture": "#1"},
				"down": {"uv": [13.5, 2.5, 11, 0], "texture": "#1"}
			}
		},
		{
			"from": [4, 10.25, 8.15],
			"to": [6.5, 13.75, 10.65],
			"rotation": {"angle": 0, "axis": "y", "origin": [7, 0, 6]},
			"faces": {
				"north": {"uv": [10.5, 6, 8, 9.5], "texture": "#1"},
				"east": {"uv": [8.5, 10, 6, 13.5], "texture": "#1"},
				"south": {"uv": [5.5, 10, 3, 13.5], "texture": "#1"},
				"west": {"uv": [2.5, 10, 0, 13.5], "texture": "#1"},
				"up": {"uv": [11.5, 10, 9, 12.5], "rotation": 180, "texture": "#1"},
				"down": {"uv": [13.5, 2.5, 11, 0], "rotation": 180, "texture": "#1"}
			}
		},
		{
			"from": [3.875, 9.75, 8.025],
			"to": [6.625, 10.25, 10.775],
			"rotation": {"angle": 0, "axis": "y", "origin": [7.125, 0, 6.125]},
			"faces": {
				"north": {"uv": [15, 10, 12, 10.5], "texture": "#1"},
				"east": {"uv": [16, 3, 13, 3.5], "texture": "#1"},
				"south": {"uv": [15, 12, 12, 12.5], "texture": "#1"},
				"west": {"uv": [15, 11, 12, 11.5], "texture": "#1"},
				"up": {"uv": [11, 0, 8, 3], "rotation": 180, "texture": "#1"},
				"down": {"uv": [11, 6, 8, 3], "rotation": 180, "texture": "#1"}
			}
		},
		{
			"from": [6.75, 10.25, 9.5],
			"to": [9.25, 13.75, 12],
			"rotation": {"angle": 0, "axis": "y", "origin": [7, 0, 7.5]},
			"faces": {
				"north": {"uv": [3, 10, 5.5, 13.5], "texture": "#1"},
				"east": {"uv": [6, 10, 8.5, 13.5], "texture": "#1"},
				"south": {"uv": [8, 6, 10.5, 9.5], "texture": "#1"},
				"west": {"uv": [0, 10, 2.5, 13.5], "texture": "#1"},
				"up": {"uv": [11.5, 12.5, 9, 10], "rotation": 180, "texture": "#1"},
				"down": {"uv": [13.5, 0, 11, 2.5], "rotation": 180, "texture": "#1"}
			}
		},
		{
			"from": [6.5, 11.5, 3.75],
			"to": [9.5, 12, 12.25],
			"rotation": {"angle": 0, "axis": "y", "origin": [7, 0, 29.5]},
			"faces": {
				"north": {"uv": [6, 5.5, 7.5, 5.75], "texture": "#2"},
				"east": {"uv": [6, 0.5, 10.25, 0.75], "texture": "#2"},
				"south": {"uv": [6, 6, 7.5, 6.25], "texture": "#2"},
				"west": {"uv": [6, 1, 10.25, 1.25], "texture": "#2"},
				"up": {"uv": [6, 4.25, 4.5, 0], "texture": "#2"},
				"down": {"uv": [6, 4.5, 4.5, 8.75], "texture": "#2"}
			}
		},
		{
			"from": [3.75, 11.5, 5.25],
			"to": [12.25, 12, 10.75],
			"rotation": {"angle": 0, "axis": "y", "origin": [8, 12.25, 30]},
			"faces": {
				"north": {"uv": [0, 6, 4.25, 6.25], "texture": "#2"},
				"east": {"uv": [6, 1.5, 8.75, 1.75], "texture": "#2"},
				"south": {"uv": [6, 0, 10.25, 0.25], "texture": "#2"},
				"west": {"uv": [6, 2, 8.75, 2.25], "texture": "#2"},
				"up": {"uv": [4.25, 2.75, 0, 0], "texture": "#2"},
				"down": {"uv": [4.25, 3, 0, 5.75], "texture": "#2"}
			}
		},
		{
			"from": [6.625, 9.75, 9.375],
			"to": [9.375, 10.25, 12.125],
			"rotation": {"angle": 0, "axis": "y", "origin": [7.125, 0, 7.375]},
			"faces": {
				"north": {"uv": [12, 12, 15, 12.5], "texture": "#1"},
				"east": {"uv": [13, 3, 16, 3.5], "texture": "#1"},
				"south": {"uv": [12, 10, 15, 10.5], "texture": "#1"},
				"west": {"uv": [12, 11, 15, 11.5], "texture": "#1"},
				"up": {"uv": [11, 3, 8, 0], "rotation": 180, "texture": "#1"},
				"down": {"uv": [11, 3, 8, 6], "rotation": 180, "texture": "#1"}
			}
		},
		{
			"from": [9.5, 10.25, 8.15],
			"to": [12, 13.75, 10.65],
			"rotation": {"angle": 0, "axis": "y", "origin": [10.75, 11.25, 9.5]},
			"faces": {
				"north": {"uv": [6, 10, 8.5, 13.5], "texture": "#1"},
				"east": {"uv": [8, 6, 10.5, 9.5], "texture": "#1"},
				"south": {"uv": [0, 10, 2.5, 13.5], "texture": "#1"},
				"west": {"uv": [3, 10, 5.5, 13.5], "texture": "#1"},
				"up": {"uv": [11.5, 12.5, 9, 10], "rotation": 90, "texture": "#1"},
				"down": {"uv": [13.5, 0, 11, 2.5], "rotation": 270, "texture": "#1"}
			}
		},
		{
			"from": [9.375, 9.75, 8.025],
			"to": [12.125, 10.25, 10.775],
			"rotation": {"angle": 0, "axis": "y", "origin": [10.75, 11.25, 9.5]},
			"faces": {
				"north": {"uv": [13, 3, 16, 3.5], "texture": "#1"},
				"east": {"uv": [12, 10, 15, 10.5], "texture": "#1"},
				"south": {"uv": [12, 11, 15, 11.5], "texture": "#1"},
				"west": {"uv": [12, 12, 15, 12.5], "texture": "#1"},
				"up": {"uv": [11, 3, 8, 0], "rotation": 90, "texture": "#1"},
				"down": {"uv": [11, 3, 8, 6], "rotation": 270, "texture": "#1"}
			}
		}
	],
	"gui_light": "front",
	"display": {
		"thirdperson_righthand": {
			"rotation": [-7, 111, 0],
			"translation": [0, 2.5, -0.25],
			"scale": [0.9, 0.9, 0.9]
		},
		"firstperson_righthand": {
			"rotation": [-18, 21, -7],
			"translation": [3.25, 2, -3.75]
		},
		"ground": {
			"translation": [0, 1.25, 0],
			"scale": [0.5, 0.5, 0.5]
		},
		"gui": {
			"translation": [0.25, 0.75, 0],
			"scale": [1.1, 1.1, 1.1]
		},
		"fixed": {
			"translation": [-0.25, 1.25, -1],
			"scale": [1.1, 1.1, 1.1]
		}
	}
}