{
  "credit": "Made_with_Blockbench",
  "texture_size": [
    48,
    48
  ],
  "elements": [
    {
      "from": [
        7.25,
        15.25,
        -5.75
      ],
      "to": [
        8.75,
        16.75,
        9.25
      ],
      "rotation": {
        "angle": 0,
        "axis": "y",
        "origin": [
          15.25,
          23.25,
          -2.25
        ]
      },
      "faces": {
        "north": {
          "uv": [
            10,
            0,
            11,
            1
          ],
          "texture": "#0"
        },
        "east": {
          "uv": [
            10,
            0,
            0,
            1
          ],
          "texture": "#0"
        },
        "west": {
          "uv": [
            0,
            0,
            10,
            1
          ],
          "texture": "#0"
        },
        "up": {
          "uv": [
            0,
            1,
            10,
            2
          ],
          "rotation": 90,
          "texture": "#0"
        },
        "down": {
          "uv": [
            0,
            0.66667,
            10,
            1
          ],
          "rotation": 270,
          "texture": "#0"
        }
      }
    },
    {
      "from": [
        7,
        15.5,
        -5.25
      ],
      "to": [
        9,
        17,
        5.25
      ],
      "rotation": {
        "angle": 0,
        "axis": "y",
        "origin": [
          15.25,
          23.25,
          -2.25
        ]
      },
      "faces": {
        "east": {
          "uv": [
            7,
            5.33333,
            0,
            6.33333
          ],
          "texture": "#0"
        },
        "west": {
          "uv": [
            0,
            5.33333,
            7,
            6.33333
          ],
          "texture": "#0"
        },
        "up": {
          "uv": [
            0,
            4,
            7,
            5.33333
          ],
          "rotation": 90,
          "texture": "#0"
        }
      }
    },
    {
      "from": [
        9,
        15.5,
        -5.25
      ],
      "to": [
        7,
        17,
        5.25
      ],
      "rotation": {
        "angle": 0,
        "axis": "y",
        "origin": [
          15.25,
          23.25,
          -2.25
        ]
      },
      "faces": {
        "east": {
          "uv": [
            7,
            5.33333,
            0,
            6.33333
          ],
          "texture": "#0"
        },
        "west": {
          "uv": [
            0,
            5.33333,
            7,
            6.33333
          ],
          "texture": "#0"
        },
        "up": {
          "uv": [
            0,
            4,
            7,
            5.33333
          ],
          "rotation": 90,
          "texture": "#0"
        }
      }
    },
    {
      "from": [
        7.25,
        13.75,
        -3.25
      ],
      "to": [
        8.75,
        15.25,
        9.25
      ],
      "rotation": {
        "angle": 0,
        "axis": "y",
        "origin": [
          15.25,
          21.75,
          3.75
        ]
      },
      "faces": {
        "east": {
          "uv": [
            6.33333,
            2,
            0,
            3
          ],
          "texture": "#0"
        },
        "west": {
          "uv": [
            0,
            2,
            6.33333,
            3
          ],
          "texture": "#0"
        },
        "down": {
          "uv": [
            0,
            3,
            6.33333,
            4
          ],
          "rotation": 270,
          "texture": "#0"
        }
      }
    },
    {
      "from": [
        8,
        17,
        -5.25
      ],
      "to": [
        8,
        18.5,
        -3.25
      ],
      "rotation": {
        "angle": 0,
        "axis": "y",
        "origin": [
          16,
          24.75,
          3.75
        ]
      },
      "faces": {
        "north": {
          "uv": [
            0,
            0,
            0,
            1
          ],
          "texture": "#0"
        },
        "east": {
          "uv": [
            4.66667,
            10.33333,
            3.33333,
            11.33333
          ],
          "texture": "#0"
        },
        "south": {
          "uv": [
            0,
            0,
            0,
            1
          ],
          "texture": "#0"
        },
        "west": {
          "uv": [
            3.33333,
            10.33333,
            4.66667,
            11.33333
          ],
          "texture": "#0"
        },
        "up": {
          "uv": [
            0,
            0,
            0,
            2.5
          ],
          "texture": "#0"
        },
        "down": {
          "uv": [
            0,
            0,
            0,
            2.5
          ],
          "texture": "#0"
        }
      }
    },
    {
      "from": [
        6.75,
        13.75,
        9.25
      ],
      "to": [
        9.25,
        16.75,
        16.25
      ],
      "rotation": {
        "angle": 0,
        "axis": "y",
        "origin": [
          14.75,
          22.25,
          17.25
        ]
      },
      "faces": {
        "north": {
          "uv": [
            11.33333,
            0,
            11.66666,
            2
          ],
          "texture": "#0"
        },
        "east": {
          "uv": [
            16,
            0,
            11.33333,
            2
          ],
          "texture": "#0"
        },
        "south": {
          "uv": [
            9.66667,
            6,
            11.33333,
            8
          ],
          "texture": "#0"
        },
        "west": {
          "uv": [
            11.33333,
            9.33333,
            16,
            11.33333
          ],
          "texture": "#0"
        },
        "up": {
          "uv": [
            6.66667,
            8,
            11.33334,
            9.66666
          ],
          "rotation": 90,
          "texture": "#0"
        },
        "down": {
          "uv": [
            6.66667,
            9.66667,
            11.33334,
            11.33334
          ],
          "rotation": 270,
          "texture": "#0"
        }
      }
    },
    {
      "from": [
        6.75,
        11.5,
        20.75
      ],
      "to": [
        9.25,
        15.5,
        27.25
      ],
      "rotation": {
        "angle": 0,
        "axis": "y",
        "origin": [
          14.75,
          19.5,
          29.25
        ]
      },
      "faces": {
        "north": {
          "uv": [
            3,
            13.33333,
            3.33333,
            16
          ],
          "texture": "#0"
        },
        "east": {
          "uv": [
            7.33333,
            13.33333,
            3,
            16
          ],
          "texture": "#0"
        },
        "south": {
          "uv": [
            7,
            2,
            8.66666,
            4.66667
          ],
          "texture": "#0"
        },
        "west": {
          "uv": [
            3,
            13.33333,
            7.33333,
            16
          ],
          "texture": "#0"
        },
        "up": {
          "uv": [
            7.66667,
            13,
            3.33334,
            11.33334
          ],
          "rotation": 270,
          "texture": "#0"
        },
        "down": {
          "uv": [
            3,
            15.66667,
            7.33333,
            16
          ],
          "rotation": 270,
          "texture": "#0"
        }
      }
    },
    {
      "from": [
        8,
        12.25,
        12.75
      ],
      "to": [
        8,
        13.75,
        15.75
      ],
      "rotation": {
        "angle": 0,
        "axis": "y",
        "origin": [
          16,
          20.75,
          20.75
        ]
      },
      "faces": {
        "north": {
          "uv": [
            0,
            0,
            0,
            0.5
          ],
          "texture": "#0"
        },
        "east": {
          "uv": [
            5.33333,
            9.33333,
            3.33333,
            10.33333
          ],
          "texture": "#0"
        },
        "south": {
          "uv": [
            0,
            0,
            0,
            0.5
          ],
          "texture": "#0"
        },
        "west": {
          "uv": [
            3.33333,
            9.33333,
            5.33333,
            10.33333
          ],
          "texture": "#0"
        },
        "up": {
          "uv": [
            0,
            0,
            0,
            1.33333
          ],
          "texture": "#0"
        },
        "down": {
          "uv": [
            0,
            0,
            0,
            1.33333
          ],
          "texture": "#0"
        }
      }
    },
    {
      "from": [
        7,
        12,
        16.25
      ],
      "to": [
        9,
        14.5,
        20.75
      ],
      "rotation": {
        "angle": 22.5,
        "axis": "x",
        "origin": [
          7,
          15.5,
          20.75
        ]
      },
      "faces": {
        "east": {
          "uv": [
            11.33333,
            12,
            8.33333,
            13.66667
          ],
          "texture": "#0"
        },
        "west": {
          "uv": [
            8.33333,
            12,
            11.33333,
            13.66667
          ],
          "texture": "#0"
        },
        "up": {
          "uv": [
            8.33333,
            13.66667,
            11.33333,
            15
          ],
          "rotation": 90,
          "texture": "#0"
        },
        "down": {
          "uv": [
            8.33333,
            13.33334,
            11.33333,
            13.66667
          ],
          "rotation": 270,
          "texture": "#0"
        }
      }
    },
    {
      "from": [
        7,
        12,
        20.75
      ],
      "to": [
        9,
        15.5,
        27.75
      ],
      "rotation": {
        "angle": 22.5,
        "axis": "x",
        "origin": [
          7,
          15.5,
          20.75
        ]
      },
      "faces": {
        "north": {
          "uv": [
            11.33334,
            11.33334,
            11.66667,
            13.66667
          ],
          "texture": "#0"
        },
        "east": {
          "uv": [
            16,
            11.33334,
            11.33334,
            13.66667
          ],
          "texture": "#0"
        },
        "south": {
          "uv": [
            15.66667,
            11.33334,
            16,
            13.66667
          ],
          "texture": "#0"
        },
        "west": {
          "uv": [
            11.33334,
            11.33334,
            16,
            13.66667
          ],
          "texture": "#0"
        },
        "down": {
          "uv": [
            11.33333,
            13.66666,
            15.99999,
            15
          ],
          "rotation": 270,
          "texture": "#0"
        }
      }
    },
    {
      "from": [
        7.25,
        11.15,
        19.35
      ],
      "to": [
        8.75,
        15.65,
        21.85
      ],
      "rotation": {
        "angle": -45,
        "axis": "x",
        "origin": [
          7.25,
          11.5,
          20.75
        ]
      },
      "faces": {
        "north": {
          "uv": [
            0,
            14,
            3,
            14.33333
          ],
          "rotation": 90,
          "texture": "#0"
        },
        "east": {
          "uv": [
            3,
            12.66666,
            0,
            14.33333
          ],
          "rotation": 270,
          "texture": "#0"
        },
        "west": {
          "uv": [
            0,
            12.66666,
            3,
            14.33333
          ],
          "rotation": 90,
          "texture": "#0"
        },
        "down": {
          "uv": [
            2.66667,
            12.66666,
            3,
            14.33333
          ],
          "texture": "#0"
        }
      }
    },
    {
      "from": [
        6.75,
        12.75,
        -1.75
      ],
      "to": [
        9.25,
        15.25,
        5.25
      ],
      "rotation": {
        "angle": 0,
        "axis": "y",
        "origin": [
          14.75,
          20.75,
          6.25
        ]
      },
      "faces": {
        "north": {
          "uv": [
            0,
            9.33334,
            0.33333,
            11.00001
          ],
          "texture": "#0"
        },
        "east": {
          "uv": [
            3.33333,
            9.33334,
            0,
            11.00001
          ],
          "texture": "#0"
        },
        "south": {
          "uv": [
            3,
            9.33334,
            3.33333,
            11.00001
          ],
          "texture": "#0"
        },
        "west": {
          "uv": [
            0,
            9.33334,
            3.33333,
            11.00001
          ],
          "texture": "#0"
        },
        "up": {
          "uv": [
            0,
            9.33334,
            3.33333,
            9.66667
          ],
          "rotation": 90,
          "texture": "#0"
        },
        "down": {
          "uv": [
            0,
            11,
            3.33333,
            12.66666
          ],
          "rotation": 270,
          "texture": "#0"
        }
      }
    },
    {
      "from": [
        7.25,
        13.75,
        -3.25
      ],
      "to": [
        8.75,
        15.25,
        -3.25
      ],
      "rotation": {
        "angle": 0,
        "axis": "y",
        "origin": [
          -0.25,
          0.25,
          -0.25
        ]
      },
      "faces": {
        "north": {
          "uv": [
            3.33333,
            7.33333,
            4.33333,
            8.33333
          ],
          "texture": "#0"
        },
        "east": {
          "uv": [
            7.66667,
            4.33333,
            9,
            5.5
          ],
          "texture": "#0"
        },
        "south": {
          "uv": [
            9.66667,
            4.33333,
            10.16667,
            4.83333
          ],
          "texture": "#0"
        },
        "west": {
          "uv": [
            0,
            0,
            0,
            0.5
          ],
          "texture": "#0"
        },
        "up": {
          "uv": [
            0,
            0,
            0.5,
            0
          ],
          "texture": "#0"
        },
        "down": {
          "uv": [
            0,
            0,
            0.5,
            0
          ],
          "texture": "#0"
        }
      }
    }
  ],
  "display": {
    "thirdperson_righthand": {
      "rotation": [
        40,
        0,
        2.5
      ],
      "translation": [
        0,
        0,
        -6.75
      ],
      "scale": [
        0.8,
        0.8,
        0.8
      ]
    },
    "thirdperson_lefthand": {
      "rotation": [
        40,
        0,
        2.5
      ],
      "translation": [
        0,
        0,
        -6.75
      ],
      "scale": [
        0.8,
        0.8,
        0.8
      ]
    },
    "firstperson_righthand": {
      "rotation": [
        2.5,
        -0.5,
        2
      ],
      "translation": [
        0,
        -4.25,
        -6.5
      ]
    },
    "firstperson_lefthand": {
      "rotation": [
        2.5,
        -0.5,
        2
      ],
      "translation": [
        0,
        -4.25,
        -6.5
      ]
    },
    "ground": {
      "rotation": [
        0,
        0,
        90
      ],
      "translation": [
        5.75,
        -1,
        -2
      ],
      "scale": [
        0.8,
        0.8,
        0.8
      ]
    },
    "gui": {
      "rotation": [
        -30,
        130,
        4
      ],
      "translation": [
        -1.5,
        -2.75,
        0
      ],
      "scale": [
        0.57,
        0.57,
        0.57
      ]
    },
    "head": {
      "rotation": [
        95.5,
        -33,
        90
      ],
      "translation": [
        8.25,
        -12.75,
        6.5
      ]
    },
    "fixed": {
      "rotation": [
        0,
        90,
        0
      ],
      "translation": [
        -3.75,
        -6.75,
        -1.5
      ]
    }
  },
  "textures": {
    "0": "items/trench_winchester.png",
    "particle": "items/trench_winchester.png"
  }
}
